100,1
120,1
150,1
16,2
18,2
1990,2
20,1
2020,2
2021,3
2022,4
2024,1
2025,2
2026,1
2030,2
2040,1
2045,2
20er,1
21,3
23,1
24,1
30,1
360,1
40,1
60,1
65,1
88,1
a1,1
aat,1
ab,7
abbau,2
abbauen,4
abei,1
aben,3
abfrage,1
abgebauten,1
abgegeben,2
abgerufen,1
abgeschobene,1
abgesetzt,1
abgestimmten,2
abgleichen,1
abhilf,1
abhängigen,1
abhängigkeit,2
abhängigkeiten,2
ablehnen,1
abläufen,1
abruf,1
abrüstung,2
absatzes,1
absc,1
abschließend,1
abschluss,1
abschottung,2
abschreckung,1
abschreibung,1
abschreibungsmöglichkeiten,1
abschöpfen,1
absi,1
absich,1
absichern,3
absicherung,1
abstimmen,1
abstimmung,2
abwandern,1
abwehr,3
abwehrzentrum,1
abweichen,1
abweichung,1
abwertungen,1
abwägen,1
abzubauen,1
abzuschließen,1
abzuschrecken,1
abzusi,1
ache,1
achten,1
achtet,1
achtlos,1
ad,1
adjustment,1
adressen,2
afrika,2
afrikarats,1
aft,1
aftlicher,1
afür,1
ag,2
age,1
agement,1
agentur,1
aggressive,1
agieren,1
agierende,1
agierender,1
agrar,1
agrardaten,1
agrarpolitik,1
agrarprodukte,1
agri,2
agrof,1
ahmen,1
ahren,1
ai,1
akademische,1
akademischer,1
akte,1
akteure,1
aktionsplan,1
aktiv,3
aktive,3
aktiven,1
aktives,1
aktuell,2
aktuelle,2
akzente,1
akzeptable,1
akzeptables,1
akzeptanz,1
al,1
alarbeit,1
alb,1
alen,1
algorithmen,1
alisieren,1
alisierung,1
all,3
alleinige,1
alleinstehende,1
alleinstellungsmerkmal,1
allgemeine,1
allgemeinen,2
allgemeinverbindlichkeitserklärung,1
allseitigen,1
alltag,5
alltäglichen,1
alseuropäi,1
alsinter,1
alt,1
alte,1
alter,6
alternat,1
alternative,4
alternativen,1
altersarmut,1
altersgerechten,1
altersgrenzen,1
altersversorgung,1
altersvorsorge,4
altlastenbese,1
altsgefüge,1
amazon,1
ambitionierten,1
ambitionierteste,1
ambulanten,1
amerikanisches,1
ammoniak,1
amts,1
amtsund,1
analog,2
anbau,1
anbieten,1
anbieter,1
ancen,1
andererseits,1
andernfalls,1
anerkannter,1
anerkennen,1
anerkennung,2
anerkennungsquoten,1
anfallen,1
anfang,3
anforderungen,5
ange,1
angebot,3
angebote,5
angeboten,3
angegriffen,1
angelaufene,1
angelegenheiten,1
angelehnt,1
angeme,1
angemessene,1
angemessener,1
angepasst,1
angesichts,3
angesparte,1
angewiesen,1
angreif,1
angrif,1
angriff,1
angriffe,2
angriffen,1
angst,1
ankheiten,1
ankommen,3
anlageformen,1
anlagenfläche,1
anlegerschutz,1
anliegen,1
anmelden,1
anpacken,1
anpassen,5
anpassung,1
anrainerstaaten,1
anrechnung,1
anrecht,1
anreize,4
anreizen,1
anreizsystemen,1
ans,1
ansatz,6
anschlussfähigkeit,1
anschubfinanzierung,1
ansiedlung,2
ansp,1
anspruch,5
anspruchsvollen,1
ansprüche,1
anstreben,1
anstrengungen,3
ansätze,2
anteil,1
anteilen,1
anteilig,1
anteils,1
anter,1
antiinfektiva,1
antisemitismus,1
antiziganismus,1
antriebsformen,1
anträge,1
antwort,1
antworten,1
anwachsen,1
anwenden,1
anwendung,3
anwendungen,2
anwendungsmöglichkeiten,1
anwohner,1
anzahl,1
anzeige,1
anzubieten,1
anzurechnen,1
anzusiedeln,1
anzuwenden,1
app,2
apple,1
apps,2
aq,1
ar,2
arbeit,6
arbeite,1
arbeiten,8
arbeitgeber,1
arbeitneh,1
arbeitnehme,1
arbeitnehmer,2
arbeits,1
arbeitsbedingungen,1
arbeitsformen,1
arbeitsfähiges,1
arbeitsleben,2
arbeitslose,1
arbeitsmarkt,1
arbeitsmarktes,1
arbeitsplätze,7
arbeitsrech,1
arbeitsregelungen,1
arbeitsteilung,1
arbeitsuchende,1
arbeitsund,1
arbeitswelt,1
art,1
arten,1
arum,1
arzneimittelagentur,1
arzneimitteln,2
as,1
asien,1
ass,1
assgenauen,1
assistenzund,1
astruktur,1
asyl,2
asyla,1
asylanträgen,1
asylrechts,1
asylund,1
asylverfahren,1
asylverfahrensrichtlinie,1
atinnen,1
atsächlichen,1
attacken,1
attackiert,1
attraktiv,1
attraktive,3
attraktiven,3
attraktiver,1
atz,1
au,5
auc,2
audiovi,1
auen,2
aufbau,4
aufbauen,6
aufbaut,1
aufbruch,1
aufenthaltserlaubnisse,1
aufenthaltsund,1
auffindbar,1
aufgabe,3
aufgaben,2
aufgabengerechte,1
aufgeben,1
aufgeklärt,1
aufgelegt,1
aufgeschlossen,1
aufgestelltes,1
aufgestockt,1
aufgeze,1
aufgezeichnet,1
aufgezeigt,1
aufgrund,3
aufholen,1
aufklärung,1
auflegen,1
aufmerksa,1
aufmerksam,1
aufmerksamkeit,1
aufnahme,3
aufnehmen,1
aufs,1
aufseiten,1
aufstellen,2
aufstieg,4
aufstiegs,1
aufstiegsversprechen,2
aufsuchen,2
auftrag,1
auftragsspitzen,1
auftreten,2
aufträge,1
aufwachsen,1
aufwand,2
aufzeig,1
aufzubauen,1
aufzusetzen,1
aufzuzeigen,1
aum,1
ausbau,4
ausbauen,12
ausbeutet,1
ausbild,1
ausbilden,2
ausbildung,5
ausbildungsfähigkeit,1
ausbildungssystem,1
ausdruck,2
ausdrücklich,1
ausge,1
ausgebaut,1
ausgeben,1
ausgegeben,1
ausgeglichene,1
ausgehandelt,1
ausgehend,1
ausgelesen,1
ausgerichtet,1
ausgestalten,1
ausgestattete,1
ausgewertet,1
ausgewogene,1
ausgewählte,1
ausgewählten,1
ausgleich,2
ausgründungen,1
ausland,3
auslandseinsätzen,1
auslandsschulen,1
auslegung,1
ausleuchten,1
ausländischen,1
ausnahmen,1
ausre,1
ausreichen,1
ausreichend,1
ausreisepflichten,1
ausreisepflichtiger,1
ausric,1
ausrollen,1
ausrüstung,1
ausschreibungen,1
aussiedler,1
ausstat,1
ausstatten,2
ausstattung,3
ausstieg,2
ausstoß,1
austausch,1
austauschen,1
austritt,1
austrocknen,1
ausund,4
auswei,1
ausweisen,1
ausweiten,5
ausweiterung,1
ausweitung,1
auswirkungen,1
auszubauen,2
auszugleichen,1
auszuräumen,1
auszustat,1
auszusteigen,1
auszuweisen,2
automat,1
automatisch,1
automatisie,2
automatisierten,1
automobilhersteller,1
autoritäre,1
autos,1
auß,1
außen,1
außendeichbau,1
außengrenzen,2
außenpolitischen,1
außer,1
außerdem,2
außergewöhnlichen,1
aßstab,1
ba,1
bafög,3
bahn,1
bahnverkehrswegebau,1
balance,2
bale,1
ban,1
bandbreite,1
banden,2
bankenund,1
bankenunion,1
baren,1
barrierefreie,2
basierenden,1
basis,3
bau,3
bauantrag,1
bauen,3
bauland,1
baulandmobilisierungsgesetz,1
baumarten,1
baurechts,1
baustein,2
baustil,1
bauund,1
be,11
beachten,1
beantragen,1
beantragt,1
beantragung,1
bearbeitet,1
beaufsichtigung,1
bedarf,2
bedarfsfall,1
bedarfsgemeinschaften,1
bedarfsger,1
bedarfsgerechten,1
bedarfsgerechtes,1
bedarfshalte,1
bedenken,1
bedeuten,1
bedeutende,1
bedeutung,6
bedingen,1
bedingungen,5
bedroht,1
bedrohung,2
bedürfen,1
bedürfnissen,1
beeindruckende,1
befinden,1
befragungen,1
befreien,4
befristeten,1
befugnisse,1
befugnissen,1
befunde,1
befähigen,2
befördern,1
begegnen,1
begegnet,1
begegnungen,1
begeistern,1
beginnt,2
beglei,1
begleiten,1
begleitend,1
begrenzten,2
begrenzter,1
begründeten,1
begün,1
behalten,2
behandelt,1
behandlungen,1
beherrschbar,1
behinderte,1
behinderung,1
behutsam,1
behörde,1
behörden,2
behördenübergreifend,2
beiden,1
beider,1
beides,1
beihilfeund,1
beim,17
beispiel,9
beispielsweise,6
beitnehmerschutzes,1
beitr,2
beitrag,8
beitragen,2
bekennen,4
bekennt,1
bekommen,4
bekämp,1
bekämpfen,9
bekämpft,1
bekämpfung,4
belohnt,1
bemessungsgrundlage,3
ben,1
benachteiligte,1
benannten,1
beneluxstaaten,1
benutzen,1
benötigten,2
beps,1
bequemen,1
beratung,2
beratungsangeboten,2
beratungsleistungen,1
bere,3
berechtigten,1
bereic,1
bereich,7
bereiche,2
bereichen,7
bereicherung,1
bereit,2
bereits,12
bereitstellt,1
bereitzustellen,1
berichte,1
bernimmt,1
beruf,2
berufe,2
berufen,1
berufliche,2
beruflichen,4
beruflicher,1
berufsausbildung,1
berufserfahrung,1
berufsqualifizierenden,1
berufung,1
berücksichti,1
berücksichtigen,1
berücksichtigt,2
beschaffungsund,1
bescheinigung,1
beschle,1
beschleunigen,7
beschleunigt,3
beschleunigung,1
beschlossen,2
beschlossene,1
beschluss,1
beschriebenen,1
beschritten,1
beschränkende,1
beschäftige,1
beschäftigte,4
beschäftigten,4
beschäftigung,4
beseitigen,1
beson,2
besonder,1
besondere,2
besonderen,1
besonderer,1
besonders,12
besser,17
bessere,5
besseren,2
besserer,1
bestandteil,2
beste,4
bestehen,4
bestehende,5
bestehenden,3
bestelladressen,1
besten,5
besteu,1
besteuert,1
besteuerung,2
bestimmen,1
bestimmten,3
bestmögli,1
bestmöglich,1
bestmögliche,1
bestmöglichste,1
bestraft,1
bestrafung,1
besuchen,1
betei,1
beteiligen,1
beteiligte,1
beteiligung,2
beteiligungsplattformen,1
betr,1
betracht,1
betreuen,2
betreuung,1
betreuungsformen,1
betreuungsleistungen,1
betreuungsregelung,1
betreuungsund,1
betriebe,1
betrieblic,1
betrieblich,1
betriebliche,4
betrieblicher,1
betriebsrentenstärkungsgesetz,1
betriebsräte,2
betriebsvereinbarungen,1
betriebsübergaben,1
betroffenen,3
beträge,1
beurteilen,1
bevölkerung,1
bevölkerungsschutz,2
bewahren,2
bewegen,1
beweislastumkehr,1
beweissicher,1
bewerbung,1
bewirtschaftung,1
bewirtschaftungsformen,1
bewä,1
bewährt,3
bewährte,1
bewährten,2
bewährung,1
bewährungszeit,1
bewältigen,2
bezahlbar,2
bezahlte,1
bezahlter,1
bezieher,1
bieten,4
bieter,1
bil,1
bilateralen,1
bilden,2
bildet,1
bildschirm,1
bildung,14
bildungs,1
bildungschancen,1
bildungseinrichtungen,1
bildungsföderalismus,1
bildungskompetenzzentr,1
bildungsprämie,1
bildungsraums,1
bildungsund,1
binden,1
bindet,1
bindungsprämie,1
binne,1
binnengrenzen,1
binnenmarktmigration,1
binnenschifffahrt,1
binnenund,1
bio,1
biodiversität,1
biologische,3
biologischen,1
bioterrorismus,1
bioökonomie,1
bisher,4
bisherigen,2
bla,1
bleiben,9
bleibeperspektiven,1
bleiberechtsmöglichkeiten,1
bleibt,11
bli,1
blick,6
blinde,1
blockchain,2
bnisse,1
boden,2
bodycams,1
border,1
bote,1
botschaften,1
branche,2
branchen,1
branchenspezifischen,1
brandund,1
brauc,1
brauchen,26
braucht,7
breit,2
breitbandausbau,1
breite,1
breitenkultur,1
breiter,1
brennstoff,1
bringen,12
broadcasting,1
bruttonationaleinkommens,2
brückenklauseln,1
budget,1
bund,12
bundes,5
bundesamt,4
bundesamtes,1
bundesbehörden,1
bundesebene,1
bundeshaushalt,1
bundeskanzleramts,1
bundeskriminalamt,2
bundesland,1
bundesländern,4
bundesprogramm,4
bundesrat,1
bundesregie,1
bundesregierung,1
bundesstelle,1
bundestag,2
bundestages,1
bundesverwaltung,1
bundeswehr,7
bundeswehrplanungsgesetz,1
bundesweit,4
bundesweite,2
bundesweiten,2
bzw,1
börse,1
börsenplatz,1
bündel,1
bündeln,2
bündelung,1
bündnis,1
bündnisfähigke,1
bündnispartnern,1
bündnisses,1
bürge,3
bürger,9
bürgerbeteiligung,1
bürgergesellschaft,1
bürgeridentität,1
bürgerinnen,6
bürgerli,1
bürgerliche,1
bürgerschaftlichen,1
bürgerschaftliches,2
bürgerwissenschaftlerinnen,1
büro,1
bürokratie,4
bürokratieinten,1
bürokratieärmer,1
bürokratische,2
campus,1
carbon,2
ccu,1
ccus,1
cdu,1
cell,1
ceta,1
ch,4
champions,1
chance,3
chancen,4
chancengleichheit,2
chancenund,1
change,1
che,3
chemische,2
chen,3
cherheit,1
chern,2
chin,1
china,3
chinas,3
chkeiten,3
christliche,1
christlichen,1
christliches,1
cht,1
chtlichen,1
citizen,1
ck,1
clanfamilien,1
clanmitglieder,1
clans,4
clean,1
clickund,1
cluster,1
co,2
co2,7
co2bilanz,1
commerce,1
computer,1
contact,1
contracts,1
cookie,1
coro,1
corona,2
coronavirus,1
crowdworking,1
csu,1
curricula,1
cyber,2
cyberraum,5
cybersicherheit,1
dabei,26
dadu,1
dadurch,3
dafür,39
daher,20
dar,1
daran,1
darauf,9
daraus,2
dards,1
darf,5
darlehen,1
darlehens,1
darüber,8
dasei,1
daseinsvorsorge,1
dat,1
data,1
daten,6
dateninfr,1
datenoder,1
datenschutz,3
datensicherheit,1
datenträger,1
datenunion,1
dauerhaft,2
dauerhaften,1
dauern,1
dauerrecht,1
davon,4
ddr,1
de,13
deal,2
deals,1
definieren,1
definiert,1
definition,1
defizite,1
defizitverfahren,1
dekarbonisierung,2
demografischen,1
demokr,1
demokrat,1
demokraten,1
demokratie,5
demokratiefeindlichkeit,1
demokratien,2
demokratisch,2
demokratische,3
demokratischen,1
demokratisches,1
denen,6
denken,1
dennoch,1
denstraße,1
deren,7
derheiten,1
derjenigen,1
derprogramm,1
ders,1
deshal,1
deshalb,25
design,1
destabilisieren,1
desto,2
detail,1
deut,2
deutlich,8
deutliche,1
deutsc,3
deutsch,1
deutsche,8
deutschen,8
deutscher,1
deutschla,1
deutschland,51
deutschlands,5
deutschlandund,1
deutschlandweit,1
devise,1
dezentral,1
di,11
diabetes,1
diag,1
dialog,2
didaktischen,1
diejenigen,3
dienbruchfreie,1
dienst,7
dienste,1
dienstes,1
dienstleister,1
dienstleistern,1
dienstleistungen,2
dienstreisen,1
dient,1
dieseart,1
difference,1
differenzierten,1
dig,1
digit,1
digital,5
digitalbotschafter,1
digitalbotschafterinnen,1
digitale,16
digitalen,11
digitaler,3
digitales,1
digitalisier,1
digitalisieru,1
digitalisierung,4
digitalpolitischen,1
digitalund,1
digt,1
diktatur,1
dingungen,1
direkt,3
dische,1
discovereu,1
diskriminierungsfreie,1
diversen,1
dizinprodukte,1
dokumentat,1
dokumentieren,1
doping,1
dor,2
dordnung,1
dorf,2
drauflegen,1
drei,3
dreiklang,1
dringend,2
dritte,1
drittstaat,1
drittstaaten,2
drittstaatsangehörige,1
drogenschmuggler,1
drogenund,1
drohne,1
droht,1
druck,1
duale,2
dualisierten,1
duldet,1
dungsforschung,1
durchbr,1
durchgehende,1
durchgese,1
durchgesetzt,2
durchlässigkeit,1
durchset,1
durchsetzen,1
durchsetzung,1
durchsuchun,2
durchzusetzen,1
dy,1
dynamik,4
dynamische,1
dynamischen,1
dörfer,1
dörfern,2
dürf,1
dürfen,4
dürre,1
ebe,1
ebene,11
ebenen,3
ebenfalls,4
ebenso,7
echnischen,1
echnisches,1
echt,1
echte,5
echten,2
echtzeitinformationen,1
eckel,1
eckend,1
eduzieren,1
ees,1
effektiv,2
effizient,2
effiziente,1
effizienten,2
effizienter,3
effizienzgewinnung,1
effizienzsteigerung,1
efördern,1
eg,1
egal,2
egisch,1
egulär,1
ehegattensplitting,1
ehemalige,1
ehemaligen,1
ehen,1
eher,1
ehmen,1
ehmenssteuerreform,1
ehrenamt,2
ehrenamtlich,2
ehrenamtliche,1
ehrenamtlicher,1
ehrenamtliches,1
ehrgeiz,1
ehrgeizigen,1
ei,9
eichzeitig,1
eigene,3
eigenen,6
eigener,2
eigenheim,1
eigeninitiativen,1
eigeninteressen,1
eigens,1
eigenständigkeit,1
eiheit,1
eim,1
einander,1
einbezug,1
einbindung,1
einbrecher,1
einbrechern,1
einbringen,1
einbrüc,1
eindämmung,1
einerseits,1
einfach,5
einfache,1
einfachem,1
einfachen,1
einfacher,6
einführen,3
einführung,4
eingeführte,1
eingehalten,1
eingehen,1
eingeleitet,2
eingesetzt,5
eingestuft,1
eingliederungshilfen,1
eingliederungsman,1
eingreifen,2
eingriffe,2
einhaltung,1
einheitlich,1
einheitliche,2
einheitlichem,1
einheitlichen,3
einklang,1
einkommen,2
einkommensentwicklung,1
einkommensgefälle,1
einlöst,1
einmalzahlung,1
einmischt,1
einnimmt,1
einreguliert,1
einreisesperre,1
einric,1
einrichten,1
einrichtung,3
einrichtungen,2
eins,2
einsam,1
einsamkeit,3
einsatz,5
einsatzbereit,1
einsatzbereite,1
einsatzkräften,1
einsatzsituationen,1
einschließlich,1
einschränken,1
einschränkungen,1
einseitige,1
einsetzbare,1
einsetze,1
einsetzen,11
einsparen,1
einstu,1
einstufen,1
einstufun,1
einszu,1
einsätzen,2
eintritt,1
einund,1
einverständniserklärungen,1
einze,1
einzelfall,1
einzelhändler,1
einzelmaßnahmen,1
einzelne,2
einzelnen,1
einziehen,1
einzustehen,1
eit,1
eitlich,1
eiwei,1
ekommt,1
ekt,1
el,1
eld,1
elegt,1
eleistet,1
elektromobilität,1
elektronische,2
elektronischem,1
elektronischen,3
element,1
elementen,1
elle,1
ellen,1
eln,1
elt,1
eltern,2
elterngeld,2
elternzeit,1
em,3
emissionsfreie,1
emissionshand,1
emissionshandel,1
emissionsminderungen,1
empfehlungen,1
empfinden,1
empfänger,1
en,38
enalter,1
ende,1
ene,1
energie,2
energieeffizienz,3
energieprojekte,1
energiespeicher,2
energieträger,1
eng,4
engagement,2
engagements,1
engagierte,1
enge,3
engen,1
enger,6
engpässe,1
enn,1
enormen,1
enschutzrechts,1
ent,1
entbürokratisieren,1
entbürokratisierung,1
entfesselungspaket,2
entfesselungspakets,1
entfesselungsschub,1
entgegenstellen,1
entgegentreten,1
entlang,1
entlassen,1
entlastet,1
entliche,1
entscheid,1
entscheiden,2
entscheidend,1
entscheidende,3
entscheidenden,1
entscheidung,1
entscheidungen,2
entscheidungsfindung,1
entschieden,1
entschlossen,2
entschlossene,1
entschlossenes,1
entschädigung,1
entsendung,1
entsprechend,1
entsprechende,1
entsprechenden,1
entsprechender,1
entst,1
entstanden,1
entstehen,7
entsteht,3
entwic,1
entwick,1
entwickeln,12
entwickelt,3
entwickelten,1
entwicklun,1
entwicklung,12
entwicklungen,2
entwicklungsgeldern,1
entwicklungshilfe,1
entwicklungspolitik,1
entwicklungsund,2
entwicklungszusammenarbeit,2
entzogen,1
entümern,1
epidemischen,1
epochenwechsels,1
erbrennermotoren,1
erden,1
erderwärmung,1
ereit,1
erfahrene,1
erfahrung,1
erfasst,1
erfinderreichtum,1
erfolg,5
erfolgen,2
erfolgrei,1
erfolgreich,1
erfolgreiche,3
erfolgreichen,2
erfolgt,1
erforderlich,1
erforderlichen,2
erfüllen,3
erfüllt,2
erge,1
ergeben,1
ergebnis,1
ergewöhnlich,1
ergreif,1
ergreifen,1
ergä,1
ergänzend,2
ergänzende,1
ergänzung,1
erhalt,2
erhalten,6
erhin,1
erholungsfunktion,1
erhält,1
erhöhen,3
erhöhenund,1
erhöhung,1
erkannt,2
erkennbar,1
erkenntnisse,1
erknüpfung,1
erkrankt,1
erkrankte,1
erlangter,1
erleben,1
erledigen,2
erleichtern,4
erleichtert,1
erleichterungen,2
erleiden,1
ermessensspielräume,2
ermitteln,1
ermittlungen,3
ermittlungsbefugnisse,1
ermittlungsbehörden,1
ermittlungsverfahren,2
ermutigen,1
ermutigt,1
ermöglichen,6
ermöglicht,6
ernannt,1
erneuer,1
erneuerbare,1
erneut,3
ernsthafte,1
ernährung,4
ernährungsbildung,1
ernährungshilfen,1
ernährungsmitbedingten,1
erproben,2
erprobt,2
erreic,1
erreichbar,1
erreichen,7
erreicht,1
erreichte,1
erreichten,1
errichtung,1
erschweren,1
erset,1
ersetzen,1
erst,1
erstattung,1
erstattungen,1
erstehende,1
ersten,6
erstversorgung,1
ert,1
ertagesstätte,1
erteilt,1
erträg,1
erung,3
erwachsene,2
erwaltungen,1
erwartung,1
erwe,1
erweitern,1
erwerb,2
erwerben,1
erwerbstätigkeit,1
erzeugung,2
eröffnet,3
erörte,1
esa,1
eschäfte,1
esellschaft,1
esem,1
eshalb,1
essen,1
etablieren,4
etablierte,1
etappe,1
ethi,1
ethischen,1
etias,1
etwa,10
eu,20
eur,3
euro,8
europa,25
europapolitische,1
europas,6
europaweit,1
europaweite,1
europaweites,1
europe,1
europol,1
europä,2
europäisch,1
europäische,14
europäischem,1
europäischen,26
europäischer,8
eutlich,1
euund,1
euvorgaben,1
evaluieren,1
everfahren,1
evölkerungsschutz,1
existenzgründungsphase,1
existenzrecht,1
experimentierfeldern,2
experten,1
export,1
extremismus,2
extremismusund,1
extremisten,1
extremistischen,2
exzellente,1
exzellenten,1
exzellenz,1
exzellenzstrategie,1
facebook,1
facharbeiter,1
fachkräfte,5
fachkräfteeinwanderungsattachés,1
fachkräftemangel,1
fachlichenmaßstäbe,1
fachrichtung,1
fahrensituationen,1
fahrplan,1
fahrr,1
fair,1
faire,3
fairen,2
fairer,2
faktor,1
falle,1
falschangaben,1
familie,1
familien,7
familienange,1
familienerholung,1
familienland,1
familienle,1
familiennachzugs,1
familiär,1
familiäre,1
farming,1
fbi,1
fehlen,1
fehlentwickl,1
fehlt,1
feiertage,1
feiler,1
feinde,1
feindlichen,1
feld,1
fen,1
ferienfreizeiten,1
fernsehsendern,1
fertighäuser,1
fest,2
festen,1
festgelegter,1
festgestellt,1
festhalten,1
festigen,1
feststoffli,1
festzuschreiben,1
fett,1
feuchtflächen,1
feuerwehren,1
fgaben,1
filmproduktionen,1
finan,1
finanzen,1
finanziell,2
finanzielle,2
finanzieller,1
finanzieren,2
finanzierung,1
finanzierungsmodell,1
finanzierungsquellen,1
finanzmarktregulierung,1
finanzplatz,1
finanzpolit,1
finanzstandort,1
finanztransaktionsteuer,1
finanzund,1
finden,1
findet,1
firmen,1
fisch,1
fischerei,1
fit,1
flankierend,1
fle,1
flecke,1
flecken,1
flexibel,1
flexibilisierungselement,1
flexibilitätsspielräume,1
flexible,1
flexiblen,1
flexibler,1
fliegen,1
fliehen,1
fluggastrechte,1
flugtaxen,1
flugverspätung,1
flussläufen,1
fläche,1
flächen,2
flächend,1
flächendec,1
flächendeckend,1
flächendeckende,2
flächendeckenden,1
flüchtenden,1
flüchtlinge,1
flüchtlingsk,1
flüchtlingspolitik,1
flüge,1
flüsse,1
fokus,1
folgen,3
folgende,1
folgt,3
follow,1
foodtech,1
for,1
form,3
formalen,1
formate,1
formen,3
formular,1
formulieren,1
forschende,1
forscher,2
forscherinnen,1
forscheru,1
forschun,1
forschung,9
forschungserfolgen,1
forschungsinstitute,1
forschungsprogramm,1
forschungsund,1
forschungszentrum,1
forstwirtschaf,1
forstwirtschaft,1
fort,2
fortbestand,1
fortbildung,1
fortführen,1
fortgesetzt,1
fortlaufende,1
fortlaufenden,1
fortsetzen,1
fortsetzung,1
fortund,1
fortwährend,1
fr,1
frage,1
fragen,4
fragwürdige,1
frankfurt,1
frankreich,1
frauen,4
frauenhäusern,1
fraunhofer,1
frei,2
freie,2
freien,1
freier,2
freifließende,1
freiflächen,1
freih,1
freiheit,7
freiheitlich,2
freiheitlichdemokratischen,1
freiheitsstrafe,2
freiräume,2
freiräumen,1
freiwilligendienste,1
freiwilliges,1
frequenzen,1
freundsc,1
freundschafte,1
frieden,3
friedens,1
friedliches,1
frontex,1
früh,1
frühe,1
frühen,1
frühjahr,1
frühp,1
frühwarnsysteme,1
fuels,1
fundament,1
fung,2
funktion,1
funktionierende,1
funktionierenden,2
funktioniert,1
fußabdruc,1
fuße,1
fußfessel,2
fußgängerzonen,1
fußund,1
fußverkehr,2
fähigkeit,1
fähigkeiten,7
fälle,1
fällen,2
föderalen,1
föderales,1
föderalismus,3
föderalismusreform,1
för,1
förd,1
förder,2
förderbedarf,1
fördergeldern,1
fördermittel,1
fördern,29
förderprogrammen,1
fördersystem,1
fördert,1
förderung,5
fü,8
fügen,1
fühlen,2
führen,2
führende,1
führenden,3
führung,1
führungsfähigkeit,1
führungspositionen,1
ganz,9
ganze,1
ganzen,3
ganzheitlichen,1
gap,1
gara,1
garant,1
garantie,1
garantien,1
garantieren,1
garantierte,1
garantierten,2
gase,2
ge,8
geahndet,1
geben,8
geber,1
gebot,1
geboten,1
gebracht,2
gebrochen,1
geburtsurkunde,1
gebäude,1
geduldeten,1
geeig,1
geeignete,1
geeintes,1
gef,2
gefahr,2
gefahren,4
gefahrenabwehr,4
gefahrgeneigte,1
gefasst,1
gefestigten,1
gefähr,1
gefährden,2
gefährder,1
gefährderbewertung,1
gefährderlisten,1
gefährdern,1
gefährdet,2
gefährdete,1
gefährdungslagen,1
gefängnis,1
gefängnissen,1
gefördert,2
geführte,1
gegangen,1
gege,1
gegebe,1
gegeben,1
gegebenenfalls,1
gegebenheiten,1
gegenseitigkeit,1
gegensätze,1
gegenüb,1
gegenübe,1
gegenüber,2
gegliedertes,1
gegründet,1
geh,2
gehen,2
gehindert,1
geholfen,1
geht,3
gehören,2
gehört,7
geist,1
geknüpft,1
gel,1
gelangen,1
geld,5
geldautomaten,1
geldgebern,1
geldwäsche,4
gelebte,1
geleistet,1
gelingende,1
gelingt,2
gelten,4
geltung,1
gelungen,2
gelöst,1
gemacht,1
geme,2
gemei,4
gemein,1
gemeinden,1
gemeinnützigkeitsrecht,1
gemeinsa,1
gemeinsam,12
gemeinsame,15
gemeinsamen,4
gemeinsames,1
gemeinschaft,3
gemeinschaftlich,1
gemeinschaftliche,1
gemeinschaftlichen,1
gemäß,1
gen,5
genau,3
genauso,2
gene,1
genehmigt,1
genehmigungspraxis,1
genehmigungssystem,1
genehmigungsverfahren,1
generation,4
generationen,2
generationenvertrag,1
generelles,1
genfer,1
genießen,1
genommen,2
genossenschaftsbanken,1
genug,1
genutzt,4
genügend,1
geordnet,1
geostrategische,1
geplanten,1
geprüft,1
ger,3
gerade,13
gerecht,1
gerechte,1
geregelt,1
gerichte,2
gerichten,1
gerichtsbarkeit,1
gerichtsfest,1
gerichtsfesten,1
gerichtsverfahren,1
geringe,1
geringen,1
geringerer,1
geringes,1
geringqualifizierte,1
geringverdienern,1
gesamtdeutsches,1
gesamte,1
gesamten,2
gesamtgesellschaftliche,1
gesamtstaatliche,1
geschaffen,4
geschehen,1
geschicht,1
geschichte,1
geschieht,1
geschlossenheit,1
geschäftsbedingungen,1
geschützt,2
gesellschaft,10
gesellschaftliche,2
gesellschaftlichen,1
gesellschaftliches,1
gesen,1
gesetz,3
gesetzbuch,1
gesetze,2
gesetzes,1
gesetzgeber,1
gesetzgeberisch,1
gesetzgebungsverfahren,1
gesetzlich,2
gesetzlichen,3
gesetzt,1
gesichert,1
gesorgt,2
gestaffelt,1
gestal,1
gestalten,7
gestaltet,1
gestaltung,2
gestaltungen,1
gestaltungsspie,1
gesteigert,1
gestärkt,1
gestört,1
gesund,1
gesundes,1
gesundhei,1
gesundheit,3
gesundheits,1
gesundheitsbehörd,1
gesundheitsbehörden,2
gesundheitsdienst,1
gesundheitsdienstes,1
gesundheitsförderlic,1
gesundheitsgefahren,1
gesundheitskrisenagentur,1
gesundheitspolitik,1
gesundheitsschutz,2
gesundheitssicherheit,1
gesundheitsund,2
gesundheitsunion,1
gesundheitswesen,2
gesundheitswesens,1
gesunken,1
gesündere,1
getan,1
getz,1
gewahrsamseinrichtungen,1
gewalt,4
gewaltbereiten,1
gewaltverbrechen,1
gewerbliche,1
gewicht,2
gewinnen,5
gewinnkürzungen,1
gewinnverlagerungen,1
gewissheit,1
gewonnene,1
geword,1
geworden,1
gewähren,1
gewährleiste,1
gewährleisten,5
gewährleistet,2
gewässe,1
gewässerschutze,1
gewöhnlichen,1
gezeigt,3
gezielt,4
gezielte,3
gibt,6
gig,1
gilt,14
gl,2
glasgow,1
glaubwürdige,1
gle,1
gleich,1
gleichberechtigte,2
gleichberechtigter,1
gleichen,2
gleicher,1
gleichermaßen,3
gleiches,1
gleichgesinnte,1
gleichwertige,3
gleichwohl,1
gleichzeitig,12
gleiten,1
glo,1
global,4
globale,1
globalen,6
globaler,3
globalhaushalt,1
globalisierung,1
glück,1
google,1
grad,1
gravierend,1
green,3
grenzausgleich,1
grenze,1
grenzen,5
grenzpolizei,1
grenzschutzagentur,1
grenzüberschreitend,2
grenzüberschreitende,1
gro,1
große,8
großen,3
großer,2
großes,1
großschadensereignissen,1
großschadensfälle,1
großstädten,1
großstädtischer,1
großverdiener,1
grun,1
grund,2
grundangebot,1
grundbedürfnisse,1
grundbuches,1
grundfinanzierung,1
grundgesetz,1
grundgesetzes,2
grundgesetzlichen,1
grundlage,2
grundlagenforschung,1
grundlegend,1
grundlegenden,1
grundordnung,3
grundp,1
grundrechte,1
grundrechtskonforme,1
grundrente,1
grundsatz,3
grundsicherung,2
grundsicherungsleist,1
grundstandards,1
grundstein,1
grundstoff,1
grundsätze,1
grundsätzlich,5
grundsätzliche,1
grundund,1
grundverordnung,1
grundversorgung,1
grundvoraussetzungen,1
grundwasser,1
grundwerte,1
gruppen,1
größe,1
größen,1
größere,1
größte,2
gründen,1
gründer,1
gründergeist,3
gründerinnen,1
gründungen,1
gründungsschritte,1
grünen,4
gsergebnisse,1
gszusammenarbeit,1
gt,1
gut,6
gute,6
gutem,2
guten,2
guter,1
gutes,2
günstige,1
güterund,1
ha,1
hackathons,1
hackerangriffe,1
haf,1
haft,2
haftlerinnen,1
haftliche,3
haftsabkommens,1
halbleiter,1
halt,1
halten,4
haltmachen,1
hamsterrad,1
hand,5
handel,5
handeln,6
handelnden,1
handelns,2
handels,1
handelspolitik,2
handhabbar,1
handlungsfreiheit,1
handlungsfähig,1
handlungsfähige,1
handlungsfähiger,1
handlungsoptionen,1
handwerk,2
handwerker,2
hardund,1
hartz,3
hase,1
hass,1
hauptquartiers,1
haus,1
hause,2
haushalte,1
haushaltsmittel,1
haushaltspolitik,1
he,4
health,2
heben,1
heilbar,1
heilund,1
heimat,3
heimatländern,1
heimatmarktes,1
heimatvertriebenen,1
heimischen,1
heimtückische,1
heit,1
heißt,2
helfen,7
hemmn,1
hemmnisse,1
hen,11
hera,1
herangehen,1
heranwachsenden,1
heranzubilden,1
herausforderung,2
herausforderungen,10
herausgefordert,1
herausragende,2
herausragenden,1
herausstellt,1
herbeizuführen,1
herkunft,4
herkunftsstaat,3
herkunftsstaaten,1
herrschen,1
herstelle,1
herstellerübergreifend,1
herstellung,1
herstellungsverfahren,1
herunterladen,1
herzustellen,2
hetze,2
heute,8
heutigen,1
heutzutage,1
hidden,1
hienenverkehr,1
hierfür,5
hierzu,4
hierüber,1
hilf,1
hilfe,3
hilfeleistung,1
hilfen,1
hilfsmaßnahmen,1
hilfsmittel,1
hilfsprogramme,1
hilfswerk,1
hilft,1
hinaus,10
hindernissen,1
hinesischen,1
hinwirken,2
hinwirkt,1
hinzu,4
hland,2
hlandweit,1
hluss,1
hmen,1
hochgeschwindigkeitssc,1
hochklassiger,1
hochmobil,1
hochqualifizierte,1
hochschulen,5
hochsensible,1
hochspezial,1
hochtechnologie,1
hochwasserkatastrophen,1
hochwertiges,1
hoh,1
hohe,4
hoheitlichen,1
hohem,1
hohen,1
hoher,1
hohes,2
holen,1
holz,2
holzprodukte,1
honorieren,1
honoriert,1
hore,1
horizont,1
hospizoder,1
hr,1
hrt,1
ht,2
hten,1
htig,1
htiger,1
htiges,1
htungen,1
hunger,1
hutz,1
härter,1
härtere,1
häufig,1
häuslicher,1
höchstgrenzen,1
höhe,3
höhere,1
höheren,1
höriger,1
hürden,1
hützt,1
ialund,1
ichen,1
ichzeitig,1
id,1
ideen,3
identifikation,1
identifikationsangeboten,1
identitätsdiebstahlsregister,1
ideologische,1
idigungsund,1
ie,8
iebe,1
iejenigen,1
ielfalt,1
ierfür,1
iert,1
iesem,1
iger,1
igitale,1
igt,1
igungen,1
iheit,1
ii,2
ik,1
ikas,1
iker,1
illegale,2
immer,10
impfstoffe,1
impfstoffen,1
import,1
importsoja,1
impulse,2
inanzierung,1
indivi,1
individualität,1
individualverkehr,1
individuelle,2
indo,1
industr,1
industrie,1
industriebe,1
industrieland,1
industrielle,2
industriellen,1
industrienation,1
industriestandort,1
industriestrompreis,1
ine,2
inen,1
inf,2
influss,1
informationen,1
informationstechnik,2
informationsund,4
informieren,2
informiert,1
infrastruktu,2
infrastruktur,3
infrastrukturelle,1
infrastrukturinvestitionen,1
infrastrukturprojekten,1
infrastrukturvorhaben,1
ingen,1
ingerer,1
inhalte,2
inhaltliche,1
inische,1
initiat,1
initiative,3
inkasso,1
inklusion,1
inklusive,1
inland,2
inmitten,1
inn,2
innenstadt,1
innenund,1
innere,1
inneren,1
innerh,1
innerhalb,5
innern,1
innerörtliche,1
innovation,1
innovationen,4
innovationseinheiten,1
innovationsfreiheitsgesetz,1
innovationskraft,2
innovationsorientierung,1
innovationssystem,1
innovationsträ,1
innovative,3
innovativer,1
inrichtungen,1
insam,1
insame,1
insatz,1
insbeso,2
insbesondere,20
inschränken,1
insektenfarming,1
insektenschutz,1
insgesamt,5
instituti,1
institutio,1
institutione,1
institutionellen,1
institutionen,1
instrument,4
instrumente,4
intakte,1
intakten,1
inte,2
integrat,1
integration,2
integrationsgeschichten,1
integrationsvoraussetzungen,1
integriert,1
integrierte,1
integrität,1
intelligenz,3
intensiv,1
intensive,1
intensiver,1
intensivere,2
intensivieren,2
intensivund,1
interdisziplinären,1
interesse,3
interessen,2
interkommunale,1
internat,1
internati,1
international,6
internationale,4
internationalen,7
internationaler,3
interoperabilität,1
interrailticket,1
inund,1
investiert,1
investitione,1
investitionen,9
investitionsabkommen,1
investoren,2
inwieweit,1
ion,2
ionale,1
ionspflichten,1
ip,2
ir,2
irlan,1
is,1
isch,1
ischen,4
ischer,1
ischnaturwissenschaftlichen,1
iseregisters,1
isierten,1
isierter,1
islamfeindlichkeit,1
islamismus,1
ispiel,1
israel,2
israels,1
issbrauch,1
isse,1
issenschaftseinrichtungen,1
istig,1
istungen,1
it,15
italen,1
iten,1
itern,1
itigung,1
itstellen,1
ität,1
iv,3
ive,2
ja,1
jahr,5
jahre,3
jahrelange,1
jahren,8
jahrgangsstufen,1
jahrhundert,1
jahrhunderts,1
jahrzehnt,2
jahrzehnten,1
je,5
jedermann,1
jederzeit,1
jedoc,1
jedoch,2
jewei,1
jeweiligen,1
job,1
jobwechsel,1
joint,1
journalistisch,1
jugendalte,1
jugendarbeit,1
jugendaustausch,2
jugendaustauschpr,1
jugendhilfe,1
jugendliche,1
jugendlichen,1
jugendschutzes,1
jugendwerk,1
jugendämter,1
jung,1
junge,5
jungemenschen,1
jungen,2
juristisch,1
justiziellen,1
justizreform,1
jährigen,1
jährli,1
jüngere,1
kampf,7
kanada,2
kapital,1
kapitalausstattung,1
kapitalgedeckten,1
kapitalmarktunion,1
kapitel,1
karfreitagsabkommen,1
karibik,1
karriere,2
karrieremöglichkeiten,1
karriereund,1
katastrophen,1
katastrophenfällen,2
katastrophenschu,1
katastrophenund,1
kaufen,1
kaum,1
ke,1
keiten,1
keitsrechten,1
ken,2
kenden,1
kenntnis,1
kenntnisse,2
kennzeichnu,1
kernaufgabe,1
kerngeschäft,1
kernstück,1
kfw,1
ki,5
kiez,1
kind,4
kinder,13
kinderarbeit,1
kinderbetreuung,1
kindergeld,2
kindern,3
kinderzuschlag,1
kindesalter,1
kindesm,1
kindesmissbrauch,1
kindeswohl,1
kita,1
kitaund,1
kl,2
klar,6
klare,5
klaren,4
klarer,3
klarheit,1
klei,1
klein,2
kleine,5
kleinen,1
kleinere,1
kleinsatelliteninitiative,1
kleinstadt,1
kleinstparteien,1
klimaaußenpolitisch,1
klimafreundlich,1
klimafreundliches,1
klimakonferenz,1
klimaneutral,1
klimaneutrale,2
klimaneutralen,1
klimaneutrales,1
klimarelevanter,1
klimarisiken,1
klimasc,1
klimaschutz,4
klimaschutzleistungen,1
klimaschutzmaßnahmen,1
klimaschutzprojekte,1
klimaschützer,1
klimastabiler,1
klimatechnologien,1
klimawandel,4
klimaziele,1
klinischer,1
kluge,3
klugen,1
klungen,1
klärung,1
ko,2
kohlenstoffkreisläufe,1
kohlenstoffsenken,1
kohlenstoffspeicherun,1
kollaborationsfähigkeit,1
kolonialismus,1
kombinieren,1
kombinierten,1
kommen,8
kommenden,1
kommerzi,1
kommission,1
kommt,6
kommunalen,2
kommunalfreundliche,1
kommunalpolit,1
kommune,1
kommunen,8
kommunikation,1
kommunikationsplattform,1
kommunikationsroutinen,1
kommunizieren,1
kompass,1
kompensationsmaßnahmen,1
kompensationsvorschriften,1
kompetenzen,1
komplexe,1
komplexen,3
kompliziert,1
konditionalität,1
konferenz,1
konflikte,1
konformen,1
konjun,1
konjunkturellen,1
konjunktureller,1
konjunkturprogramm,1
konkret,2
konkrete,1
konkreten,1
konnten,1
konsens,1
konsequent,5
konsequenten,1
konsequenter,1
konstruktiv,1
konsumund,1
konsumwelt,1
kont,1
kontakt,1
kontinent,2
kontinuierlich,1
kontrolle,3
kontrolliert,1
kontrollinstanzen,1
konventionelle,1
konze,1
konzentrieren,1
konzentriert,1
konzentrierten,1
konzept,3
konzerne,1
kooperation,2
kooperationen,2
kooperationsformen,1
kooperationsund,1
kooperieren,1
koordination,1
koordinieren,1
koordinierung,4
koordinierungsst,1
korruption,1
kosten,2
kostenlos,1
kostenlose,1
kostenpflichtigen,1
kr,1
kraft,1
kraftstoffe,2
kraftstoffen,1
kraftvolle,1
krankenhaus,1
krankenhausf,1
krankenhausplanung,1
krankenhäuser,1
krankenkassen,1
kreatives,1
kreativität,1
kreativwirtschaft,1
krebs,1
kreditzugang,1
kri,1
kriegsfolgeschicksal,1
kriminalität,1
kriminalstatistik,1
krimine,1
kriminelle,4
kriminellen,3
krimineller,1
krise,2
krisen,2
krisenlagen,1
krisenrelevanten,1
krisenszenarien,1
kritische,1
kritisches,1
kräfte,1
kt,1
ktfinanzierung,1
ktiven,1
kturelle,1
kultur,4
kultureinrichtungen,1
kulturevents,1
kulturgutentzieh,1
kulturpoli,1
kulturund,1
kundenkonto,1
kunst,1
kunstraub,1
kunststoffalternativen,1
kunststoffbereich,1
kurzfristigen,1
kurzzeitund,1
kön,2
königreich,1
könn,1
köpfe,3
körperschaftsteuer,1
kündigen,1
künftig,10
künftigen,1
künstliche,2
künstlicher,1
küstenund,1
küstenwache,1
lademögli,1
ladesäulennetz,1
lage,2
lagebildabh,1
lageinformationen,1
lagen,2
lagerhaltung,1
land,19
landbaus,1
landes,5
landmaschinen,1
landschaft,1
landtourismus,1
landund,1
landwirte,4
landwirten,1
landwirtinne,1
landwirtschaft,9
landwirtschaftliche,1
lange,3
langer,1
langes,1
langfr,1
langfristig,2
langfristige,1
langfristiges,1
langwierigen,1
laptop,1
lasse,1
lassen,8
lateinamer,1
lateinamerika,1
laufbahn,1
laufen,1
laufend,1
laufender,1
launcher,1
lbstverständlich,1
lden,1
le,3
leben,6
lebendige,1
lebendigen,2
lebensbegleitende,1
lebensbegleitenden,1
lebensbejahende,1
lebensbereichen,1
lebenserwartung,1
lebensgrundlagen,2
lebensjahr,1
lebenslanges,1
lebensleistung,1
lebensmittel,1
lebensmittelerzeugung,1
lebensmitteln,2
lebensräumen,1
lebensverhältnisse,2
lebenswert,1
lebt,2
ledigt,1
legen,1
legislaturperiode,1
lehnen,2
lehre,1
lehrerbildende,1
lehrerbildung,1
lehrerfor,1
leibt,1
leichter,4
leiden,1
leis,1
leisten,7
leistet,2
leistung,1
leistungen,4
leistungsbe,1
leistungsberechtigten,1
leistungsfähig,2
leistungsfähige,1
leistungsfähigen,2
leistungsfähiges,1
leistungsgarantie,1
leistungsgerechte,1
leistungskatalog,1
leistungskomponenten,1
leistungsrecht,1
leitbild,1
leiten,1
leitet,1
leitprojekt,1
leitungsfu,1
len,1
ler,1
lernen,3
lernmotivation,1
lernplattformen,1
lernschwächeren,1
letzten,3
leuch,1
lgemeinbildenden,1
lhandel,1
lich,1
liche,1
liebgewonnenes,1
liefer,1
lieferkette,1
lieferkettengesetzgebung,1
liegende,1
liegenden,1
liegt,1
ligen,2
limitierten,1
links,1
lizensierung,1
lizenzen,1
lkwund,1
ll,1
llen,1
llerinnen,1
lligungen,1
ln,1
lng,1
lohnt,2
lohnzusatzkosten,1
lokale,1
lotsen,1
lphabetisierungskurs,1
lräume,1
ltungsleistungen,1
luftfahrt,1
luftund,1
luftverkehrsstandort,1
luftverkehrssteuer,1
luftverkehrswirtschaft,1
luftverteidigung,1
lunge,1
länder,7
länderinitiative,1
ländern,16
länderübergreifenden,1
ländliche,1
ländlichen,4
längerfristiges,1
längst,1
lärmgrenzwerte,1
lärmschutz,1
lässt,2
läuft,1
löhne,1
lösen,1
lösun,1
lösung,3
lösungen,12
macht,4
machtgefüge,1
machtwillen,1
made,1
management,1
mandat,1
mangelnder,1
manipulation,1
manipulativen,1
markt,1
marktes,1
marktort,1
marktplätze,1
marktreife,1
marktverantwortung,1
marktwirtschaft,3
marschflugkörper,1
marshallplan,1
massiv,1
massiven,1
masten,1
maximal,1
maximale,1
maß,1
maßnahmen,9
maßstab,1
maßstäbe,1
me,4
mechanism,1
medienangebote,1
medienplattformen,1
medienpolitik,1
medienrecht,1
mediensystems,1
medienund,2
medikamente,1
medikamenten,1
medizinische,5
medizinischer,1
medizinprodukte,1
medizinprodukten,1
meeres,1
meh,1
mehr,54
mehrfach,1
mehrgefahrenversicherungen,1
mehrheitsentscheidungen,1
mehrwert,1
meinden,1
meinungsfre,1
meinungsfreiheit,1
meinungsäußerungsfreiheit,1
meisten,1
meistern,2
melden,1
meldeund,1
men,3
mensc,3
mensch,3
mensche,2
menschen,41
menschenbild,2
menschenha,1
menschenhändler,1
menschennach,1
menschenrecht,1
menschenrechte,1
merrechten,1
messbar,1
methanol,1
mi,4
mietend,1
mieterstrom,1
mietkaufmodelle,1
migratio,1
migration,3
mikroplastik,1
mildern,1
militärische,3
militärischen,2
milliarde,1
milliarden,1
millionen,4
minalität,1
minde,1
minderheiten,1
minderheitsgesellschafterin,1
minderung,1
mindestens,2
mindestkriterien,1
mindeststrafe,1
ministerien,1
mint,1
mischwälder,1
missachtet,1
missbrauch,1
missionen,1
mitarbeiter,3
mitarbeiterbindung,1
mitarbeiterkapitalbeteiligung,1
mitarbeitern,1
miteinander,5
miteinanders,2
mitgliedsstaaten,1
mitgliedstaat,1
mitgliedstaaten,4
mitgliedstaatliche,1
mithilfe,3
mitmenschen,1
mitnahme,1
mitte,2
mittel,6
mittelmeerraum,1
mitteln,1
mittelpunkt,1
mittels,1
mittelstreckenraketen,1
mittelstän,1
mittelständische,1
mittlere,4
mix,1
mkeit,1
mobilen,1
mobilisieren,1
mobilität,4
mobilitätsservices,1
mobilitätsstationen,1
mobiltelefone,1
modalen,1
mode,1
modellh,1
modern,2
moderne,2
modernen,1
moderner,1
modernes,2
modernisie,1
modernisieren,10
modernisierung,2
modernisierungsjahrzehnt,4
modernisierungsjahrzehnts,1
modernsten,1
modularen,1
mokratischen,1
monate,3
money,1
monitoring,1
moorverträglicher,1
morgen,6
moscheen,1
motivierte,1
motorisiertem,2
mpfung,1
mu,1
multi,1
multifunktionalen,1
multilateralen,1
multilateraler,1
multiplikator,1
mussten,2
musterverträge,1
mut,1
mutter,1
männer,1
männern,2
märkte,1
märkten,1
mögli,2
möglic,1
möglich,17
mögliche,1
möglichen,2
möglicherweise,1
mögliches,1
möglichkeit,4
möglichkeiten,8
möglichst,7
möglicht,1
mü,1
mühe,1
müssen,51
na,1
nabwehr,1
nachbarn,2
nachbarschaft,1
nachbarschaftshilfen,1
nachbarschaftspolitik,1
nachdruck,1
nachfolger,1
nachfrage,1
nachgeord,1
nachhaltig,5
nachhaltige,8
nachhaltigen,3
nachhaltiger,2
nachhaltiges,1
nachhaltigkeit,5
nachhaltigkeitsberichte,1
nachhaltigkeitssiegel,1
nachkommen,1
nachlegen,1
nachrichten,1
nachrichtenkompetenz,1
nachrichtensendung,1
nachteile,1
nachtzeiten,1
nachvollziehen,1
nachwuchsförderung,1
nadelstiche,1
nahezu,1
nahrungsmittel,1
naler,1
namik,1
nasd,1
nat,1
national,1
nationale,6
nationalen,2
nationaler,3
nationalismus,1
nationen,1
nativen,1
nato,1
natu,2
natur,1
naturschutz,1
naturschutzrechtli,1
naturschutzund,1
naturwissenschaftlich,1
natürlichen,3
nd,11
ndel,1
ndere,2
ndertenvertretungen,1
ne,7
nebe,1
neben,5
negative,1
nehmen,7
nehmigt,1
nehmigungsverfahren,1
nen,4
neral,1
nete,2
netz,3
netzausbau,1
netzinfrastruktur,1
neu,6
neue,29
neuen,18
neuer,3
neues,2
neustart,3
neutrale,1
neutraler,1
nexxt,1
ng,2
ngebote,1
ngen,1
ngenen,1
nger,2
ngsebene,1
ngsstelle,1
ni,1
nic,1
nichtsexualisierter,1
nie,1
nied,1
niederschwellige,1
niedrigschwelligen,1
niemand,1
nimmt,1
nisation,1
niveau,3
nkensystem,1
nktionen,1
nmalig,1
nmarkt,1
nnzeichens,1
nordirland,1
normalit,1
noseverfahren,1
not,4
notfallkapazitäten,1
notfallversorgung,1
notlagenreserve,1
notleidenden,1
notund,1
notwendig,2
notwendigen,2
nreize,1
ns,3
nsame,3
nsamen,1
nschen,1
nschenhandel,1
nseren,1
nseres,1
nsivieren,1
nso,1
nspruch,1
nstitutionellen,1
nstufung,1
nsvorsorge,1
nt,1
nteresse,1
ntieren,1
ntrollund,1
ntscheiden,1
ntur,1
nu,1
nukleare,1
nuklearen,1
null,2
nummer,1
nung,1
nut,2
nutzbar,1
nutzbare,1
nutze,1
nutzen,17
nutzt,1
nutzun,1
nutzund,1
nutzung,4
nvestieren,1
nzenden,1
nzepten,1
nziel,1
nächste,1
nächsten,3
nötig,6
nützen,1
obalen,1
obgleich,1
obwohl,1
od,1
ode,1
oecd,2
of,1
offe,1
offene,1
offenen,2
offener,1
offensive,1
offs,1
oft,2
oftmals,1
ogramm,1
oil,1
olympische,1
onal,1
onate,1
one,2
onen,1
online,8
onlineangeboten,1
onvention,1
opa,1
open,1
opfer,4
opferanwälte,1
opfererstversorgung,1
opferhilfe,1
opfern,2
opferschutz,4
opferzeuginnen,1
opt,1
optimieren,2
opäischen,2
or,1
ordnen,1
ordnung,3
organisieren,1
organisierte,1
organisierten,1
orient,1
ormationstechnik,1
ormiert,1
orstsystemen,1
ort,7
ortsungebundener,1
ostdeutschland,1
osteuropäischen,1
out,1
ovationen,2
packen,1
pakt,1
paktes,1
pakts,1
palliativversorgung,1
paludikulturen,1
pandemie,8
pandemiebekä,1
pandemien,2
pandemievertrag,1
pandemische,1
parallelgesellschaften,1
paralleljustiz,1
parameter,1
parlament,1
parlamentarisches,1
parlaments,1
parolen,1
partner,2
partnermonat,1
partnern,8
partnerschaft,3
partnerschaften,1
passende,1
passgenaue,1
passgenauen,1
patenschaftsprogramm,1
patent,1
patenten,1
patentschutz,1
patienten,2
patientensicherheit,1
pazifischen,1
pendlerströme,1
perfekt,1
permanenten,1
person,1
personal,1
personalaufbau,1
personalkapazi,1
personen,1
personenbeförderung,1
personenverkehr,1
perspektive,1
perspektivlosigkeit,1
persönlich,1
persönliche,2
persönlichen,4
persönlichkeiten,1
pesco,1
pfad,1
pflege,2
pflegebedürftigen,1
pflegebedürftiger,1
pflegekräfte,1
pflegeort,1
pflegequalität,2
pflegerische,2
pflegerisiko,1
pflegerisikos,1
pflegeversicherung,2
pflegewirtschaft,1
pflegezusatzversicherungen,1
pflichten,1
phase,1
photovoltaik,1
photovoltaikanla,1
pilotprojekt,1
pilotprojekts,1
pkw,1
planbarkeit,1
planungsbeginn,1
planungssicherheit,1
planungsund,2
planungsverfahren,1
plattform,1
plattformanmeldungen,1
plattformen,1
plattformfür,1
platz,3
plur,1
point,1
politik,6
politikbereichen,1
politisch,1
politische,2
politischen,2
politischer,1
polizei,3
polizeilich,1
polizeiliche,1
polizeilichen,1
polizeipräsenz,1
polizeist,1
polizeiund,1
polizisten,1
poolingange,1
population,1
populisten,1
positionen,2
positiv,1
positiven,1
potential,1
potenzial,1
potenziale,3
pragmatisch,1
pragmatischer,1
pragmatismus,1
praktikabilität,1
praktisch,2
praxis,1
praxistaugliche,1
praxistest,1
preis,2
preislich,1
presse,1
primärmaterialien,1
prinzip,7
prinzipien,1
prinzips,1
privat,1
privatbanken,1
private,1
privaten,1
privater,1
privathaushalte,1
privatwirtschaft,2
pro,1
problem,1
probleme,1
problemlos,1
problemlösungsorientiertes,1
produkt,2
produktanwendung,1
produkte,3
produkten,3
produktion,2
produktionsentscheidungen,1
produziert,2
professionalisieren,1
profitieren,4
programm,5
programme,2
programms,1
proje,1
projekte,2
projekten,1
promotion,1
prostituierte,2
prostitution,1
prostitutionsgewerbes,1
prototypen,1
provenienzforschung,1
provider,1
proze,1
prozent,8
prozess,1
prozessbegleitung,2
prozesse,5
prozessemissionen,1
prävention,1
präventionsarbeit,1
präventionsprogramme,1
präventiv,2
präventivmaßnahmen,1
präziser,1
prüfen,4
prüfung,1
prüfungen,1
psychologische,1
psychosoziale,2
qualifikationen,1
qualifikationsanforderunge,1
qualifizierte,3
qualifizierung,1
qualifizierungsangeboten,1
qualifizierungsund,1
qualitativ,2
qualität,1
qualitätsvoll,1
quantentechnologie,1
quantentechnologien,1
quellen,1
quereinstei,1
querschnittlicher,1
ra,1
radikalisieren,1
radund,1
radverkehr,1
radverkehrsfreundlichen,1
rahmen,19
rahmenbedingungen,6
raketen,1
raler,1
rasant,1
rasch,2
rasche,1
raschen,2
rassismus,1
rassistisch,1
ratifizierung,1
rationengerechtigkeit,1
ratungsaufträgen,1
raum,6
raumfahrtfonds,1
rausforderung,1
razzien,1
rbieten,1
rbildung,1
rbsfähig,1
rch,2
rchzusetzen,1
rd,1
rden,2
rdrängen,1
re,3
reagieren,3
reaktion,1
realisier,1
realisieren,1
realistischer,1
realitäten,1
rech,1
rechenkapazitäten,1
rechenschaftsund,1
rechnerun,1
recht,7
rechte,1
rechtigten,1
rechtlich,3
rechtliche,2
rechtlichen,3
rechtlicher,1
rechts,1
rechtsanspruch,1
rechtsextremismus,1
rechtsgrundlagen,1
rechtsgütern,1
rechtsichere,1
rechtsord,1
rechtsrahmen,2
rechtssicher,1
rechtsstaat,2
rechtsstaatliche,1
rechtsverbindlich,1
rechtsverkehr,2
recycling,1
recyclingmaterial,1
recyclingprozessen,1
redaktionelle,1
reduktion,1
reduzieren,3
reduziert,5
reduzierung,1
referenzflüsse,1
referenzjahr,1
reform,1
reformen,1
reformieren,1
reg,1
regel,3
regelbasierter,1
regelmäßig,2
regelmäßige,1
regelmäßigen,1
regeln,9
regelung,1
regelungen,4
regelversorgung,1
regenwaldes,1
regenwälder,1
regierungshandeln,1
regio,1
region,1
regiona,1
regionale,1
regionalen,1
regionalfenster,1
regionen,8
reiche,1
reifen,1
rein,1
reise,1
reisefr,1
reisevertragsrecht,1
reitstellung,1
reitung,1
rekordinvestitione,1
relev,1
relevante,2
relevanten,1
religion,1
religionsfreiheit,2
religiöser,1
rem,1
ren,2
renaturierten,1
rent,1
rente,2
renten,1
renteneintritt,1
rentenversicherung,2
rentner,1
rentnerinnen,1
repräsentanten,1
research,1
reserve,3
resilienz,1
respektieren,1
ressen,1
ressourcen,3
ressourceneffizienz,1
ressourcenschonenden,1
restriktionen,1
rettungsdienste,1
rezyklate,1
rezyklaten,1
rgiekooperationen,1
rhalten,1
rheitsund,1
rheitsvorsorge,1
rhindern,1
richter,1
richterlicher,1
richtiger,1
richtlinien,1
richtung,3
rig,1
rigen,1
ring,1
rinnen,1
rische,1
risi,1
risiken,2
risikoabsicherung,1
risikomanagement,1
rkehrsträger,1
rn,3
rnahe,1
rnahen,1
rnative,1
rne,1
rnen,1
rneut,1
rohstoffen,2
rohstoffwettbewerb,1
rokratisch,1
rokratische,1
rolle,5
roller,1
rstattung,1
rt,3
rten,1
rträge,1
ru,1
ruf,1
ruflich,1
ruhestandsgrenzen,1
rund,1
rundfunk,1
rung,1
rungsjahrzehnts,1
russland,1
räumen,2
rüche,1
rücken,1
rückgrat,4
rücksicht,2
rückstände,1
rückzahlung,1
rüne,1
rüstungsagentur,1
rüstungskontrolle,1
rüstungsprojekte,1
sachen,1
sachzuwendung,1
saf,1
sagen,1
salz,1
sam,1
sammelabschiebu,1
sammenarbeiten,1
sanieren,1
sbildungsstätte,1
sc,1
schadensfalls,1
schadenslagen,1
schaffen,28
schafft,2
schaffung,1
schaltstelle,1
sche,1
scheidungszentren,1
scheiter,1
scheiterte,1
schen,3
schengen,1
schienengüterverkehr,1
schienensystem,1
schifffahrt,2
schlagkräftig,1
schlands,1
schleierfahndung,1
schließen,2
schließlich,1
schließung,1
schlossenen,1
schlüssel,3
schlüsselrolle,2
schlüsseltechnologien,1
schmerzensgeldansprüche,1
schmieden,1
schneeoder,1
schnell,16
schneller,5
schnellere,4
schnelleren,1
schnellstmögli,1
schnittstellen,2
schon,5
schonungslos,1
schonvermögen,1
schriftwechsel,1
schritt,6
schritte,2
schrittweisen,1
schrittweises,1
schu,1
schulbehörden,1
schulden,2
schuldenquote,1
schuldig,1
schule,3
schulen,4
schulessen,1
schutz,8
schutzausrüstung,1
schutzbedürftig,1
schutzniveau,1
schutzstatus,1
schutzsuchenden,1
schutzversprechen,1
schwangeren,1
schwankungen,3
schwarzarbeit,1
schwellenländer,1
schwellenländern,1
schwerbehi,1
schweren,1
schwerer,1
schweres,1
schwerkriminelle,1
schwerpunkt,1
schwie,1
schwierigen,3
schwung,1
schwächeren,1
schädliche,1
schärfe,1
schärfere,1
schärfster,1
schöpfung,1
schüler,2
schülerinnen,1
schützen,9
schützt,1
science,1
se,1
sechs,1
securityby,1
sed,1
see,1
seh,1
sehen,2
sei,3
seidenstraße,1
seite,1
seiten,1
seitens,1
selb,1
selbstbestimmt,1
selbstbestimmten,1
selbstbestimmtheit,1
selbstständig,1
selbstständige,2
selbstverständlich,2
selbstverständlichkeit,1
senio,1
senken,1
senschaft,1
seren,1
serviceleistungen,1
setze,1
setzen,32
setzt,2
sexualisierter,2
sexualstraf,1
sexualstraftätern,1
sexuellen,1
sfeldern,1
sgb,2
sha,1
si,2
siche,2
sicher,4
sicheren,2
sicherer,2
sicherhei,1
sicherheit,20
sicherheitsarchitektur,2
sicherheitsbedenken,1
sicherheitsbehörden,3
sicherheitsinteressen,1
sicherheitske,1
sicherheitskräften,1
sichern,4
sicherstellen,6
sicherstellt,1
sicherstellung,1
sichert,2
sicherung,1
sicherungssysteme,1
sicherzustellen,2
sichtbar,2
sichtbarer,1
siedeln,1
siegel,1
single,1
sinne,5
sinnvoll,1
sinnvollen,1
situationen,1
sitz,1
siven,1
skepsis,1
smart,2
sodass,3
software,1
softwarehersteller,1
softwaretechnologien,1
sogenannte,1
sogenannten,2
soldaten,2
soldatinnen,1
solidarischen,1
solidarität,1
solide,4
sollen,30
sollt,1
sollten,5
somit,1
sonderund,1
sonnenschwachen,1
sonntagsruhe,1
sorgen,19
sorgfaltspflicht,1
sorgt,2
sortiertechnologien,1
souveränen,1
souveränität,3
sowie,27
sowiestaatliche,1
sowohl,4
soz,1
sozi,1
sozial,3
sozialabgabenfreien,1
sozialbehörden,1
soziale,2
sozialen,10
sozialer,1
sozialleistungen,1
sozialleistungssystem,1
sozialpartnern,1
sozialversicherungspflichtig,1
spaces,1
sparten,1
speicherun,1
speicherund,1
speicherung,1
spezialist,1
spezialitäten,1
spezialwissen,1
spezifisc,1
spezifischen,1
spiele,1
spielraum,2
spielräume,2
spielt,2
spitze,1
spitzenforschung,1
spitzenkulturzu,1
spitzenplatz,1
spitzenreiter,1
spitzenwissenschaftler,1
sport,2
sprachbarrieren,1
sprache,3
spracherkennung,1
spracherwerb,1
sprachförderangeboten,1
sprachförderbedarf,1
sprachförderung,1
sprachförderungsmaßnahmen,1
sprachkitas,1
sprachkompetenzen,1
sprachliche,1
sprachlichem,1
sprachstands,1
sprachund,1
sprechen,3
spuren,1
spurenstoffen,1
spätaussiedlern,1
später,2
spätestens,2
ss,1
ssen,2
ssland,1
ssprechen,1
st,4
staa,1
staat,8
staaten,9
staates,4
staatlic,1
staatliche,5
staatlicher,2
staatsangehörigkeit,1
staatsanwaltschaft,1
staatsanwaltschaften,1
staatsorganisation,1
stabilen,1
stabiler,1
stabilisier,1
stabilitätskriterien,1
stadt,3
stahlund,1
stallungen,1
stan,1
standardisieren,1
standardisierte,1
standardisieru,1
standards,9
standardsetzer,1
standort,4
standortangepassten,1
stark,7
starke,3
starken,3
starker,1
starkes,2
starten,1
startprogrammen,1
startups,4
stationären,1
statistikmeldungen,1
statt,2
statusfeststellungsverfahren,1
ste,1
stehen,12
steht,1
steigende,2
steigern,1
stel,1
stelle,1
stellen,6
stellt,4
stem,1
stens,1
sterbehilfe,1
stetig,2
stets,3
steuer,1
steuererklärung,2
steuerhinterziehun,1
steuerlich,1
steuerliche,1
steuern,4
steuerrechtliche,1
steuerschlupflöcher,1
steuerund,1
steuerung,2
steuerwettbewerbs,1
stichtag,1
stigen,1
stimme,1
stimmungsbilder,1
stipendium,1
stoffkreisläufen,1
stoßen,1
strafbar,1
strafe,2
strafen,1
straffen,1
strafrecht,1
straft,1
straftat,2
straftaten,3
straftäter,1
straftäters,1
strafverfahren,1
strafverfolgung,1
strafverfolgungsbehörden,1
strafverfolgungsund,1
strat,1
strategie,4
strategischen,1
streben,7
streitkräfte,1
strom,1
stromzähler,1
strukturellen,1
strukturen,4
strukturpolitik,1
strukturschwache,2
strukturund,1
strukturwandel,1
strumentenmix,1
stständige,1
studien,1
studiengänge,1
studium,3
stunden,1
städte,3
städtebauprogrammen,1
städten,1
städtepartnerschaften,1
ständige,1
stärke,2
stärken,26
stärker,14
stärkere,3
stärkeren,2
stärkeres,1
stärkt,2
stärkung,5
substanz,1
suchen,2
suelle,1
svermittlung,1
sy,1
sympathie,1
synergien,1
synthe,1
system,4
systematisc,1
systematisch,1
systeme,1
systems,1
systemwechsel,1
systemwettbewerb,2
säule,1
säulen,1
tag,1
tageshöchstarbeitszeit,1
tagesund,1
tagtäglich,1
talente,1
tarifbindung,1
tarifgeltung,1
tariflicher,1
tarifpartner,1
tarifpartnern,1
tarifvertraglich,1
tarifverträge,1
tarifverträgen,1
tat,1
tatbestand,1
taten,1
tatverdächtigen,1
tausend,1
taxonomie,1
tbildungseinrichtungen,1
teamund,1
tech,2
techn,1
technik,1
techniken,1
technische,3
technischen,1
technischer,1
technologie,1
technologieführer,1
technologieführerschaft,2
technologien,4
technologieoffen,1
technologietransfers,1
technologieund,1
technologieunternehmen,1
technologisch,1
technologische,3
teil,4
teilhabe,3
teilhaben,3
teilhabepaket,1
teiligen,1
teilnehmen,2
telef,1
telefonnummern,1
telefonüberwachung,1
telekommunikation,1
tempo,1
ten,2
terminal,2
terror,2
terrorismus,2
terrorismusabwehrzentrum,1
terrorismusfinanzierung,2
terrorist,1
terroristen,3
terroristische,2
terrororganisationen,1
testräumen,1
tests,1
tet,2
teuer,2
tform,1
the,1
tiefere,1
tier,1
tierfutter,1
tilgungszuschüsse,1
tische,1
tischer,1
tkü,1
toleranz,2
toleriere,1
tonomie,1
top,1
torfmoosen,1
tr,1
track,1
tracking,1
tragen,4
trainer,1
transatlant,1
transatlantischen,3
transatlantisches,1
transfer,2
transferleistungen,1
transformation,1
transparent,1
transparenter,2
transparenz,1
transund,1
traum,1
traumatisierte,1
treffen,1
treibhausgase,1
treibhausgasemissionen,1
treibhausgasneutral,1
trengungen,1
trink,1
trinken,1
trotz,2
trotzdem,1
träge,1
träger,2
trägervielfalt,1
trägt,1
tsanspruch,1
tschaft,1
ttbewerb,1
ttelund,1
ttürmen,1
tun,2
tung,5
tungsgarantie,1
tut,1
twas,1
twickelte,1
two,1
tzes,1
tzt,1
tzung,1
täglich,1
täglichen,1
täten,1
täter,3
täters,1
täterschutz,2
tätig,1
tätige,1
tätigen,1
tätiger,1
tätigwerden,1
tätliche,1
uch,1
ue,1
uen,1
ug,1
uklearen,1
umbau,1
umfangreiche,1
umfangreichen,1
umfangreiches,1
umfassen,2
umfassend,2
umfassende,2
umfassenden,2
umfeld,3
umgang,3
umgangsspr,1
umsatzsteuerrecht,1
umse,1
umsetzen,4
umsetzung,1
umsetzungshemmnisse,1
umso,1
umstieg,1
umwelt,2
umweltfachlichen,1
umweltrelevant,1
umweltstandards,1
umwelttechnologien,1
umweltund,1
umzusetzen,1
un,14
unabhängig,6
unabhängige,1
unabhängigkeit,1
unberührt,1
unbü,2
unbürokratisch,2
unbürokratische,1
undbeschaffung,1
unddauerhafte,1
undwissenschaft,1
undzeugen,1
undübersetzung,1
ung,3
ungeeignete,1
ungen,3
ungerecht,1
unglücken,1
unigen,1
union,11
unions,1
unionsversprechen,1
universitären,1
universität,1
universitäten,1
unklarer,1
unmöglich,1
unse,3
unserer,22
unterbinden,1
untereinande,1
untereinander,1
unteren,1
unterlagen,1
untern,2
unternehme,1
unternehmen,23
unternehmens,1
unternehmensanteile,1
unternehmensbörse,1
unternehmensgründungen,1
unternehmenskont,1
unternehmensplat,1
unternehmenssteuerreform,1
unternehmertum,1
unterscheiden,2
unterschiede,1
unterschiedlichen,2
unterstützen,24
unterstützend,1
unterstützt,2
unterstützung,6
unterstützungsprogram,1
unterziehen,1
unverzichtbar,2
unzureichend,1
update,1
ur,1
urch,2
uropäischen,1
urwälder,1
urückgeführt,1
usa,5
usammengeführt,1
ushaltswesen,1
usweiten,1
utlich,1
utschland,1
vat,1
ve,5
ver,1
veranlagungszei,1
verantwortet,1
verantwortlichkeit,1
verantwortlichkeiten,2
verantwortung,6
verantwortungsbewussten,1
verantwortungsvollen,1
verarbeiteten,1
verarbeitu,1
verb,1
verbandsklagerecht,1
verbessern,11
verbessert,2
verbesserung,1
verbinden,6
verbindet,2
verbindlich,1
verbindliche,3
verbindlicher,1
verbindun,1
verbindung,1
verbindungsund,1
verbote,1
verbraucher,4
verbraucherinnen,3
verbraucherrecht,1
verbraucherschlichtung,1
verbraucherschutzorganisationen,1
verbraucherschutzstandards,1
verbraucherund,1
verbrechen,3
verbrechensgewinne,1
verbunden,1
verbände,1
verbündeten,1
verdachts,1
verdienen,2
verdienten,1
verdoppeln,2
verein,1
vereinbart,1
vereinbarungen,1
vereinfachen,5
vereinfacht,2
vereinheitlichen,1
vereinigte,1
vereinsamung,1
verfahr,1
verfahren,11
verfassung,1
verfassungskonform,2
verfassungsrechtlich,1
verfassungsrechtlichen,1
verfassungsschutz,1
verfehlen,1
verflüssigte,1
verfolge,1
verfolgt,2
verfolgungsdruck,1
verfügbar,2
verfügbare,1
verfügung,6
verga,1
vergabe,2
vergabekriteri,1
vergabeprozesse,1
vergaberecht,1
vergaberegelungen,1
vergabeund,1
vergabeverfahren,1
vergangenen,1
vergeben,1
vergeht,1
vergemeinschaften,1
vergleichbaren,1
vergleichsweise,1
vergütung,1
verhandlungen,1
verhelfen,2
verhindern,1
verhinderungspflege,1
verhältnissen,1
verhängt,1
verkaufsargument,1
verkehr,5
verkehrs,1
verkehrsflughäfen,1
verkehrskonzepte,1
verkehrsteilnehmer,1
verkehrstoten,1
verkehrsträger,1
verkehrsunternehmen,1
verkehrswegen,1
verkleinern,1
verkleinerung,1
verkäuferin,1
verkürze,1
verkürzen,1
verlagerung,1
verlassen,5
verlegetiefe,1
verlegeverf,1
verleihen,2
verleiht,1
verloren,1
verlängern,1
verlässlich,3
verlässliche,3
verlässlichen,2
vermarktung,1
vermehrt,1
vermeiden,2
vermeidung,1
vermieden,2
vermisstes,1
vermitteln,1
vermittlung,1
vermittlungsdiensten,1
vermittlungsmethoden,1
vermögen,2
vermögensverwertung,1
vernetzen,3
vernetzte,2
vernetzung,2
vernünftigen,1
verordnungen,1
verpflichten,1
verpflichtende,1
verpflichtungen,1
verringern,1
versandhändler,1
verschaffen,1
verschiedene,1
verschiedener,2
verschlüsselte,1
verschlüsselungstechnik,1
verschwende,1
verschwindend,1
verschärft,1
verschärfungen,1
versorgung,7
versorgungsgüter,1
versorgungskritische,1
versprechen,1
verstehen,1
verstoßen,1
verstän,1
verständnis,1
verstärkt,4
verstärkte,1
verstärkten,1
versuch,1
versuchen,2
verte,1
verteidigen,1
verteidigungsfonds,1
verteidigungsunion,1
vertief,1
vertieften,1
vertragliche,1
vertraglichen,1
vertraglicher,1
vertragsrecht,1
vertragsänderungen,1
vertrauen,4
vertraulich,1
vertreten,1
vertriebene,1
vertriebs,1
verträge,2
verunreinigung,1
verurteilung,1
verwa,1
verwal,1
verwalteten,1
verwaltung,2
verwaltungen,1
verwaltungsaufgaben,1
verwaltungsaufwand,1
verwaltungsdienstleistungen,2
verwaltungse,1
verwaltungspraxis,1
verwaltungsrechtsweg,1
verwaltungsstruktur,1
verwaltungsstrukturen,1
verwendung,2
verwertbarer,1
verwirklichen,1
verzahnung,1
verändern,1
verändernden,1
verändert,1
viele,7
vielen,5
vieler,1
vielfalt,4
vielfältigen,2
vielmeh,1
vielmehr,2
vielseitiger,1
vier,3
virtuellen,1
vision,2
visums,1
vitalen,1
vo,1
volkshochschulen,1
volkskrankhe,1
voll,2
vollausstattung,1
vollendung,1
vollständig,2
vollständige,2
vollständiger,1
vollumfänglich,1
voranbr,1
voranbrin,1
voranbringen,4
vorangehen,1
vorantreiben,3
voranzugehen,1
voranzutreiben,1
vorausleistungen,1
vorausschauenden,1
voraussetzung,3
voraussetzungen,1
vorbeugen,1
vorbild,2
vorbilder,2
vorgaben,3
vorgehen,2
vorgelegt,1
vorhanden,1
vorhandene,2
vorhandenen,1
vorkommen,1
vorlage,1
vorlegen,1
vorliegt,1
vormarsch,1
vorrang,1
vorrangig,1
vorrangrouten,1
vorratsdatenspeicherung,1
vorschlag,1
vorschule,1
vorsor,1
vorsorge,1
vorsorgen,1
vorsorgeuntersuchungen,1
vorsätzlic,1
vorwettbewerblichen,1
vorzubeugen,1
vorzuziehen,1
völkerre,1
völkerverständigung,1
wachsen,2
wachsende,1
wachstum,2
wachstumsmotor,1
wachstumsschritt,1
wachstumsstrategie,1
waffe,1
waffen,1
waffenhandel,1
waffenverbot,1
wagniskapitalfonds,1
wahren,1
wahrung,4
wahrzunehmen,1
wald,2
waldeig,1
waldeigentümerinnen,1
waldes,1
waldland,1
walt,1
wandel,1
wandelnden,1
wandels,1
wandte,1
wann,1
warnmedien,1
warnmittelmix,1
warnsystem,2
warnsysteme,1
wasser,3
wasserstoff,6
wasserstoffakzeptieren,1
wasserstofferzeugung,1
wasserstoffmarkt,1
wasserstoffs,1
wasserstofftechnologien,2
we,3
wechsel,1
wechselbeziehungen,1
wechselseiti,1
wecken,1
weder,2
wege,2
wegeketten,1
wegen,3
weh,1
weiblichen,1
weichen,1
weise,1
weit,3
weite,1
weiterbildung,3
weiterbildungen,1
weiterbildungsa,1
weiterbildungsmaßnahme,1
weiterdenken,1
weitere,4
weiteren,3
weiterentwicke,1
weiterentwickeln,6
weiterentwickelt,1
weiterentwicklung,3
weiterer,3
weiterfahrt,1
weiterforschen,1
weiterhin,11
weiß,1
weißen,1
wel,1
welt,13
weltgesundheitsorga,1
welthandel,1
weltkrieg,1
weltmaßstab,1
weltoffenes,1
weltpolitik,1
weltraums,1
weltspitze,1
weltstandards,1
weltweit,7
weltweiten,3
weltweitende,1
weltweiter,2
wen,1
wenig,1
wenige,1
wenigen,1
weniger,2
wenigsten,1
wer,13
werben,3
werd,2
werdenden,1
werkstätten,1
werkund,1
wert,2
wertegebundenen,1
wertegemeinschaft,1
wertekunde,1
wertschätzen,2
wertschöpfung,3
wertschöpfungskette,1
wertschöpfungsketten,1
wertvollen,1
wertvoller,1
wesentlich,2
wesentlicher,1
weshalb,1
westens,2
wettbewe,1
wettbewerb,3
wettbewerbs,1
wettbewerbsanalysen,1
wettbewerbsfähig,4
wettbewerbsfähige,1
wettbewerbsfähigen,1
wettbewerbsfähiger,1
wettbewerbsfähigk,1
wettbewerbsfähigkeit,2
wettbewerbsrecht,1
wettbewerbssituation,1
who,2
wi,9
wic,3
wichtig,13
wichtige,5
wichtigen,7
wichtiger,5
wichtigere,1
wichtiges,2
wichtigster,1
widerspiegeln,1
widerstand,1
wied,1
wiederannäherung,1
wiederaufbau,1
wiederholungsbzw,1
wiederholungstäter,1
wiederkehrenden,1
wiederzugewinnen,1
willkommene,1
wind,1
windund,1
wirksam,11
wirksame,4
wirksamen,4
wirksamer,2
wirkstoffe,1
wirkt,1
wirkung,1
wirkungsvoll,2
wirtsc,3
wirtsch,1
wirtschaft,7
wirtschaftliche,5
wirtschaftlichen,2
wirtschaftlicher,1
wirtschaftsfaktor,1
wirtschaftsnation,1
wirtschaftsrelevanten,1
wirtschaftsund,2
wirtschaftswachstum,1
wis,1
wissen,6
wissensc,1
wissenschaft,2
wissenschaftler,1
wissenschaftlerinnen,1
wissenschaftlern,1
wissenschaftli,1
wissenschaftlich,1
wissenschaftlichen,2
wissenschaftskommunikation,1
wissenschaftsstandort,1
wofür,1
wohle,2
wohlfühlt,1
wohlstand,4
wohlstandsperspe,1
wohneigentum,2
wohnen,1
wohng,1
wohngebiete,1
wohnimmobilien,1
wohnr,1
wohnraum,1
wohnräumen,1
wohnund,2
wohnung,2
wohnungen,1
wohnungsbau,2
wohnungseinbrüchen,1
wohnungswechsel,1
wolfsmanagement,1
wolfspopulation,1
woll,2
wolle,1
worauf,1
working,1
workingspaces,1
wto,1
wurde,1
wurzel,1
wurzeln,1
wählen,1
währungskommissar,1
wälde,1
wälder,3
wände,1
wänden,1
wäre,2
würdevor,1
xibles,1
zahl,3
zahlen,2
zahlreiche,1
zahlungsfristen,1
zehn,1
zeichen,1
zeigen,1
zeit,2
zeitalter,1
zeitarbeit,1
zeiten,3
zeitgemäßer,1
zeitlich,2
zeitlichen,1
zeitweise,2
zelnen,1
zementindustrie,1
zen,2
zent,1
zentrale,2
zentralen,2
zentraler,1
zentrales,1
zentralstelle,1
zentrum,1
zentrums,1
zersplitterung,1
zertifizie,1
zertifizierungsund,1
ziehen,1
zieht,1
ziel,22
ziele,3
zielgenau,1
zielgerichtet,2
zielgerichtete,1
zielgerichteter,1
ziell,1
zielten,1
zinsverbi,1
zivil,1
zuchtmaterial,1
zuchttiertransporte,1
zucker,1
zudem,11
zuentwickeln,1
zugang,8
zugle,1
zugleich,4
zugunsten,2
zugänglich,2
zuhause,1
zuhälterei,2
zukunft,11
zukunftsaufgaben,1
zukunftsfest,2
zukunftsfonds,1
zukunftsfähig,1
zukunftskompetenzen,1
zukunftspakt,1
zukunftsregionen,1
zukunftssicher,1
zukunftssichere,1
zukünftig,2
zukünftige,1
zulagen,1
zulassen,1
zulassungsprozesse,1
zulassungsvoraussetzungen,1
zumindest,1
zunahme,1
zunehmend,3
zung,2
zunäch,1
zunächst,1
zurück,1
zurückbleibt,1
zurückgeht,1
zurückgewinnen,1
zurückgibt,1
zurückkehren,1
zurückschauen,1
zurückziehen,1
zusammen,3
zusammenarbeit,17
zusammenarbeiten,1
zusammenarbeitenund,1
zusammenbringen,2
zusammenhalt,2
zusammenschlüsse,1
zusammenwirken,3
zusammenzuarbeiten,1
zusammenzufassen,1
zusatzversorgungssystemen,1
zuschussanteil,1
zuschüssen,1
zusicherungenfür,1
zuste,1
zustellern,1
zustimmung,2
zuständig,1
zuständigkeitsgeflecht,1
zusätzlich,4
zusätzliche,3
zusätzlichen,2
zutiefst,1
zuverlässig,2
zuverlässiges,1
zuwanderer,1
zuwanderung,2
zuwanderungsgeschichte,2
zuwanderungswillige,1
zuzug,1
zw,1
zwangsprostitution,1
zweck,1
zweckgebunden,1
zwei,5
zweifachen,1
zweifel,1
zweite,1
zweiten,1
zwingend,1
zwisc,1
zwische,1
züchtungstechnologien,1
zügig,1
ße,1
ßpflanzen,1
äch,1
ägt,1
ährdern,1
älter,1
ältere,2
älteren,1
ämtern,1
änderungen,3
ängigen,1
ärzten,1
ärztin,1
ät,1
öff,1
öffentlic,1
öffentlich,2
öffentliche,4
öffentlichem,1
öffentlichen,11
öffentlicher,1
öfter,1
ögd,1
öko,1
ökologisch,3
ökologische,1
ökologischen,2
ökologischer,1
ökonomisch,1
öpnv,4
ördert,1
ört,1
üb,1
überall,5
überflüssiger,1
überfordern,1
überfällige,1
überführt,1
übergangszeit,1
übergeber,1
übergewicht,1
übern,1
übernahme,1
übernehmen,1
übernimmt,1
überpr,1
überprüfen,2
überprüft,1
überprüfung,1
überregional,2
überschritten,2
übertragen,1
übertragung,1
überwacht,1
überwachung,1
überwiesen,1
überwinden,1
überwunden,1
überzeugte,1
überzeugung,1
übungen,1
übungsleiter,1
üfen,1
ür,2
ürgerinnen,1
