000,1
10,1
100,1
1325,1
190,1
20,1
200,1
2025,1
2030,5
2040,1
2045,2
20er,1
21,2
218,1
25,1
27,1
300,1
40plus,1
50,1
75,1
900,1
ab,3
abbau,1
abbauen,2
abdeckt,1
abgehängt,1
abgeordnete,1
abgerutscht,1
abgeschafft,1
abgesichert,1
abgewertet,1
abkommen,2
abnehmerin,1
abrüstung,2
abrüstungspolitischen,1
abschaffen,3
abschlagsfrei,1
absichern,3
absichert,1
absicherung,2
absolute,1
abstimmen,1
abzunehmen,1
acht,3
achten,3
adoptionen,1
adäquaten,1
agenturen,1
agieren,1
agierender,1
agrarförderung,1
akteur,1
aktionspläne,1
aktiv,2
aktive,2
aktivitäten,1
aktuell,1
akut,1
akzeptiert,1
alkohol,1
allein,1
alleinerziehende,1
alleinverdiener,1
allerersten,1
allgemeine,1
allgemeinen,1
allgemeinheit,1
alltag,2
alltagshilfe,1
alt,1
altenpflege,1
alter,5
alternativen,2
alternativverfahren,1
altersgrenzen,1
altersversorgung,1
altersvorsorge,2
altschulden,2
amazon,1
ambulante,1
amt,1
anbieten,1
anbieter,1
anerkennt,1
anerkennung,1
anfang,1
angeben,1
angebote,1
angeboten,1
angehen,2
angeht,1
angehörige,3
angelegten,1
angemessene,1
angemessenen,1
angesichts,1
angewiesen,4
anhaltspunkten,1
anlegerinnen,1
anpacken,1
anpassung,1
ans,1
anschluss,1
ansparen,1
ansprechstelle,1
anspruch,6
ansteht,1
ansteigen,1
anstelle,1
anständige,1
anteil,1
antidiskriminierungsstelle,1
antifeminismus,1
antisemitismus,1
antiziganismus,1
antrag,1
anzugleichen,1
anzuregen,1
anzuschließen,1
arbeit,12
arbeiten,9
arbeitet,1
arbeitgeber,3
arbeitgeberinnen,1
arbeitnehmerinnen,5
arbeitnehmern,1
arbeitsbedingungen,3
arbeitsleben,1
arbeitslosengeld,1
arbeitslosenrückversicherung,1
arbeitslosigkeit,1
arbeitsmarkt,2
arbeitsmarktpolitik,1
arbeitsorganisation,1
arbeitsplatz,1
arbeitsplätze,2
arbeitsrecht,2
arbeitsschutz,1
arbeitsstunden,1
arbeitsund,4
arbeitsunfällen,1
arbeitszeit,2
arbeitszeiten,1
arm,1
armen,1
armut,1
armutsrisiken,1
art,1
aspirin,1
asylund,1
attraktiver,1
attraktivität,1
aufbau,1
aufenthalt,1
aufenthaltsstatus,1
aufgabe,2
aufgaben,2
aufgegriffen,1
aufgenommen,1
aufgestockt,1
aufgewertet,1
aufgeworfen,1
aufgreifen,1
aufgrund,1
aufhalten,1
aufheben,1
auflegen,2
aufmerksamkeit,1
aufruf,1
aufs,1
aufschlag,1
aufsetzen,1
aufstellung,1
aufteilung,1
auftrag,2
auftraggebern,1
auftragsvergabe,1
auftritt,1
aufund,1
aufwerten,1
aufzusteigen,1
augen,1
augenmerk,1
ausarten,1
ausbau,4
ausbauen,2
ausbauund,1
ausbeutung,1
ausbildung,8
ausbildungen,1
ausbildungsplätzen,1
ausdehnen,1
auseinandersetzung,1
ausfuhr,1
ausgaben,2
ausgangspunkt,1
ausgebaut,1
ausgebildet,1
ausgebildeten,1
ausgehandelt,1
ausgerichtet,2
ausgerichtete,2
ausgesetzt,1
ausgestattet,2
ausgestattete,1
ausgeweitet,1
ausgeweitete,1
ausgleichsmaßnahmen,1
auskunftsanspruch,1
auskömmlichen,1
ausnahmen,1
ausreichen,1
ausreichend,1
ausrichten,2
ausrichtung,1
ausrüstung,1
ausstattung,3
ausstellungshonorare,1
ausstieg,1
austausch,1
ausweiten,2
auszahlung,1
auszubildende,1
auszurichten,2
auto,1
automatisch,1
autorinnen,1
außenminister,1
außenpolitik,1
außenund,1
außerdem,2
außerhalb,2
außerschulischer,1
bafin,1
bafög,2
bahn,1
bahnstrecken,1
ballungsräume,1
ballungszentren,1
bandbreite,1
bandenmäßige,1
banken,1
bankenregulierung,1
barrierefrei,1
barrierefreien,2
barrierefreiheit,2
basierend,1
basis,4
basisabsicherung,1
batterien,1
batteriezellenfertigung,1
beantragen,1
bedarf,1
bedarfe,1
bedarfs,1
bedeutenden,1
bedeutet,1
bedeutsamen,1
bedeutung,4
bedroht,1
bedrohungen,1
bedürfen,1
beeindruckenden,1
beeinträchtigungen,1
beenden,1
beendet,1
befanden,1
befristungen,1
befähigen,1
begangen,1
begangenen,1
begegnen,1
begegnung,1
beginn,1
begleiten,1
begleitet,2
begrenzen,2
begründeten,1
begrüßen,1
behandeln,1
behandlung,1
behaupten,1
behinderung,5
behinderungen,1
behoben,1
beibehalten,1
beide,1
beim,6
beispiel,4
beispielsweise,5
beispielweise,1
beitrag,6
beitragen,2
beiträge,1
bekannte,1
bekommen,3
bekämpfen,2
belange,1
belastetem,1
belebung,1
bemühungen,1
benannt,1
benennen,1
benötigen,1
benötigt,1
beratend,1
beratung,1
beratungsmöglichkeiten,1
beratungsstellen,1
bereiche,2
bereichen,4
bereitgestellt,1
bereits,7
bereitschaft,1
bereitstellung,1
bergbauregionen,1
berichterstattung,1
beruf,3
berufe,1
berufen,2
beruflichen,1
berufsabschlusses,1
berufsbildende,1
berufsgruppen,1
berufsschule,1
beruhen,1
berät,2
berücksichtigen,1
berücksichtigt,1
beschaffung,1
beschlossen,1
beschränken,1
beschäftigte,1
beschäftigten,6
beschäftigtentransfers,1
beschäftigungsverhältnisse,1
besitz,1
besondere,2
besonderen,1
besonderes,1
besonders,5
besser,5
bessere,1
besseren,2
bestandsimmobilien,1
bestehen,1
bestehende,2
besteht,3
besten,1
besteuerung,2
bestimmen,1
bestmöglich,1
bestmögliche,2
bestätigt,1
beteiligen,2
beteiligung,1
beteiligungsangebote,1
betreffen,1
betreuungsbedarf,1
betrieb,1
betriebe,1
betriebliche,4
betriebsratsarbeit,1
betriebsräte,1
betriebsrätinnen,1
betriebsschließungen,1
betriebsstandorten,1
betriebsverfassung,2
betroffen,2
betroffene,1
betroffenen,2
bevölkerung,2
bewahrung,1
bewirken,1
bewältigen,2
bewältigung,1
bezahlbare,1
bezahlbaren,1
bezahlen,2
bezahlt,1
beziehen,1
beziehungen,1
bietet,2
bilanz,1
bilden,1
bildet,2
bildung,5
bildungs,1
bildungsangeboten,1
bildungsteilzeit,1
bildungsund,2
bildungszeit,1
biodiversitätspolitik,1
biologischen,1
biontech,1
biotechnologie,1
bisexuellen,1
bisher,4
bislang,3
bleiben,3
bleiberecht,1
bleibt,3
blick,2
blutspende,1
bodenfonds,1
bodenwertgewinne,1
branchen,1
branchenbezogen,1
brauchen,9
braucht,7
breiten,1
brexit,1
bruttonationaleinkommens,2
buchstäblichen,1
bund,3
bundes,5
bundesanstalt,1
bundeseigener,1
bundeseinheitlich,1
bundeskontingente,1
bundesländern,1
bundesprogramm,2
bundesregierung,2
bundeswehr,2
bundesweit,2
bundesweiten,1
bundeszuschuss,1
bundesärztekammer,1
bus,1
by,3
bzw,2
bündeln,3
bündelung,1
bürgergeld,2
bürgerin,1
bürgerinnen,15
bürgernahen,1
bürgernaher,1
bürgerräten,1
bürgerservice,1
bürgerversicherung,1
bürokratische,1
cannabis,2
celsius,1
cent,1
chance,2
chancen,5
chancengleichheit,1
chancenhelfern,1
chancenkontos,1
china,1
civil,1
co,5
corona,10
country,1
countryreporting,1
cyber,1
cyberattacken,1
dabei,9
dadurch,3
dafür,39
daher,10
danach,1
dar,1
daran,1
darauf,5
daraus,1
darf,6
darin,5
darum,4
darunter,2
darüber,6
data,1
daten,1
datenschutzgrundverordnung,1
datenteilen,1
datenzugang,1
dauer,1
dauerhaft,1
dauerhafte,1
dauerhaftes,2
davon,4
dazugehört,2
de,1
debatte,1
default,1
demokratie,3
demokratieförderung,1
demokratische,1
demokratischen,2
demokratischer,1
demokratisches,1
demonstration,1
denen,3
denjenigen,1
denkbaren,1
deradikalisierung,1
deren,3
derjenigen,1
deshalb,12
design,1
desinformation,1
desto,1
deswegen,1
deutlich,6
deutsche,3
deutschen,2
deutscher,2
deutschland,17
deutschlands,1
diagnosebezogenen,1
dialog,1
dialogbereitschaft,1
dialogs,1
diejenigen,2
dienst,1
dienste,2
dienstes,1
dienstleistungen,4
dient,1
digital,3
digitale,10
digitalen,5
digitaler,3
digitales,2
digitalisieren,1
digitalisierung,1
digitalkonzerne,1
digitalunternehmen,1
dinge,1
direkte,2
diskriminierende,1
diskriminierung,3
diskriminierungsverbot,1
dokumentiert,1
dominiert,1
drei,3
dringend,2
dritten,2
drogenhandel,1
drogenpolitik,1
drängende,1
dual,1
duale,1
durchgesetzte,1
durchschnitt,1
durchsetzung,3
durchsetzungsmechanismen,1
durchziehen,1
dynamischen,1
dächer,1
dürfen,2
ebene,1
ebenen,3
ebenfalls,1
ebenso,2
ebnet,1
echten,3
effizienter,1
egal,1
ehe,2
ehegattensplitting,1
ehepaare,1
eher,1
ehrenamtlich,1
eigene,1
eigenen,3
eigenmittel,1
eigenständig,1
eigenständiger,1
einbeziehung,1
einbezogen,1
einbürgerungen,1
eindruck,1
eindämmen,1
einfach,1
einfache,1
einfachen,2
einfacher,2
einfluss,2
einfordern,1
einführen,5
einführung,3
eingebunden,1
eingeschränkt,1
eingesetzt,1
eingespart,1
eingestellten,1
eingreifen,1
eingreift,1
einheit,1
einheitliche,1
einheitlichen,2
einheitliches,1
einklang,2
einkommen,7
einkommensgruppen,1
einkommensteuer,1
einlösen,1
einmalig,1
einnahmeausfälle,1
einnahmen,2
einnimmt,1
einrichten,1
einrichtung,1
einrichtungen,1
eins,1
einsamkeit,1
einsatz,2
einschnitte,1
einschulung,1
einsetzen,5
einstehen,2
einstehens,1
einstellen,1
einstimmigkeitsprinzips,1
einweg,1
einzelfall,1
einzelne,1
einzelner,1
einzudämmen,1
einzuhalten,2
einzusteigen,1
elektrifizieren,1
elektrifizierte,1
elektrifizierung,1
elektroautos,2
eltern,4
elterngeld,1
elterngeldplus,1
elternteile,1
elternunabhängig,1
elternunabhängige,1
elternzeit,1
emissionen,1
emissionshandel,1
endgerät,1
endgültigen,1
energie,1
energien,4
energiesysteme,1
energieträger,1
energiewende,1
engagement,1
engagieren,1
enger,1
engere,1
entfalten,1
enthalten,1
entkrimi,1
entlassen,1
entlasten,1
entscheiden,1
entscheidende,1
entscheidet,1
entscheidungen,4
entscheidungsprozesse,1
entscheidungsrechte,1
entschädigung,1
entsprechend,1
entsprechende,3
entspricht,1
entsteht,1
entwickeln,3
entwickelt,2
entwicklerinnen,1
entwicklung,7
entwicklungen,1
entwicklungsbedürfnisse,1
entwicklungskrisen,1
entwicklungsländer,1
entwicklungsräume,1
entwicklungszusammenarbeit,2
entzogen,1
epidemien,1
erarbeiten,2
erderwärmung,2
erfahren,1
erfahrungen,2
erfasst,1
erfolgreich,4
erfolgreiche,1
erfolgreichen,1
erfolgsmodell,1
erfolgt,1
erfordert,1
erfüllen,2
erhalten,10
erhebliche,2
erheblichen,1
erhält,1
erhöhen,2
erhöht,2
erhöhungen,1
erkennbar,1
erkenntnissen,1
erlebbar,1
erlebt,1
erledigt,1
erleichtert,1
erleichterter,1
erlernen,1
erlösmodelle,1
ermutigen,1
ermöglichen,8
ermöglichenkostengünstig,1
ermöglicht,4
erneuerbare,1
erneuerbaren,3
erneuern,1
erneut,1
ernährung,2
ernährungsarmut,1
erreichen,4
erreichung,1
errungenschaft,1
erschütternd,1
ersetzen,1
erst,1
ersten,5
erstklassig,1
erwachsene,1
erwachsenen,1
erweitern,1
erweitert,1
erwerb,1
erwerbsarbeit,2
erwerbslebens,1
erwerbsminderungsrentnerinnen,1
erwerbstätigen,2
erwirtschaftet,1
erwirtschaftete,1
erzeugt,1
erzieherischen,1
erziehung,1
eröffnet,1
erörtert,1
esports,1
etablieren,4
etwa,1
eu,18
euro,6
europa,13
europarats,1
europas,4
europäische,8
europäischen,9
europäischer,4
eurozone,1
ex,1
exekutiven,1
existentiellen,1
existenzgründungen,1
existenzminimum,1
facebook,1
fach,1
fachkräften,1
fachkräftesicherung,1
fahrplan,1
fair,2
faires,1
fallpauschalen,2
familie,2
familien,3
familienarbeit,1
familienbedingte,1
familienplanung,1
familienpolitik,1
familientragödie,1
familienund,1
familiären,1
fanatismus,1
feindlichkeit,1
femizide,2
fernverkehrsnetz,1
fest,3
festangestellte,1
festgelegte,1
feuerwehr,1
ff,1
finanz,1
finanzdienstleistungsaufsicht,1
finanziell,1
finanziellen,1
finanziert,1
finanzierten,1
finanzierung,8
finanzierungsbasis,1
finanzpolitik,2
finanzprodukte,1
finanzsektor,1
finanzstandort,1
finanztransaktionssteuer,1
finanzund,1
finden,2
first,1
fiskal,1
fiskalpolitisch,1
fläche,1
flächenbezogenen,1
flächendeckende,2
flächendeckendem,1
flächenförderung,1
flüchtlingen,1
flüchtlingsorganisationen,1
flüchtlingspolitik,1
fokus,3
folge,1
folgen,1
fonds,2
fordern,2
forderung,1
form,3
formen,1
formulierten,1
fortbildungsmaßnahmen,1
fortentwickeln,1
fortschritt,1
fortschritte,1
fortsetzen,2
fortwirtschaft,1
fortzubilden,1
fossile,1
fragen,4
französischen,1
frau,1
frauen,10
frauenhäusern,1
frauennotrufen,1
frei,1
freiberuflichen,1
freibeträge,1
freien,1
freier,1
freiheit,1
freiheiten,1
freischaffenden,1
freiwilligen,2
freiwilligendienst,1
freiwilligendiensten,1
freiwilligengeld,1
freizeiteinrichtungen,1
fremdenfeindlichkeit,1
freund,1
frieden,4
friedensprozesses,1
friedensund,2
frist,1
frühwarnsystems,1
fundament,2
funktionierenden,1
funktionierender,1
funktionsfähige,1
fusionskontrolle,1
fußabdruck,1
förderansprüche,1
fördermitteln,1
fördern,9
förderprogramm,1
förderprogrammen,1
fördersatz,1
fördert,1
förderung,11
führen,5
führenden,1
führt,1
führungsebenen,1
fünf,1
füreinander,3
fürsorgearbeit,1
ganz,1
ganzen,1
ganztagsbetreuung,1
ganztagsschulen,1
garant,1
garantieren,2
garantiert,1
gearbeitet,1
gebaut,1
geben,7
gebieten,1
geborenen,1
gebrauchter,1
gebunden,2
geburt,1
geburtshilfe,1
geburtstag,1
gebäuden,1
geeignete,1
geeigneten,1
geeinte,1
gefahr,1
geförderten,1
geführt,1
gegenseitigem,2
gegenwärtig,1
gegenüber,3
gehalten,1
gehandelter,1
gehen,4
geht,3
gehören,4
gehört,5
gelangen,1
geld,2
geleistet,2
geleisteten,1
gelingen,1
gelingt,3
gelten,2
geltend,1
geltende,2
geltendem,1
geltung,2
gelöst,1
gemacht,3
gemeinden,1
gemeinnützig,1
gemeinnütziger,1
gemeinnützigkeitsrecht,1
gemeinsam,3
gemeinsame,4
gemeinsamen,2
gemeinsamer,1
gemeinsames,1
gemeinschaftsverpflegung,1
gemeinwesen,1
gemeinwesens,2
gemeinwohlorientierter,1
gemeistert,1
gemäß,1
genauso,1
generationen,1
generelle,1
genießbare,1
genommen,1
genutzt,2
genutzter,1
gepflegt,1
geprägt,1
gerade,5
geraten,3
gerechte,3
gerechten,1
gerechter,3
gerechtere,1
gerechteren,1
gerettet,1
gerichten,1
geringe,1
geringere,1
geringeren,1
geringsten,1
geringverdienerinnen,1
gerät,1
geräte,1
gerückt,1
gesamtstaatlich,1
geschaffen,2
geschaffene,1
geschlecht,1
geschlechtergerechtigkeit,1
geschlechtlichen,1
geschlossen,3
geschwisternachzug,1
geschäftsmodell,1
gesellschaft,16
gesellschaften,2
gesellschaftlich,1
gesellschaftliche,4
gesellschaftlichen,2
gesellschaftlicher,1
gesellschaftspolitisch,1
gesellschaftsvertrag,1
gesenkt,1
gesetz,2
gesetze,2
gesetzesentwürfen,1
gesetzlich,2
gesetzliche,3
gesetzlichen,2
gesetzt,1
gesicherten,1
gesorgt,6
gestaffelten,1
gestalten,1
gestaltet,2
gestoppt,1
gestärkt,1
gesund,1
gesunde,1
gesundheit,3
gesundheitlicher,1
gesundheitsbehörden,1
gesundheitsforschung,1
gesundheitsfragen,1
gesundheitsfördernde,1
gesundheitsgefahren,1
gesundheitsschutz,2
gesundheitssektor,1
gesundheitssystem,2
gesundheitsversorgung,1
gesundheitswirtschaft,1
getan,1
getragen,2
getroffen,1
gewahrt,1
gewalt,3
gewerblichen,1
gewerkschaften,2
gewinne,1
gewinnmaximierung,1
gewissheit,1
geworden,1
geworfen,1
gewährleisten,3
gewährten,1
gezeigt,2
gezielt,4
gezielte,1
gezielten,1
geändert,1
gibt,2
gigabit,1
gilt,6
gleich,1
gleichbehandlungsgesetz,1
gleiche,4
gleichen,3
gleichermaßen,1
gleichgeschlechtlichen,1
gleichgestellten,1
gleichstellung,2
gleichstellungsstrategie,1
gleicht,1
gleichwertige,1
gleichwohl,1
gleichzeitig,4
global,1
globale,4
globalen,5
google,1
government,1
grad,2
greift,1
grenzabgabe,1
grenzüberschreitende,1
groß,2
großbritannien,1
große,7
großen,5
großer,4
großindustriell,1
großkonzerne,1
großstädte,1
grundausstattung,1
grundlage,3
grundlagen,1
grundlegend,2
grundrechte,1
grundrente,1
grundstücke,2
grundsätzlich,2
grundsätzliche,1
grundversorgung,1
grundverständnis,1
grundvoraussetzung,2
grundwerten,1
größere,1
größeren,1
größten,1
gründerinnen,1
gut,5
gute,12
gutem,1
guten,2
guter,1
gutes,1
güter,1
halten,1
haltgebenden,1
hamburg,1
hand,4
handel,3
handeln,2
handelnden,1
handelns,1
handelspartnern,1
handelspolitik,1
handelspraktiken,1
handelssystem,1
handelsund,1
handlungsautonomie,1
handlungsblockaden,1
handlungsfähig,1
handwerk,1
harte,1
hass,2
haushalte,2
haushalten,1
haushaltsnahen,1
haushaltsund,1
hebammen,1
heilmitteln,1
heizund,1
heizungstausch,1
heißt,1
helfen,3
hemmnisse,1
herangezogen,1
heranziehen,2
herausfinden,1
herausforderung,3
herausforderungen,3
hergestellt,1
hergestelltem,1
herkunft,4
hersteller,1
herstellung,1
hervorgehen,1
hetze,2
heute,1
heutigen,1
hierfür,3
hierzu,1
hilfe,1
hilfen,1
hilfesystem,1
hilft,1
hinaus,5
hinausreichen,1
hinblick,1
hinreichend,1
hinreichende,1
hinreichenden,1
hintertreffen,2
hinweg,1
hinwirken,2
hoch,1
hochwertige,1
hohe,5
hoheitlich,1
hohem,1
hohen,2
hohes,1
homeoffice,1
honkong,1
housing,1
humanitäre,1
häfen,1
hängt,1
häufig,1
häufiger,1
häuser,1
höchstbetrag,1
höchsten,1
höchstens,1
hürden,2
ideale,1
identifiziert,1
identität,1
identitätsbildung,1
ilo,2
immer,6
impfstoff,1
impulsen,1
individuellen,1
industrielle,1
industrieller,1
industriestrategie,1
industriestrompreis,1
informationsquelle,1
infrastruktur,5
inhalte,1
inhalten,1
initiative,2
initiativen,1
initiativrechts,1
initiieren,1
initiiert,1
inklusiv,2
inklusive,2
inländischen,1
innere,1
innerhalb,1
innovation,1
innovationen,3
innovationsimpulse,1
innovative,1
insbesondere,5
insolvenzrecht,1
instrument,1
instrumente,1
intakte,1
integrationsfähigkeit,1
integrationshemmnis,1
integrationskursen,1
integrationspolitik,1
integrationsschritt,1
integrationsund,2
integrieren,1
integrierten,1
intelligenz,2
intensiver,1
intensivierung,1
interdisziplinäre,1
international,2
internationale,3
internationalen,7
internationaler,1
internet,3
internetanschluss,1
interund,1
investieren,2
investitionen,5
investitionsgericht,1
investitionsgeschehen,1
investitionskraft,2
investitionsmittel,1
investitionsniveau,1
investitionspolitik,1
islamfeindlichkeit,1
istanbul,2
it,1
jahr,5
jahre,3
jahrelanger,1
jahren,8
jahres,1
jahresabschlüsse,1
jahrhundert,1
jahrhundertaufgabe,1
jahrhunderts,1
jahrzehnt,1
jahrzehnte,1
je,3
jedoch,3
jemand,1
jenseits,1
jetzigen,1
journalistische,1
jugendarbeit,1
jugendeinrichtungen,1
jugendfreiwilligendiensten,1
jugendliche,2
jugendlichen,3
jugendschutz,1
jung,1
junge,4
junger,1
jährige,1
jährlich,2
jüngeren,1
kampf,2
kapital,1
kapitalflüsse,1
karrierewege,1
katalog,1
kauf,1
kauft,1
kaum,1
keinerlei,1
kernarbeitsnorm,1
kernaufgabe,1
kernpunkte,1
kettenduldungen,1
kind,1
kinder,9
kindererziehung,1
kindergeld,2
kindergeldes,1
kindergrundsicherung,1
kinderkliniken,1
kinderkrankentage,1
kindern,6
kinderund,1
kinderzahl,1
kindes,1
kinoförderung,1
kinos,1
kirchen,1
kirchenund,1
kita,2
kitas,1
kitaund,1
klar,2
klaren,1
klassische,1
klassischen,1
kleine,1
kleinen,1
kleiner,2
kleinkindalters,1
klick,1
klima,1
klimaabkommen,2
klimaabkommens,1
klimabewusst,1
klimafreundlich,1
klimafreundliche,3
klimaneutral,1
klimaneutralen,1
klimaneutralität,1
klimapolitik,1
klimaschutzgesetz,1
klimaschutzverpflichtungen,1
klimaschutzzielen,1
klimawandel,3
klimawandels,1
klimawende,1
klimaziele,1
kmu,1
knapp,1
knappgerade,1
knotenpunkten,1
kohärente,1
kolleginnen,1
kollektivmaßnahmen,1
kolonial,1
kolonialen,1
kombination,1
kombinieren,1
komfortablere,1
kommen,1
kommission,1
kommt,1
kommunen,9
kommunikation,1
kommunikativ,1
kompetenzen,3
komplett,1
konflikte,1
konkret,1
konkrete,1
konkreten,1
konsequent,5
konsequente,1
konservative,1
konstruktive,1
kontroll,1
kontrolle,1
kontrollmechanismus,1
kontrollund,1
konvention,3
konzentriert,1
konzept,2
konzepten,1
konzeptionell,1
konzipieren,1
kooperativen,1
koordinierung,1
kosten,1
kostenlos,1
kostenloser,1
kostenminimierung,1
kostensteigerungen,1
krank,1
kranke,1
krankenhäuser,1
krankenhäusern,1
krankheit,2
kreierten,1
kriminalität,2
krise,7
krisen,1
krisenfeste,2
krisenhaften,1
krisenprävention,1
kriterien,1
kritisch,1
kritische,1
kräfte,2
kultur,4
kultureinrichtungen,1
kultureller,1
kulturinhalten,1
kulturorte,1
kulturpolitik,1
kulturveranstaltungen,1
kunst,1
kunstprojekte,1
kunststoff,1
kurzfristigen,1
kurzzeitiger,1
königreich,1
köpfe,1
körperschaften,1
kümmern,1
kündigungsschutz,1
künftig,3
künftige,1
künstlerinnen,3
künstlerischen,1
künstlich,1
künstliche,2
label,1
labeln,1
ladesäulen,1
lan,1
land,4
landkreisen,1
landsoll,1
landund,1
landwirtinnen,1
landwirtschaft,2
lange,3
langfristig,3
langjährig,1
langzeitarbeitslose,1
langzeitkonten,1
lassen,1
lauf,1
ldcs,1
leben,17
lebenden,1
lebendigen,1
lebens,1
lebensgrundlagen,1
lebenslagen,1
lebensmittelhandel,1
lebensmittelverschwendung,1
lebensorte,1
lebensphasen,1
lebenssituation,1
lebensstandard,2
lebensunterhalt,1
lebt,1
leerstand,1
legen,1
legislativen,1
legislaturperiode,1
legt,1
lehrkräfte,1
leichter,2
leidenschaft,1
leiharbeiterinnen,1
leisten,5
leistet,2
leistung,2
leistungen,7
leistungsgerechte,1
leistungslose,1
leitgedanken,1
lenken,2
lernen,2
lernort,1
lernund,1
lesben,1
letzte,1
letzten,1
letztlich,1
lieferung,1
liegt,1
lisierung,1
lizenzen,1
lobbyistinnen,1
lohn,2
lohnkostenzuschüssen,1
lohns,1
lohnund,1
lohnzuschüssen,1
lokale,1
lsbtiq,2
länder,5
ländern,7
ländlichen,4
länger,1
löhne,3
lösen,1
lösungen,1
lücke,1
macht,2
malerinnen,1
mangel,1
mangelnden,1
marginalisierte,1
markt,1
marktmacht,1
materielle,1
maß,1
maße,1
maßnahme,1
maßnahmen,6
maßstab,1
maßvollen,1
medaille,1
medien,3
medienkompetenz,1
medienwelt,2
medikamenten,1
medizinischen,1
mehr,15
mehrausgaben,1
mehrere,1
mehrheitsentscheiden,1
mehrstaatigkeit,1
meilenstein,1
mengen,2
mensch,1
menschen,22
menschengemachten,1
menschenhandel,1
menschenrechte,2
menschenrechten,1
menschenrechts,1
menschenrechtsund,1
menschenrechtsverletzern,1
methoden,1
miete,1
mieten,1
mietkaufmodelle,1
migration,1
migrationsbiografie,2
milliarden,2
millionen,3
minderjährigen,1
mindestbesteuerung,1
mindestens,7
mindestgagen,1
mindestlohn,1
mindestlohnkommission,1
missbraucht,1
missionen,1
misst,1
mitbestimmung,1
miteinander,2
mitentscheidungsrechte,1
mitgliedstaaten,1
mithalten,1
mitspracherechte,1
mittel,3
mitteln,1
mittelpunkt,1
mittelständische,1
mittelständischen,1
mitten,1
mittlere,2
mittleren,1
mittlerer,1
mix,1
mobilität,2
mobilitätsgarantie,1
mobilitätsstationen,1
mobilitätssystem,1
modell,3
moderat,1
modern,1
modernen,1
moderner,1
modernisieren,2
modernisierung,2
modernisierungsprogramm,1
modernstes,1
monate,1
monaten,1
monitoring,1
morden,1
morgen,1
motivieren,1
motor,1
multilateraler,1
multilaterales,1
multilateralismus,1
multinationales,1
museen,2
mut,1
mutigen,1
männer,2
männern,2
männlichen,1
märkte,1
möchten,1
möglich,10
möglichkeit,3
möglichkeiten,4
möglichst,5
müssen,28
na,1
nachbarländer,1
nachbarschaften,1
nachbarschaftspolitik,1
nachdem,1
nachdrücklich,1
nachfolgeplanung,1
nachhaltig,4
nachhaltige,5
nachhaltigen,5
nachhaltiger,1
nachhaltigeren,1
nachhaltigkeit,3
nachhaltigkeitsstrategie,1
nachhaltigkeitszielen,1
nachholen,1
nachsehen,1
nachtzugverbindungen,1
nachvollziehbar,1
nachvollziehbaren,1
nachweisbar,1
nachwuchses,1
nachwuchskräfte,1
nahost,1
nahrungsmittel,1
nationale,1
nationalen,2
nationalistischer,1
nationen,2
natound,1
natur,1
naturkatastrophen,1
naturund,1
natürlichen,1
neben,4
netz,1
netzneutralität,1
neu,2
neubauten,1
neue,11
neuen,8
neuer,3
neues,2
neustart,1
nichterreichbarkeitszeiten,1
nichtregierungsorganisationen,1
nichtverbreitungsvertrag,1
niedergelassenen,1
niederschwelligen,1
niedrigen,1
niemand,1
niveau,1
nordens,1
not,1
notlagen,1
notwendig,4
notwendige,1
nuklearen,1
nutzen,4
nutznießer,1
nutzt,1
nutztierhaltung,1
nutzung,1
nutzungen,1
nvv,1
nötig,3
nötigen,2
nötiger,1
obdachlosigkeit,1
obendrauf,1
obergrenze,1
oberstes,1
oda,1
offene,1
offenen,2
offensive,1
oft,4
one,1
onlinehandel,1
open,2
opfer,2
organisation,1
organisationen,2
organisatorische,1
organisiert,2
organisierte,1
orientieren,1
orientierung,1
ort,3
orte,1
orten,1
ortskernen,1
ortsunabhängig,1
ostdeutschen,1
ostdeutscher,1
ostpolitik,1
osze,1
paarfamilien,1
pacs,1
pacte,1
pakt,2
palästinensischen,1
pandemie,3
pandemien,1
paragraphen,1
paris,1
pariser,2
parlament,1
parlamentes,1
parlaments,1
partei,1
partner,1
partnerinnen,1
partnerländern,1
partnern,3
partners,2
partnerschaft,2
partnerschaften,1
partnerschaftlich,2
partnership,1
passt,1
pauschalen,1
per,2
personalausstattung,1
personalbemessungsrahmens,1
personalmangels,1
personell,1
personen,1
personengruppen,1
perspektive,1
persönliche,2
persönlichkeitsbildung,1
persönlichkeitsentwicklung,1
pflege,7
pflegeanbieter,1
pflegekosten,1
pflegen,1
pfleger,1
pflegerischen,1
pflegeversicherung,1
pflegeversicherungsbeiträgen,1
pflegt,1
pflicht,1
phase,1
planen,1
planungen,1
planungssicherheit,1
planungswertausgleich,1
plattform,1
plattformen,4
platz,1
politik,5
politikbereiche,1
politisch,1
politische,1
politischen,2
populistische,1
porthallen,1
potenziale,1
praxisnah,1
preis,2
preises,1
prinzip,3
prinzipien,1
priorität,1
private,2
privaten,2
pro,3
probanden,1
problem,1
produkte,2
produkten,1
produktion,1
produktivitätsgewinne,1
produzenten,1
profitieren,3
programm,2
programme,1
programmen,1
programmiert,1
projekte,1
projektförderung,1
promovierende,1
prozent,4
prozentpunkten,1
präsenz,1
prävention,1
prüfen,2
prüfstand,1
prüft,1
public,1
qualifizierung,1
qualität,2
quantentechnik,1
queeren,1
querschnittsaufgabe,1
quote,1
rad,1
radfahrerinnen,1
radikalisierung,1
rahmen,7
rassismus,3
ratifizierung,1
ratspräsidentschaft,2
raum,5
reagieren,1
realität,2
realwirtschaft,1
rechnen,1
recht,7
rechte,4
rechtliche,1
rechtlichen,1
rechtsanspruch,2
rechtsansprüche,1
rechtsextremismus,1
rechtsnorm,1
rechtspolitik,1
rechtsstaatlichkeit,2
recycelbare,1
recyceln,1
recycling,1
recyclings,1
refinanziert,1
reform,2
reformen,1
reformprozess,1
regelaltersgrenze,1
regelaufenthaltsdauer,1
regelbasierte,1
regelmäßiges,1
regeln,4
regelsätze,1
regelungen,2
regelwerk,1
regenbogenfamilien,1
regieren,1
regierung,1
regierungsvorhaben,1
regionale,2
regionalen,1
regionen,3
reguläre,1
reicht,1
reiner,1
religion,1
religionsfreiheit,1
religionsgemeinschaften,1
religiösen,1
rente,4
renten,1
rentenalter,1
rentenanspruch,1
rentenversicherung,2
reparaturbetrieb,1
reparieren,1
reporting,1
repräsentanz,1
reservierungsmöglichkeit,1
resolution,1
respekt,4
respekts,2
ressourcen,2
retten,1
rettungsschirme,1
richten,2
richtet,1
richtlinie,1
riegel,1
riesige,1
risiko,1
rohstoffe,1
rohstoffsicherungskonzept,1
rolle,3
ruhezeiten,1
rundfunk,1
rundum,1
russland,3
russlands,1
räume,1
rückkehr,1
rückschlägen,1
rückverfolgung,1
rüstungsexportvereinbarungen,1
rüstungsgüter,1
rüstungskontrolle,2
rüstungskooperation,1
saisonarbeitnehmern,1
sammlungsgut,1
sanierungsbedarf,1
sanktionierbare,1
sanktionsbewehrten,1
sanktionsmöglichkeiten,1
sanktionsregime,1
satzungsmäßigen,1
sauberen,1
schaden,1
schadet,1
schaffen,13
schaffung,2
schiene,1
schienennetzes,1
schlaglicht,1
schließen,1
schließt,1
schließungen,1
schmutzigem,1
schnell,4
schnelle,1
schnellen,1
schneller,2
schnelles,1
schocks,1
schon,2
schonvermögen,1
schritt,3
schritte,2
schrittweise,2
schuldenkrise,1
schule,1
schulen,4
schulgebäude,1
schulischer,1
schulsozialarbeit,1
schulträgern,1
schulunterricht,1
schulverpflegung,1
schutz,5
schutzeinrichtungen,1
schwangerschaftsabbrüche,1
schwangerschaftskonflikte,1
schwarzarbeit,1
schwer,1
schwerer,1
schwerpunkte,1
schwerpunktstaatsanwaltschaften,1
schwulen,1
schwächeren,1
schülerin,1
schützen,2
schützt,1
sdg,1
security,2
seelische,1
sehen,3
sei,1
seit,1
seiten,1
seitens,1
sekunde,1
selbstbestimmte,2
selbstständigen,1
selbstverständlich,1
selbständige,3
selbständiges,1
seltener,1
senken,1
setzen,14
setzt,2
sexismus,1
sexuelle,1
sexuellen,1
sicher,4
sichere,4
sicherer,1
sicheres,1
sichergestellt,2
sicherheit,3
sicherheitsbehörden,1
sicherheitsbereich,1
sicherheitspolitik,1
sicherheitsrat,1
sichern,5
sicherste,1
sicherstellen,2
sicherstellt,1
sicherstellungsauftrag,2
sichert,1
sicherung,3
sicherungsfunktionen,1
sicherzustellen,1
sichtbar,2
sichtbarkeit,1
sinkt,1
sinne,4
sinnvoll,1
sinnvolle,1
situationen,1
sitz,1
sitzplätze,1
softwareprodukte,1
solar,1
solaranlage,1
soldatinnen,1
solidargemeinschaft,1
solidarisch,1
solidarische,2
solidarischen,1
solidarischeren,1
solidarisches,1
solidarität,3
solidarité,1
sollen,7
sollten,2
solo,2
sonderfonds,1
sorge,1
sorgeaufgaben,1
sorgen,17
sorgt,2
souveränes,2
souveränität,1
sowie,10
sowohl,1
sozial,8
sozialausgaben,1
sozialdemokrateninnen,1
sozialdemokratie,1
sozialdemokratischer,1
soziale,7
sozialen,3
sozialer,2
sozialpartnern,1
sozialpolitik,1
sozialpolitisch,1
sozialstaat,4
sozialstaates,1
sozialstaats,1
sozialstandards,1
sozialunion,1
sozialversicherung,1
sozialversicherungen,1
sozialversicherungspflichtig,1
sozialversicherungspflichtige,1
sozialökologischen,1
spagat,1
spalten,1
spannungen,1
sparen,1
sparrunden,1
spd,1
speicherbar,1
spiel,1
spielen,1
spielräume,2
spitze,2
sport,3
sportvereins,1
sprachkurse,1
sprachund,1
sprich,1
spätestens,3
spürbar,1
staat,3
staaten,1
staates,1
staatlich,1
staatliche,2
staatlichen,3
staatlicher,1
staatliches,2
staatsangehörigkeit,1
staatsanleihen,1
staatsbürgerinnen,1
stabil,2
stabilen,1
stabiles,1
stabilität,2
stablecoins,1
stadt,1
stadtentwicklung,1
standardeinstellungen,1
standards,1
standort,1
stark,1
starke,3
starken,1
start,2
statt,1
stattdessen,1
steckt,1
stehen,7
stehenauch,1
steht,1
steigen,1
steigenden,1
steigern,2
stellen,6
steuerbegünstigte,1
steuerbelastung,1
steuerfreiheit,1
steuergerechtigkeit,1
steuerkooperation,1
steuerlich,1
steuerliche,1
steuersatz,1
steuervermeidung,1
steuervorteil,1
steuerzuschüsse,1
stichtagsregelung,1
stirbt,1
stop,1
strafgerichtshof,1
strafrecht,1
strafrechtlich,1
straftat,1
straftaten,1
straftäterinnen,1
strafverfolgung,1
strafverfolgungsbehörden,1
strategie,1
straßenverkehr,1
streben,2
strecken,1
stressbelastung,1
strom,3
stromerzeugung,1
stromleitungen,1
stromnetze,1
stromrechnung,1
stromverbrauch,1
strukturhilfen,1
strukturschwachen,1
strukturwandels,1
studierende,1
stunden,1
städten,2
ständiger,1
stärken,9
stärker,7
stärkere,2
stärkung,3
stößt,1
suchen,1
synergien,1
system,3
systeme,1
systems,1
sächliche,1
südens,3
tafeln,1
tag,5
taktungen,1
tarif,2
tarifbindung,1
tarifrecht,1
tarifverhandlungen,1
tarifvertrag,1
tatsächliche,1
tatsächlichen,1
teambasierte,1
tech,1
technisch,1
technische,2
technischen,1
technologieführer,1
technologischen,1
techunternehmen,1
teil,1
teile,2
teilhabe,2
teilhabekosten,1
teils,2
tempo,1
terrorismus,1
thw,1
tiefgreifende,1
tieren,1
tierwohl,1
tierwohllabels,1
tierwohls,1
tourismus,1
tragen,2
trans,1
transformation,5
transformationsprozesse,1
transport,1
treffen,1
treibhausgase,1
treibhausgasemittenten,1
treibhausgasneutral,1
treten,2
trägt,2
tuberkulose,1
tun,2
twh,1
tägliche,1
täglicher,1
tätig,1
tätigkeiten,1
türkei,1
uhr,1
umbau,3
umfangreiche,1
umfassen,1
umfassend,2
umfassende,2
umfassenden,1
umfasst,1
umgang,3
umgesetzt,4
umlagen,1
umschlägt,1
umschulen,1
umsetzen,3
umsetzung,6
umsetzungsund,1
umsteigen,1
umstieg,1
umstrukturierungen,1
umständen,1
umwege,1
umwelt,2
umweltbonus,1
umweltfreundliche,3
umweltschonende,1
umweltschutz,1
umweltstandards,1
umzug,1
unabhängig,8
unabhängiger,1
unabhängiges,1
unbedingt,1
unbegleiteten,1
unbürokratische,1
unerlässlich,1
unermesslichen,1
unfairen,1
unfallversicherungsschutz,1
ungeachtet,1
ungefähr,1
ungleichen,1
ungleichheit,1
union,3
universelle,2
unmittelbaren,1
unnötige,1
unserer,14
unteilbarkeit,1
unten,1
untere,1
unterhalb,1
unternehmen,19
unternehmensgewinne,1
unternehmensgründungen,1
unterrichts,1
untersagen,1
unterschiedliche,1
unterschiedlichen,1
unterstützen,16
unterstützt,2
unterstützung,5
unterstützungsangebote,1
unterstützungsleistungen,1
unvermeidlich,1
unvorhersehbare,1
unzureichenden,1
up,1
update,2
ups,1
urbane,1
usa,1
variante,1
verankern,2
verantwortung,5
verantwortungsgemeinschaft,2
verantwortungsvollen,2
verbessern,3
verbessert,2
verbesserte,1
verbesserung,1
verbesserungen,1
verbindliche,3
verbindlichen,2
verbindliches,1
verbleib,1
verbraucherinnen,3
verbrauchern,1
verbrechen,1
verbrennung,1
verbriefte,1
verbunden,1
verdanken,1
verdienen,2
verdoppeln,1
verdächtige,1
vereinbarkeit,2
vereinbarten,1
vereinbarungen,3
vereine,2
vereinen,1
vereinigte,1
vereinten,2
verfassungsschutz,1
verfassungswerte,1
verfolgen,4
verfolgt,2
verfolgung,3
verfügbar,1
verfügbaren,1
verfügen,1
verfügung,2
vergabekriterien,1
vergangenen,1
vergangenheit,1
vergeben,1
vergleich,1
vergrößert,1
vergünstigung,1
vergütung,1
verhandelbar,1
verhandlungen,1
verhandlungsprozessen,1
verhindern,2
verkehr,1
verkehrsmittel,1
verknüpfen,1
verkürzen,1
verlagen,1
verlagerung,1
verlassen,1
verlieren,2
verloren,1
verlässliche,4
verlässlichen,1
vermeidbar,1
vermieden,1
vermieterinnen,2
vermittlung,1
vermögen,5
vermögende,1
vernünftige,1
verpflichten,1
verpflichtend,1
verpflichtenden,1
verpflichtung,1
verpflichtungen,2
verringern,1
verschuldeten,1
verschärfung,2
versicherte,1
versorgt,1
versorgte,1
versorgung,4
versorgungspraxis,1
versorgungsverpflichtungen,1
versprechen,1
verständigen,1
verständnis,1
verstärkte,1
verteidigung,1
verteidigungshaushalt,1
verteilnetze,1
verteilung,1
vertraglich,1
vertreten,2
vertreterinnen,1
vertreters,1
verträge,1
vervollständigung,1
verwaltungsdienstleistungen,1
verwaltungseinheiten,1
verwaltungsleistungen,1
verwandeln,1
verwendet,1
verzichtet,1
verändern,1
veränderter,1
veräußerungsgewinne,1
veröffentlichung,1
viele,10
vielen,7
vieler,1
vielfalt,1
vier,1
vision,1
vn,1
volkshochschulen,2
vollbeschäftigung,1
vollschulischen,1
vollständig,2
vollumfänglich,1
vollversicherung,1
vollzeit,1
vollzuschuss,1
voranbringen,3
vorangehen,2
voraussetzung,1
voraussetzungen,2
vorbeugende,1
vorbild,1
vordergrund,1
vorgehen,1
vorlebt,1
vornherein,1
vorreiterrolle,1
vorschieben,1
vorschlag,1
vorsorgende,1
vorzugehen,1
vorübergehenden,1
wachsen,1
waffen,1
wagniskapital,1
wandel,2
wandels,1
ware,1
wasserstoff,4
wasserstoffbetriebenen,1
wasserstoffleitungen,1
wechsel,1
wege,1
wegen,2
wegfall,1
wegzuwerfen,1
weise,1
weit,1
weite,2
weiten,1
weiterbilden,1
weiterbildung,2
weiterbildungs,1
weiterbildungsbonus,1
weiterbildungsförderung,1
weitere,4
weiteren,2
weiterentwickeln,5
weiterentwickelt,2
weiterhin,1
weitestgehend,1
weitreichenden,1
weißen,1
welt,5
weltgesundheitsorganisation,1
welthandelsorganisation,1
weltmarkt,1
weltweit,2
weltweiten,1
weltweiter,1
weniger,3
wer,6
werben,1
werdenmit,1
wert,3
wertebasierten,1
werten,1
wertschöpfungsketten,1
wertvoll,1
wettbewerb,5
wettbewerben,1
wettbewerbern,1
wettbewerbsbedingungen,1
wettbewerbsfähig,2
wettlauf,1
who,1
wichtig,3
wichtige,3
wichtiger,1
wichtigste,2
widrigen,1
wiederbeleben,1
wiederbelebung,1
wiederherzustellen,1
wiederverwenden,1
wikipedia,1
wildwuchs,1
wirksam,2
wirksamen,1
wirkungsvollen,1
wirkungsvollere,1
wirtschaft,4
wirtschaften,3
wirtschaftlich,2
wirtschaftliche,1
wirtschaftlicher,1
wirtschaftliches,1
wirtschaftskriminalität,1
wirtschaftsstrukturen,1
wirtschaftsund,2
wirtschaftszweig,1
wissen,1
wissenschaft,1
wissenschaftlichen,1
wissensprojekte,1
wohl,1
wohlstand,2
wohnheimangebote,1
wohnkostenpauschale,1
wohnortnahen,1
wohnraum,1
wohnung,3
wohnungen,1
wohnungsbau,1
wohnungsbaugesellschaften,1
wohnungseinbrüche,1
wohnungsgröße,1
wto,2
wurde,1
wurden,1
wählen,1
währungen,1
wärmepumpen,1
zahl,1
zahlen,2
zehn,3
zeigen,2
zeigt,1
zeit,3
zeiteinzahlungen,1
zeiten,1
zeitgemäßes,1
zeitguthaben,1
zeitkontos,1
zeitpunkt,1
zentrale,3
zentralen,2
zentraler,1
zentrales,1
zentrum,1
zero,1
zertifizierte,1
ziel,16
ziele,1
zielen,1
zielvorgaben,1
zivilgesellschaft,4
zivilgesellschaftliche,1
zivilisatorische,1
zone,1
zudem,9
zugang,11
zuge,1
zugewanderten,1
zugewandter,1
zugleich,3
zugund,1
zugänglich,3
zukommen,1
zukunft,11
zukunftsfelder,1
zukunftsfähigkeit,1
zukunftsmissionen,1
zukunftsprogramm,1
zukunftssektoren,1
zukunftstechnologien,1
zukünftig,1
zukünftige,2
zulassen,1
zuletzt,1
zumal,1
zumeist,1
zunehmend,1
zunächst,1
zurück,1
zurückfließen,1
zusammen,5
zusammenarbeit,2
zusammenhalt,1
zusammenhält,1
zusammenwachsen,1
zuschüssen,1
zustand,1
zustimmen,1
zuständigen,1
zusätzlich,1
zusätzlichdas,1
zusätzliche,2
zusätzlichen,1
zuverlässig,1
zuversicht,1
zuversichtlich,1
zwecke,2
zwei,4
zweiten,1
zwischenziele,1
zwölf,1
züge,1
zügen,1
ältere,1
älteren,1
ändern,1
ärmsten,1
ärztin,1
äußere,1
öffentlich,3
öffentliche,4
öffentlichen,7
öffentlicher,2
öffnung,1
ökologisch,2
ökologische,1
ökologischen,2
ökonomischen,1
ökosysteme,1
überarbeiten,1
überaus,1
überlagert,1
übernehmen,3
überprüft,1
überprüfungs,1
überschuldung,1
übersetzerinnen,1
überstunden,1
überteuerten,1
überwiegend,1
überwindung,1
überwunden,1
