000,4
10,2
107,1
111,1
112,1
124,1
127,1
143,1
145146mut,1
149,1
16,1
162,1
166,1
16a,1
19,2
1977,1
1990er,1
1995,1
20,8
2000,1
2005,1
2009,1
2018,1
21,3
22,1
23,1
25,1
26,1
27,1
30,1
300,1
35,1
432,1
436,1
4748die,1
51,1
52,1
590,1
60,1
600,1
63,1
65,1
71,1
7374der,1
79,1
85,1
8788migration,1
99,1
ab,22
abgaben,1
abgabenbelastung,1
abgabenlast,1
abgabenpolitik,2
abgelehnter,1
abgeordneten,3
abgeordnetenvergütung,1
abgeschafft,1
abgesenkter,1
abgewickelt,1
abhängig,1
abhängigkeit,1
abkehr,2
abs,1
abschaffung,6
abschiebe,1
abschiebung,2
abschiebungen,2
absehbar,1
absenkung,1
absoluter,1
abstammungsprinzip,1
abstinenz,1
abtreibung,1
abtreibungen,2
abwanderung,2
abzulehnen,1
achten,1
achtung,1
ackerflächen,1
adoption,1
afd,58
afrikanischen,1
agrarflächen,1
agrarpolitik,2
agrarstrukturen,1
agrartechnischen,1
agrarumweltmaßnahmen,1
akademisierungswahn,1
akteneinsicht,1
akteure,1
aktien,1
aktive,1
aktivierenden,1
aktivitäten,1
aktuelle,1
akzeptiert,2
all,1
allein,1
alleine,1
allerdings,4
allgemeingüter,1
allmacht,1
alt,1
alter,2
alternative,1
altersarmut,2
altersgerecht,1
altersrente,1
alterssicherungssystem,1
alterssicherungssysteme,1
altparteien,1
ambulante,1
amtes,1
analog,1
anbau,1
anbindung,1
anderslautenden,1
anforderungen,2
anforderungenbesonders,1
angeblichen,1
angebot,1
angelegenheiten,3
angemessene,3
angemessener,2
angemessenheitsprüfung,1
angenommen,1
angeordnet,1
angerechnet,1
angespannten,1
angestrebt,1
angestrebten,1
angleichung,1
angriff,1
anhängig,1
anlagen,1
anlegen,1
anlehnung,1
anliegen,1
anlässlich,1
anpassen,1
anpassung,2
anrechnung,1
anregen,2
anreizen,1
ansatz,1
ansatzes,2
anschließen,1
anschließend,1
anschließenden,1
anschluss,1
anspruch,2
ansprüche,1
anstrengungen,1
anteiligen,1
anti,1
antibiotikaresistenzen,1
antideutscher,1
antrag,1
anwenderfreundlich,1
anwendung,1
anzahl,2
anzupassen,1
anzustreben,1
anzutreten,1
apotheken,1
app,1
apps,1
arbeit,2
arbeiten,2
arbeitgeber,1
arbeitskraft,1
arbeitslosengeld,1
arbeitslosengeldes,1
arbeitslosigkeit,2
arbeitsmarkt,1
arbeitsplätze,1
arbeitsuchende,1
armut,1
art,1
arten,2
artenschutz,1
artikel,1
arzneimitteln,1
aspekte,1
asyl,1
asylanerkennung,2
asylbewerber,4
asylbewerbern,1
asylsystem,1
asylverfahren,1
attraktiv,1
aufenthaltsbeendigung,1
auferlegt,1
aufgabe,4
aufgaben,2
aufgefasst,1
aufgegeben,1
aufgenommen,1
aufgrund,5
aufkauf,1
aufklärung,1
aufkündigen,2
aufnahme,4
aufnahmequoten,1
aufnehmen,1
aufsicht,1
aufwachsen,1
aufweichung,1
aufweisen,1
aufzulösen,2
augenmerk,1
ausarbeitung,2
ausbau,5
ausbauen,2
ausbeutung,1
ausbildung,1
ausbildungsbewerber,1
ausbildungssystem,1
ausbildungsund,1
ausbreitung,1
ausdruck,2
ausdrücklich,2
auseinandersetzungen,1
ausgebaut,1
ausgebaute,1
ausgegeben,1
ausgehend,1
ausgelasteten,1
ausgeschlossen,1
ausgesetzter,1
ausgestaltet,1
ausgestalteten,1
ausgestattet,2
ausgewiesen,1
ausgewogenen,1
ausgewogenes,1
ausgewählte,2
ausgleich,2
ausland,7
ausländische,3
ausländischem,1
ausländischen,1
ausländisches,1
ausnahme,1
ausnahmefällen,1
ausnahmslos,1
ausreichend,1
ausreichende,1
ausreise,1
ausreisen,1
ausreisepflichtige,1
ausreisepflichtiger,1
ausrichten,1
ausrichtung,1
ausscheiden,1
ausschiffung,1
ausschließlich,3
ausschließlicher,1
aussetzen,1
aussichtslosen,1
australiens,1
australische,1
austritt,2
ausverkauf,1
auswahl,1
ausweg,1
ausweisung,1
auswirkung,1
auswirkungen,2
auszahlung,1
auszahlungen,1
auszubauen,1
auszurichten,1
auszusetzen,1
auszuüben,1
automati,1
automatische,1
automatisierung,1
autonomen,1
autonomie,1
autoritären,2
außerdem,2
außereuropäischen,1
b2,2
bagatellisierung,1
bahnund,1
bankkunden,1
bargeldes,1
bargeldnutzung,1
bargelds,1
basiert,1
basis,1
baus,1
beamtenrechts,1
beamtenstatus,1
bedarf,3
bedarfsgerechten,1
bedeuten,1
bedeutet,1
bedeutsamer,1
bedeutung,1
bedingung,1
bedingungen,5
bedingungslose,1
bedrohung,1
bedürfnissen,1
beeinflussen,1
beeinträchtigte,1
beeinträchtigungen,1
beenden,2
beendet,1
beendigung,1
befinden,2
befindet,1
befreien,1
befähigt,1
befähigung,1
befördert,1
befürchten,1
befürworten,2
befürwortet,1
begabungen,1
begegnen,1
begleiten,1
begrenzt,2
begrenzten,1
begrenzung,1
begrifflichen,1
begründet,1
behandeln,1
behandelt,1
behandlungsdaten,1
behauptung,2
behauptungen,1
beherrschbar,1
behinderten,1
behörde,2
behörden,2
behördengang,1
behördlich,1
beibehalten,1
beide,1
beider,1
beim,4
beinhaltet,1
beispiel,1
beispielsweise,1
beitrag,2
beitragsaufkommen,1
beitragsfinanzierten,1
beitritt,1
beitrittsverhandlungen,1
beiträge,2
beiträgen,2
bekannt,1
bekannten,1
bekennen,2
bekennt,4
bekenntnisgebundenen,1
bekommen,1
bekämpfen,5
bekämpft,1
belange,1
belastet,1
belastung,1
belegen,2
belgien,1
bemessung,1
benachbarter,1
benachteiligen,1
benachteiligt,2
beratungsscheinregelung,1
berechtigten,2
bereich,5
bereichen,1
bereicherung,1
bereichsübergreifendes,1
bereinigung,1
bereit,1
bereits,9
bereitstellung,1
berichterstattung,1
berliner,1
beruf,3
berufliche,3
beruflichen,1
beruflicher,1
berufsgruppen,1
berufsleben,1
berufspolitiker,2
berufsschulen,1
berufstätigkeit,2
berufswahl,1
berufung,1
beruhende,1
berücksichtigen,3
berücksichtigt,2
beschafft,1
beschaffungs,1
beschleunigen,1
beschleunigt,1
beschlüssen,1
beschneiden,1
beschreibt,1
beschränken,1
beschränkt,2
beschäftigtenvertreter,1
beschäftigung,1
besetzt,1
besetzung,1
besoldung,1
besondere,2
besonderen,1
besonderer,1
besonderes,1
besonders,4
besser,4
bessergestellt,1
besserstellen,1
bestandsschutz,1
bestandteil,3
bestandteile,1
bestechung,2
bestehende,2
bestehenden,1
bestehender,1
besteht,1
bestellt,1
besten,1
bestrebungen,1
beteiligten,1
beteiligung,2
betrag,1
betreiber,1
betreut,1
betrieben,2
betriebs,1
betriebskindergärten,1
betriebsrenten,1
betroffen,3
betroffene,1
betroffenen,5
betätigt,1
bevor,1
bevorzugen,2
bevorzugt,2
bevorzugung,2
bevölkerungsrückgang,1
bevölkerungswachstum,1
bewahren,1
bewahrt,1
bewahrung,1
bewaldet,1
bewerbern,1
bewerbers,1
bewertungsprobleme,1
bewirtschaften,1
bewusst,1
bewährte,1
bewährten,2
bewährung,1
bewältigt,1
bezahlbar,1
bezahlbare,1
bezahlung,1
beziehungen,4
bezogene,1
bezug,5
bilden,1
bildet,1
bildung,3
bildungsanforderungen,1
bildungseinrichtungen,2
bildungsstand,2
bildungsstandards,1
bildungssystem,1
bildungsund,1
bildungswesen,2
bildungswesens,1
billiger,1
billionen,1
billionenschwere,1
biologische,1
biologischen,1
biologischer,1
bisher,5
bisherige,1
blau,1
bleiben,8
bleibt,2
bodenfruchtbarkeit,1
bologna,2
brauch,1
brauchen,1
braucht,1
brauchtum,1
breiter,1
brennstoffkreislauf,1
brexit,1
bringen,7
bruchteil,1
bsi,1
budgetierung,2
bund,1
bundesamt,1
bundeseinheitliche,2
bundeshaushalts,1
bundespolizei,2
bundesregierung,5
bundesrepublik,2
bundestag,1
bundestagsabgeordnete,1
bundestagsabgeordneten,1
bundesverfassungsgericht,1
bundeswehr,2
bundesweit,1
bundeswirtschaftsund,1
bus,1
bzw,6
bündeln,1
bürger,10
bürgerlichen,1
bürgern,6
bürgschaften,1
bürokraten,1
bürokratie,1
c1,1
cancel,1
cannabis,1
china,3
christentum,1
christlichen,1
co2reduktionsgesetzgebung,1
corona,5
coronawiederaufbaupaktes,1
critical,1
culture,1
curricula,1
dabei,10
dadurch,1
dafür,7
dagegen,2
daher,12
danach,1
daneben,1
dar,1
daran,1
darauf,4
daraus,1
darf,13
darstellen,1
darüber,3
daten,1
datenschutzkonform,1
dauerhafte,1
dauerhaften,2
dauerrettung,1
davon,1
ddr,1
deal,1
deckungsoption,1
definieren,1
definition,1
dekarbonisierung,1
delikte,1
demographischen,1
demokratie,4
demokratiegefährdendes,1
demokratien,2
demokratisch,1
demokratischen,1
demokratischer,2
demontage,2
denen,5
denkverbote,1
dennoch,1
derart,2
deren,10
derzeit,3
derzeitige,1
desaster,1
deshalb,10
desolaten,1
destabilisiert,1
deutlich,5
deutsch,2
deutsche,11
deutschem,1
deutschen,21
deutscher,3
deutsches,1
deutschland,32
deutschlands,11
deutschlandtakt,1
dezentrale,1
diagnosemethoden,1
didaktisch,1
dienen,2
dienst,2
diensthaftpflichtversicherung,1
dienstherr,1
dienstleistungen,1
dienstunfall,1
dienstunfähigkeitsund,1
differenziert,1
differenziertes,2
diffuse,1
digital,1
digitale,1
digitalen,2
digitalisierung,1
digitalsteuer,2
dimension,1
diplom,1
direkt,1
direkter,1
diskreditiert,1
diskriminierung,1
diskussion,1
dividende,1
dominanz,1
dominieren,1
doppelbelastung,1
doppelbesteuerung,1
dortigen,1
drehenden,1
drei,1
dringen,1
dringend,1
drittel,1
drittländer,1
drittmitteln,1
drogen,1
druck,1
druckmittel,1
drängt,2
dschihadisten,1
duale,1
durchgeführt,2
durchlässiges,1
durchmischung,1
durchsetzung,1
dynamisierung,1
düngemitteln,1
düngeverordnung,1
düngung,1
dürfen,3
ebene,6
ebenfalls,1
ebenso,1
effektivität,1
effizienten,1
effizientes,1
egal,1
ehe,2
eheliche,1
ehemalige,1
ehepartner,1
eher,1
eheverträge,1
eigene,2
eigenen,5
eigener,2
eigengenutzte,1
eigenkapitalersatz,1
eigentum,2
eigenverantwortliche,1
eigenverantwortung,2
eignung,2
einbezieht,1
einbeziehung,4
einbußen,1
einbürgerung,1
eindämmen,1
einerauch,1
einfluss,2
einfordern,1
einführen,3
einführung,4
eingehalten,1
eingeschränkt,1
eingeschätzte,1
eingesetzt,1
eingezahlt,2
eingezahlten,1
eingezogen,1
einhalt,2
einhaltung,4
einheimische,1
einheitliche,1
einheitlichen,1
einheitliches,1
einheitswährung,1
einklang,2
einkommen,3
einkommensgruppen,1
einkommensschwache,1
einmalzahlungen,1
einreisen,1
einrichtung,1
einrichtungen,2
einsatz,2
einschleppung,1
einschlägigen,1
einschränken,1
einschränkung,1
einschränkungen,3
einseitig,1
einseitige,1
einsetzen,1
einsichtsfähigkeit,1
einspeisevorrang,1
einst,1
einstellen,1
einstellung,1
einstieg,1
einstimmigkeitsprinzips,1
einvernehmen,1
einwanderung,1
einwanderungsländer,1
einwanderungspolitik,2
einwanderungssystem,1
einwirkung,1
einzelne,2
einzelnen,2
einzelner,1
einzige,2
einzubinden,1
einzudämmen,1
einzuführen,1
elektromobilität,1
elementare,1
elementarer,1
elemente,2
eltern,6
elternteil,1
empirisch,1
ende,2
endender,1
endlich,1
energieerzeugung,1
energielieferanten,1
energiemarkt,1
energien,2
energiepflanzen,1
energiepolitik,1
energieträger,1
energieversorgung,2
energiewende,1
eng,2
enger,1
englisch,2
enorme,2
entdemokratisierung,1
enteignung,1
enteignungen,2
entgegen,4
entgegenwirken,1
entgegenzustellen,1
entgegenzutreten,1
entgegenzuwirken,1
enthaltenen,1
entlang,1
entlasten,2
entlastung,1
entmündigung,1
entrichteter,1
entscheiden,3
entscheidend,1
entscheidung,2
entscheidungen,4
entscheidungsbefugnissen,1
entscheidungskriterium,2
entschieden,9
entschlossen,1
entschädigung,1
entspannung,1
entsprechen,1
entsprechende,5
entsprechender,2
entspricht,1
entstehen,1
entsteht,1
entwertet,1
entwickelt,1
entwickelte,1
entwicklung,2
entwicklungshilfe,1
entwicklungspolitik,1
erarbeitet,2
erbracht,1
erbringen,1
erdgas,1
ereignissen,1
erfahren,1
erfahrungen,2
erfahrungsgemäß,1
erfindungsreichtum,1
erfolge,1
erfolgen,3
erfolgreiche,1
erfolgreicher,1
erfolgsmodell,1
erfolgsprüfung,1
erfolgt,1
erfolgte,2
erfordernis,1
erfüllt,1
ergebnisse,1
ergänzend,1
ergänzung,1
erhalt,3
erhalten,11
erhaltenen,1
erhard,1
erheblich,1
erheblichem,1
erheblicher,1
erholung,1
erhöhen,1
erhöhung,1
erkenntnis,1
erklären,1
erklärt,1
erlangung,1
erlassen,1
erlaube,1
erlaubt,1
erleichtern,3
erleichterung,1
ermessenseinbürgerung,1
ermittlungsund,1
ermöglichen,3
ermöglicht,2
erneuerbare,2
erneuerbaren,1
ernst,1
ernähren,1
ernährungssicherheit,1
erreichen,3
erreicht,3
errungenschaften,1
erschreckend,1
erschreckenderweise,1
erschweren,2
erschwert,1
erschwerten,1
ersetzbar,1
ersetzen,2
ersetzt,1
erstanschaffungen,1
erstattet,1
erstellung,1
ersticken,1
erwachsene,1
erwachsenenalters,1
erwarten,1
erwartenden,1
erweitert,1
erweiterung,1
erwerb,2
erwerben,1
erwerbsbiografien,1
erwerbseinkommen,1
erwerbsleben,1
erworbene,1
erwägungen,1
erwärmung,1
erzeugt,1
erzeugtem,1
erzieherische,1
erzielte,1
eskapaden,1
etabliert,1
etablierten,2
ethisch,1
etwa,1
eu,19
eupolitik,1
euro,8
eurokorsetts,1
europa,9
europas,3
europäische,5
europäischen,15
europäischer,5
europäisches,1
eurosystem,1
evaluationsund,1
evaluierung,1
existentielle,2
existenzgründung,1
existenzsichernde,1
exporte,1
externe,1
extrem,2
extremistischen,1
ezb,1
facebook,1
facharztbehandlungen,1
fachaufsicht,1
fache,1
fachkräften,2
fachliche,1
fachlichen,1
fachlicher,1
fachpersonal,1
fachwissenschaftliche,1
fahndungserfolge,1
fahndungsmöglichkeiten,1
fahrverbote,1
fairness,2
faktenanalysen,1
faktor,2
fall,2
falsch,1
falsche,1
familie,7
familien,8
familienarbeit,1
familienfeindlichen,1
familienfreundliche,4
familienfreundlichen,1
familienfreundliches,1
familiengründung,1
familienpolitikt,1
familienpolitischen,1
familienrechts,1
familiären,1
federführende,1
fehlende,1
fehlenden,1
fehlender,1
fehlentwicklung,1
fehlkonstruktion,1
fehlt,1
fehlverhalten,2
fehlverhaltens,1
fehlzahlungen,1
feiertagszuschlägen,1
ferner,3
fernhandelsstraßen,1
fertigstellung,1
festgelegten,1
festlegen,1
feststellung,1
festzustellen,1
feuerwehr,1
fig,1
filtern,1
finanzielle,2
finanziellen,2
finanzieller,2
finanzierbar,1
finanzierung,2
finanzierungsvolumens,1
finanzminister,1
finanzverwaltung,1
finden,2
fit,1
fledermäuse,1
fleischoder,1
flexibilität,1
fluchtbewegungen,1
flugverkehr,1
flächen,1
flächendeckend,1
flächendeckenden,1
flächentarifvertrag,1
flüchtlinge,2
fokus,1
fokussierte,1
folge,1
folgebetreuung,1
folgende,1
fondslösung,2
for,1
forcierte,1
fordern,11
fordert,18
forderung,2
forderungen,3
form,5
formalen,1
formen,1
formuliert,1
forschung,1
fortgesetzten,1
fortschreitende,1
fortschreitenden,1
fortschritt,1
frage,3
fragmentierten,1
französisch,2
frau,1
frauen,1
frei,1
freie,4
freien,3
freier,2
freigestellt,2
freiheit,5
freiheitlichdemokratischen,1
freiheitlichen,1
freiheitsrecht,1
freiheitsrechte,2
freiwillige,1
freiwilliger,1
fremder,1
freude,1
frieden,2
friedens,1
friedfertiger,1
friedlich,1
friedlichen,1
fundament,1
fundamental,1
funk,1
funktionieren,2
fußläufige,1
fällen,2
förderbedarf,1
fördergelder,1
fördermittel,1
fördern,5
förderschule,1
förderund,2
förderung,5
fühlen,1
führen,7
führenden,1
führt,5
führte,1
fürsorgepflicht,2
gab,1
galt,1
ganz,2
ganzen,1
gap,1
gar,3
garantieren,1
garantierten,5
gas,1
gasleitung,1
gate,2
geas,1
gebaren,2
geben,3
geberland,1
gebieten,5
gebietsfremde,2
gebot,2
geboten,1
gebotene,1
gebracht,3
geburt,3
geburten,1
geburtsortprinzip,1
gebäudeenergiegesetz,1
gebäudevermögens,1
gebührenden,1
gebührenfreiem,1
gedächtniskirche,1
geeigneten,1
gefallen,2
gefestigt,1
gefährden,1
gefährdet,1
gefährdung,1
gefährdungszulagen,1
gefördert,2
geförderte,1
geführt,2
geg,1
gegangenen,1
gegebenen,1
gegeneinander,1
gegenteil,1
gegenwart,1
gegenwartsinteressen,1
gegenwärtige,1
gegenzufinanzieren,1
gegenüber,3
gegenübersteht,1
gegner,1
gegängelt,1
gehalt,1
gehen,1
gehoben,2
geht,1
gehören,2
gehört,1
gehörte,1
gekoppelt,1
gekürzt,1
gelagert,1
gelagerte,1
gelangen,1
geld,2
geldes,1
gelebt,1
geleistet,2
gelingt,3
gelten,2
gelöst,1
gemacht,2
gemachte,1
gemeinsame,1
gemeinsamen,2
gemeinsames,1
gemeinschaften,1
gemeinschaftsdienst,1
gemeinschaftsstiftende,1
gemeinwohlorientierter,1
gemessen,1
gemäß,3
genauso,1
gender,3
gendergerechte,1
genderquoten,1
generalisierte,1
generationsübergreifender,1
generative,1
generativen,1
generell,2
genommen,1
genug,1
genuss,1
genutzt,1
geopolitik,1
geordneter,1
geprägt,1
gerade,1
geradezu,1
gerecht,2
gerechtigkeit,8
gerettet,1
geringeren,1
gesammelt,1
gesamten,1
gesamtfläche,1
gesamthöhe,1
gesamtstaat,1
gesamtstruktur,1
geschaffen,1
geschehen,1
gescheitert,4
geschlecht,2
geschlechter,2
geschlechterrollen,1
geschlechtes,1
geschlechts,1
geschlossen,2
geschlossener,1
geschäftsgrundlage,1
gesellschaft,7
gesellschaftsordnung,1
gesetz,3
gesetze,3
gesetzen,1
gesetzes,1
gesetzeswidrige,1
gesetzgeberisch,1
gesetzgeberische,1
gesetzgebung,1
gesetzlich,3
gesetzliche,2
gesichert,1
gesonderten,1
gespräche,1
gestalten,1
gestaltet,1
gestaltete,1
gestaltung,1
gestellt,3
gesteuerten,2
gestiegen,1
gestärkt,1
gesunde,1
gesundheitliche,1
gesundheitsund,1
gesundheitswesen,1
getauscht,1
getrieben,1
getroffen,2
gewalt,2
gewaltsame,1
gewinnen,1
gewinnt,1
gewissen,1
gewollt,1
gewähren,1
gewährleistet,4
gewährleistung,1
gewährt,2
gewährung,1
gewünscht,1
gezahlt,1
geändert,1
gg,2
ggf,2
gilt,4
gipfeltreffen,1
gleich,1
gleichberechtigung,4
gleichgestellt,2
gleichgewicht,2
gleichheitsvorstellungen,1
gleichstellung,1
gleichwertige,1
gleichzeitiger,1
gleichzustellen,1
global,1
globale,1
globalen,2
gläserne,1
gläsernen,1
glücklicheren,1
gold,1
government,1
gravierende,1
green,1
greifen,1
grenze,3
grenzen,1
grenzkontrollen,1
grenzschutz,2
grenzschutzes,1
grenzsicherungskonzept,1
grenzwerten,1
grenzüberschreitender,1
groben,1
großbritannien,1
großbritanniens,1
große,1
großen,3
großkonzerne,1
großtechnische,1
großteil,2
grundausbildung,1
grunderwerbsteuer,1
grundfinanzierung,1
grundfunk,1
grundgesetz,4
grundgesetzes,2
grundgesetzlich,2
grundlage,2
grundlegenden,1
grundordnung,1
grundrecht,3
grundrechten,1
grundschule,1
grundsicherung,2
grundsätze,1
grundsätzlich,4
grundund,1
grundwert,1
grundwerten,1
gruppe,1
größe,1
größere,1
größeren,1
größten,1
gründen,2
gründung,1
gründungsidee,1
grüne,1
gut,2
gute,2
guten,2
guter,1
gutsherrenart,1
gültigen,1
günstigen,1
günstiger,2
güterund,1
haftrechts,1
haftung,1
halten,9
haltung,1
handel,1
handeln,1
handelspartner,1
handelsregeln,1
handelswege,1
handelte,1
handwerklich,1
harmonisierung,1
hartz,1
hauptmotive,1
hauptwirkstoff,1
hauptwohnsitz,1
haushalte,1
haushaltspolitischen,1
heilpraktikers,2
heimat,5
heimatlichen,1
heimatnahen,1
heimische,1
heimischen,1
heimischer,1
helfen,1
hemmungen,1
heraus,1
herausbilden,1
herausforderungen,1
herbeiführen,1
herbeigeführte,1
herbeigeführtenbelastungen,1
herstellen,3
herstellung,2
hervorzuheben,1
herzstück,1
hetzerische,1
heute,3
heutewir,1
heutige,1
hierbei,1
hiesige,1
hilfeleistungen,1
hilfen,1
hilfswerk,1
hinaus,3
hinblick,1
hinein,1
hinnehmen,1
hinreichend,1
hinreichendes,1
hinsichtfür,1
hinsichtlich,2
hinterbliebenenversorgung,1
hintergrund,2
hinweisgeber,1
hinweisgebers,1
historisch,1
historischen,1
historischer,1
historischkulturellen,1
hoch,3
hochschulen,1
hohe,3
hoheitliche,2
hohem,1
hohen,2
hoher,1
horten,1
human,1
humanitäre,1
humanitären,1
hunderten,1
häfen,1
hälfte,1
hängt,1
härtefälle,1
häu,1
häufig,1
höhe,7
höhere,1
höheren,1
höheres,1
idealismus,1
idee,1
identität,6
identitätsbildend,1
identitätswahrenden,1
ideologie,2
ideologisch,3
ideologischen,2
ideologischer,1
illegal,1
illegalen,1
immer,9
immobilie,1
immunitätsausweise,1
impfung,1
inakzeptabel,2
inbetriebnahme,1
indikationen,1
indirekt,1
individualbudgets,1
individuellen,1
individuelles,1
indoktrination,1
industrie,3
industrienation,1
inf,1
infektion,1
informationelle,2
informations,1
informierte,1
infrastruktur,1
infrastrukturen,2
inhabergeführten,1
inhaftierung,1
inhaftnahme,1
inhalt,1
inhalte,1
inhalten,1
inhaltlich,1
inhaltsleeren,1
initiiert,1
initiierte,1
inklusion,1
inklusive,1
inland,1
inländische,1
innenstädte,1
innere,2
innerhalb,4
innovativer,1
inobhutnahmen,1
insbesondere,10
insekten,1
insolvenzverschleppung,1
instagram,1
institution,1
institutionen,3
instrument,2
instrumente,1
intakte,1
integraler,2
integration,3
integrationsbereitschaft,1
integrationsprojekte,1
intention,1
interesse,1
interessen,4
interessengebiet,1
interessengemeinschaft,1
interessenwahrung,1
international,1
internationalen,4
internationaler,1
interne,1
internet,2
intime,1
intimsphäre,1
invasiver,1
investitionen,3
investitionshemmnisse,1
investoren,2
irrweg,1
islam,1
islamische,2
islamischen,1
islamisierung,1
islamophobie,1
islams,2
it,1
iv,1
iwf,1
ja,1
jagt,1
jahr,2
jahren,16
jahrhundert,1
jahrhunderts,2
jahrzehnten,2
japan,1
japanischem,3
je,1
jedoch,7
jegliche,2
jeglicher,1
jeweiligen,1
jeweiliges,1
jeweils,1
jugendamt,1
jugendamtes,1
junge,4
jungen,1
junglandwirte,1
juristen,1
justiz,1
justizvollzugsanstalten,1
justizwesen,1
justizzentren,1
jäger,1
jägern,1
jährlich,1
jüngste,1
kabinetten,1
kaiserreichs,1
kampf,2
kanadas,1
kandidaten,1
kandidatur,1
kanäle,1
kapitalgedeckte,1
kapitalgedeckten,1
kapitalmarkt,1
kapitalstock,1
kapituliert,1
kaschierter,1
kauf,1
kaufen,1
kaufentscheidung,1
kaufkraft,1
kaum,1
keime,2
keimzelle,1
kennen,1
kennzeichen,1
kern,1
kernaufgabe,1
kernforderungen,1
kernkraftwerk,1
ki,1
kind,2
kinder,9
kinderbetreuung,1
kindererziehung,1
kinderfreundliche,1
kinderlosen,1
kindern,4
kindertagesstätten,1
kinderwunsch,1
kindes,1
kindesentzug,2
kirchen,1
kirchenähnliche,1
klaren,2
klassenkampfrhetorik,1
klassenkämpferische,1
klassische,1
kleinen,1
klima,1
klimakatastrophe,1
klimapolitik,1
klimas,1
klimaschwankungen,1
klimaund,1
kliniksterben,1
km,1
koalitionsvereinbarungen,1
kognitiv,1
kohle,1
kollektive,1
kollektivmaßnahmen,1
kolonialen,1
kommen,2
kommerzialisierung,2
kommt,3
kompetenzbegriff,1
kompetenzen,1
kompetenzorientierung,2
komplett,1
komplette,1
konflikte,2
konkrete,2
konkreten,1
konkurrenz,1
konkurrenzfähig,1
konkurrenzfähigkeit,1
konnten,1
konsequent,2
konsequente,2
konservative,1
konstrukte,1
konstruktiv,1
kontakt,1
kontaktaufnahme,1
konten,3
kontext,1
kontexten,1
kontinent,1
kontinuierlich,1
kontoinhabern,1
kontraproduktiv,1
kontrollierte,1
kontrollmechanismen,1
konventionellen,1
konventioneller,1
konzentriert,1
konzept,1
kooperation,2
kooperationen,1
kooperieren,1
korpsgeist,1
korrektheit,1
kostbares,1
kosten,4
kostengünstig,1
kostengünstiger,1
kostenlose,1
kraft,2
kraftstoffe,1
krankenhausaufenthalt,2
krankenhäuser,1
krankheitsfällen,1
kredit,1
kriegerischen,1
kriminalisieren,1
kriminalität,2
kriminelle,1
krise,3
krisenfall,1
kriterien,1
kriterium,1
kritik,3
kritiklos,1
kritisch,2
kultur,1
kulturell,1
kulturelle,1
kulturellen,3
kultureller,2
kulturen,1
kulturpflanzen,2
kumulierens,1
kunststoffe,1
kurze,1
kurzzeitiger,1
käufer,1
königreich,1
könne,1
könnt,1
körperschaft,1
künftig,2
künftigen,1
künftiger,1
künftiges,1
künstlerischen,1
kürzlich,1
lage,2
land,2
landes,3
landesstruktur,1
landflucht,1
landkreisen,1
landschaft,1
landschaftsbild,1
landschaftsbildes,1
landschaftsschutz,1
landstraße,1
landwirten,1
landwirtschaftlichen,1
landwirtschaftsfremde,1
lange,2
langen,1
langfristig,2
langfristige,1
langfristigen,1
lassen,5
lasten,1
lastengerechtigkeit,1
laufende,1
laut,1
leben,3
lebende,1
lebenden,1
lebendigen,1
lebendtransport,1
lebens,1
lebensbereiche,1
lebensfähige,1
lebensgefühl,1
lebenslagen,2
lebensmittel,1
lebensmittelbesteuerung,1
lebensraumes,1
lebensrettenden,1
lebensräume,1
lebensstandards,1
lebensversicherungen,1
lebenswerte,1
lebenswichtige,1
legal,1
legalen,1
legalwaffenbesitzer,1
legen,1
legitimiert,3
lehnen,13
lehnt,7
lehr,1
lehre,1
lehren,1
lehrstellen,1
leibeigenschaft,1
leichten,1
leisten,1
leistung,3
leistungen,5
leistungsfeindlich,1
leistungsfähigen,2
leistungsfähigkeit,1
leistungsgerechte,1
leistungsgerechtigkeit,1
leistungsgewährung,1
leistungsorientiertes,1
leistungsprinzips,1
leistungsunabhängigen,1
leistungsunterschiede,1
leitbild,3
leitbilder,1
leitkultur,1
leitungsebenen,1
lern,1
lernen,1
letzten,8
letztere,1
leugnung,1
liberalisierung,2
liefern,1
liegen,3
liegt,4
linke,2
linker,1
linksextremismus,1
linksgrüner,1
linksterrorismus,1
listenwahl,1
lkw,2
lobbygruppen,1
lobbyismus,1
lobbyisten,2
lockdown,1
lohndruck,2
lokale,1
loyal,1
loyalitätskonflikte,1
ludwig,1
luft,1
luftund,1
länder,7
länderebene,1
ländern,5
ländliche,1
ländlichen,3
länger,2
lösung,3
lösungen,1
macht,1
magister,1
mainstream,2
mandat,1
mandatsträger,1
mangel,1
mangelnde,1
manifestieren,1
mann,1
mark,2
markt,2
marktes,1
marktwirtschaft,1
masken,1
massenmigration,3
massive,2
master,1
maximal,1
maß,2
maße,2
maßgeblich,1
maßgebliche,1
maßnahmen,5
maßnahmenkatalog,1
maßstab,1
maßvollen,1
medien,3
medienunternehmen,1
medikamente,1
medizin,1
medizinische,3
medizinisches,1
medizinstudenten,2
mehr,19
mehrere,1
mehrfachbelastung,1
mehrung,1
meinungsfreiheit,4
meinungskartell,1
meinungsäußerung,3
meinungsäußerungen,1
meister,1
meldemöglichkeiten,1
meldestelle,1
mensch,2
menschen,7
menschenbildes,1
menschenrecht,2
menschenrechtskonvention,1
menschheitsgeschichte,1
messbare,1
messerdelikten,1
methodisch,1
mietendeckel,1
mieter,1
mietpreisbremse,1
mietrecht,1
mietsteigerungen,1
mietwohnungen,1
migranten,5
migration,4
migrations,1
migrationsdruck,1
migrationsgeschehen,1
migrationspakts,1
migrationspolitik,1
migrationspolitischen,2
mikroklimas,1
milliarden,1
milliardenbeträgen,1
millionen,1
minarett,1
minderheiten,2
mindestabstand,1
mindestens,4
mindestlöhne,1
mindeststrafmaß,1
minimiert,1
miss,1
missachtung,1
missbraucht,2
mitarbeiter,1
mitarbeiterpauschale,1
mitbestimmung,1
mitgestalten,1
mitgliedschaft,1
mittel,7
mitteln,2
mittels,1
mittelschicht,1
mittelstand,2
mittelständischen,1
mittlere,1
modell,4
modernes,1
modernisieren,1
modernisierung,1
monatelangen,1
monatlich,1
monopole,1
moscheen,1
motivation,2
motivierte,2
motorräder,1
muezzinruf,1
multikulturalismus,1
multipolaren,1
multiresistente,2
mundarten,1
mutbare,1
mutige,1
mutter,2
muttersprache,1
mächte,1
mächtigen,1
männern,1
märkten,1
möchte,2
möglich,6
möglichkeit,2
möglichst,4
mündigen,1
müssen,23
nachdruck,1
nachdrücklich,3
nachhaltig,1
nachhaltigkeit,1
nacht,2
nachteil,1
nachvollziehbaren,1
nachweisbaren,1
nachweislich,1
nahrungsmittelanbau,1
nation,2
nationale,4
nationalen,1
nationaler,6
nationalstaat,1
nationalstaaten,1
nationalstaatlichen,1
nationen,2
nato,1
natorussland,1
natur,2
naturereignisse,1
naturnahe,1
naturund,1
natürlich,1
natürlicher,1
neben,4
nebeneinander,1
nebentätigkeiten,2
nebenund,1
negative,1
negativzinsen,1
nehmen,1
neidgefühle,1
netz,1
neu,1
neue,3
neuen,1
neuer,1
neuverhandlung,1
neuverschuldung,1
nichteinmischungsgebots,2
nichtstaatliche,1
nie,2
niedergelassenen,1
niederschwellige,1
niedriger,1
niemals,1
niemand,1
niemandem,1
nina,1
nitratbedarf,1
niveau,2
niveaus,1
niveausenkung,1
nord,1
normalität,1
notwendig,1
notwendigen,2
nuklearen,1
nunmehrige,1
nutzen,3
nutzer,1
nutznießer,1
nutzung,2
nächsten,1
nächstgelegenen,1
oberste,1
objektive,1
objektwertes,1
obligatorisch,1
oecd,1
offensive,1
oft,2
ohnehin,1
ok,1
ombudsstelle,1
open,1
optimale,1
option,1
organisationen,1
organisatorischen,1
organisierte,2
organisierten,1
orientieren,1
orientiert,1
orientierte,2
originär,1
ort,1
osze,1
palliativmedizin,1
panaschierens,1
pandemie,1
pandemiebedingte,1
parallelgesellschaften,1
parkplätze,1
parlamentariern,2
parlamentarischen,1
parlamente,2
parlamentsvorbehalt,1
parteien,5
parteipolitischer,1
parteipolitisches,1
partikularinteressen,1
partner,3
partnerländer,1
partnerschaft,1
passive,1
patienten,1
pauschale,1
pauschalen,1
pauschalierte,1
pendler,1
pensionsansprüche,2
person,1
personal,2
personalunter,1
personell,1
personen,6
persönlich,1
persönliche,2
persönlichkeits,1
pervertierung,1
pflanze,1
pflanzen,1
pflanzenarten,1
pflanzenwachstum,1
pflege,2
pflegeausbildung,1
pflegebedürftige,1
pflegebedürftigen,1
pflegeeinrichtungen,2
pflegefall,1
pflegekräfte,1
pflegen,2
pflicht,2
pflichten,1
pflichtige,1
pflichtstoff,1
phagentherapie,1
photovoltaikanlagen,1
phänomene,1
pisa,1
planen,1
planwirtschaft,1
planwirtschaftlichen,1
plattformen,3
politik,7
politikmaßnahmen,1
politisch,3
politische,5
politischen,1
politischer,3
polizei,2
polizeibeamte,1
polyzentrische,1
positive,1
postulierten,1
potenziert,1
prak,1
praktizieren,1
praktizierte,1
praxis,1
praxisfern,1
praxisschließungen,1
preiserhöhungen,1
primärenergieträger,1
primärziel,1
prinzipien,2
prioritäten,2
private,2
privateigentum,2
privaten,2
privatisierung,1
privatschulen,1
privatwirtschaftlichen,1
privileg,1
privilegierte,1
pro,1
problem,1
problemen,1
problems,1
produkte,1
produkten,1
produktion,2
produzierenden,1
profilen,1
profitieren,1
projekt,1
projekte,1
projektes,1
propagierte,1
prosperierende,1
prosperierenden,1
prozess,2
prozesses,1
prozessordnung,1
präparate,1
prüfstand,1
prüfungsstandards,1
puffer,1
pull,1
pünktlichkeit,1
qualifikation,2
qualifizierte,2
qualifizierten,4
qualifizierung,1
qualität,1
qualitätsstandards,2
quo,1
quote,1
race,1
rache,1
rad,1
radikale,1
rahmen,9
rahmenbedingungen,3
rahmenlehrpläne,1
rassismus,2
rational,3
rationaler,1
rats,1
raum,1
raumfahrt,1
realitätsfremde,1
realwirtschaft,1
rechnungshöfe,1
recht,5
rechten,1
rechtliche,1
rechtlichen,7
rechtlosigkeit,1
rechtmäßigkeit,1
rechts,3
rechtsrahmen,1
rechtsstaatlicher,2
rechtsstaatlichkeit,1
rechtsund,1
reduzieren,1
reduzierung,2
referenzrahmens,1
reform,2
reformansätze,1
reformbedürftig,1
reformieren,1
reformiert,1
regelfall,1
regelmäßig,3
regelmäßigen,2
regelmäßiger,1
regeln,4
regelstudienzeit,1
regelung,2
regelungen,6
regelunterricht,1
regenerativer,1
regierungen,1
regierungslobhudelei,1
regierungsmitgliedern,1
regierungspolitiker,2
region,1
regional,1
regionale,1
regionaler,1
regionen,1
regulierungen,1
reife,1
reine,1
reisezeiten,1
rekonstruktionen,1
rekordhoher,1
relativismus,1
religionen,1
religionskritik,2
religionsunterrichts,1
religiöser,1
renationalisieren,1
rentabel,1
rente,1
renten,3
rentenalter,1
rentenansprüche,1
rentenbeiträge,3
rentenberechtigten,1
renteneintritt,2
renteneintritts,1
rentenhöhe,1
rentenkasse,1
rentensystem,1
rentensysteme,1
rentenversicherung,4
rentenüberleitungsprozess,1
rentner,1
repressalien,1
reserveantibiotika,1
respektieren,1
respektiert,1
ressentiments,1
ressourcen,1
restriktiven,1
reststoffe,1
retten,1
rettungsdienste,1
rettungspakete,1
rettungspolitik,2
return,1
richter,1
richtigen,1
richtlinien,1
riegel,2
rohstoffen,1
rolle,4
rollenden,1
rollenkonflikten,1
ruhestand,1
rundfunk,2
russland,2
rückführung,1
rückgabe,1
rückholbar,1
rückkehr,3
rückkehrbereitschaft,1
rückkehrpflichtige,1
rücklagen,1
rückzahlung,1
rüstung,1
sache,1
sachleistungen,2
sachwerte,1
sammlungsgütern,1
sanktionen,3
satzung,1
sauberes,1
sauberkeit,1
schaden,2
schadet,1
schaffen,3
schafft,1
schaffung,2
scheidung,1
scheidungsfolgen,1
scheitern,1
schen,1
schicksalhaften,1
schicksalsfragen,1
schiller,1
schlachttieren,2
schlecht,1
schleichende,1
schlepptau,1
schließt,1
schluss,1
schlüssel,1
schneller,1
schnellstmöglich,1
schock,1
schon,4
schuldprinzip,1
schulen,3
schulform,1
schulformen,1
schulinterne,1
schulsystem,1
schutz,5
schutzbedürftige,1
schutzes,1
schutzsystem,1
schwangerschaftsberatungen,2
schwangerschaftskonfliktberatung,1
schweizer,3
schwelle,1
schwerer,2
schwerkriminalität,1
schwerpunkt,1
schwerwiegende,1
schwerwiegendes,2
schwächer,1
schäden,2
schädliche,1
schönheit,1
schüler,2
schülern,1
schützen,4
schützt,1
sechs,1
seehafen,1
seenotrettung,2
seerecht,1
segment,1
sei,1
seien,1
seit,10
seite,1
seitens,1
selbstbestimmt,1
selbstbestimmung,6
selbstbeteiligung,1
selbstbewussten,1
selbstermächtigungen,1
selbstständigen,1
selbstständigkeit,1
selbstverantwortliche,1
selbstverständliches,1
semester,1
senken,2
senkung,1
sensibilität,1
serie,1
serviceorientierte,1
setzen,10
setzt,5
sexualität,1
sexualpädagogik,1
sexuelle,1
sgb,1
sicheren,1
sichergestellt,1
sicherheit,5
sicherheitsbereichs,1
sicherheitspolitisch,1
sicherheitspolitische,2
sicherheitspolitischen,1
sicherheitsstrategie,1
sichern,2
sicherungssystemen,1
signifikante,1
sinkt,1
sinn,1
sinne,3
sinnvoll,1
sinnvolle,1
skies,1
sklaverei,1
sofortige,2
sofortigen,2
sogenannte,3
sogenannten,1
sogenannter,1
solange,1
soldaten,1
soldatische,1
soli,1
solidarität,1
solidarsystem,1
sollen,12
sollten,3
somit,1
sonderabschreibung,1
sonderpädagogischem,1
sonderschulen,2
sonnund,1
sonstige,1
sorgen,2
souverän,1
souveränen,1
souveräner,2
souveränität,1
sowie,15
sozial,3
soziale,10
sozialen,4
sozialer,7
sozialhilfe,1
sozialisierung,1
sozialistische,1
sozialleistungen,6
sozialpolitik,2
sozialpolitisches,1
sozialstaates,2
sozialsystem,1
spannungsfeld,1
sparvermögen,1
speichen,1
speziell,2
spielen,1
spielt,1
spitzenpersonal,1
sportschützen,1
sprache,4
sprachen,3
spracherwerb,1
sprachkenntnisse,3
sprachniveau,1
sprachund,1
sprechen,2
spricht,1
spätere,1
staat,3
staaten,12
staatenbund,1
staatenbunds,1
staates,3
staatlich,4
staatliche,4
staatlichen,4
staatlicher,1
staatsangehörigkeit,3
staatsbedienstete,1
staatsbediensteten,1
staatsbürgerschaft,1
staatseingriffe,1
staatsgold,1
staatsversagens,1
staatsziel,1
staatsähnliche,1
stabileren,1
stabilisieren,1
stabilisiert,1
stabilitätsanker,1
stadt,1
stadtteil,1
stammende,1
stand,2
standardisierung,1
standards,1
standorten,1
stark,2
starke,1
starken,1
starre,1
start,1
startkredit,1
stationären,2
statt,8
stattdessen,2
stattfinden,1
status,1
stehen,2
stehenden,1
steht,2
steigen,1
stellen,3
stellt,3
stellung,1
stellvertretend,1
sterbehilfe,1
sterbens,1
steuer,1
steuerbefreit,1
steuererleichterungen,1
steuerfreien,1
steuerliche,1
steuermitteln,1
steuern,2
steuersatz,1
steuerund,3
steuerung,1
steuerungsfunktion,1
steuerzahler,2
steuerzuschüsse,1
stiftungen,2
stoffkreislauf,1
stoppen,2
strafen,1
straftaten,1
straftäter,1
strafverfahren,1
strategischen,1
strategischer,1
straßengewalt,1
stream,1
streichen,2
streichens,1
streichungen,1
streitkräfte,1
streitkräften,1
strikte,2
struktur,1
strukturbrüche,1
strukturell,1
strukturen,2
strukturschwachen,2
studenten,1
studien,1
studiendarlehen,1
studiengängen,1
studienund,1
studies,1
studium,1
studiums,1
ständige,1
ständiger,1
stärken,6
stärker,2
stärkere,1
stärkung,1
stören,1
subventionen,2
subventionierte,1
suchtpsychiatrischen,1
sukzessiv,1
supermarkt,1
superstaat,1
synthetische,1
system,1
sätze,1
süden,1
tag,1
taktung,1
taktungen,1
target,1
tatsächlich,1
technik,1
technisches,1
technologie,1
technologieoffen,1
technologieoffene,1
technologischen,1
teil,4
teilen,1
teilhabe,1
teilnahme,2
teilnehmen,1
teils,1
teilweise,4
teilzunehmen,1
temperaturerhöhung,1
tempolimits,1
temporäre,1
ten,1
tendenzen,2
tensive,1
terror,1
terroranschlag,1
terrorgefahr,1
theorie,1
theory,1
these,1
tiefpunkt,1
tier,1
tiere,2
tierschutz,1
tierschutzrecht,1
tierund,2
tierung,1
tierwelt,1
tische,1
to,1
tod,1
todesund,1
toilettenordnung,1
toleranten,1
toleranz,1
totalitären,3
tracking,1
tradierte,1
traditionen,3
traditionsbezogenen,1
tragen,1
tragfähige,1
transferleistungen,1
transferunion,3
transformation,2
transitverbindungen,1
transparenten,2
transparenz,1
treffen,3
treibstoff,1
trennung,1
trennungen,2
treten,2
tritt,1
träger,1
trägerschaft,1
trägt,1
tugenden,1
tugendterror,1
tun,1
twitter,1
tägliche,1
täter,2
tätigkeit,2
tödlich,1
tötung,1
türkei,1
umbau,1
umbruch,1
umfassenden,3
umfassendes,1
umfeld,1
umfragen,1
umgang,2
umgehung,1
umgesetzt,2
umliegenden,1
ums,1
umsetzung,1
umstellung,1
umverteilung,1
umverteilungs,1
umverteilungsquoten,1
umwandlung,1
umwelt,2
umweltfreundlich,1
umweltschutz,1
umweltund,1
un,1
unabdingbar,1
unabhängig,2
unabhängigen,2
unangemessenen,1
unbegrenz,1
unbegründetheit,1
unbenommen,1
unbilligkeiten,1
undhandel,1
undsystemen,1
uneingeschränkten,1
ungeborener,1
ungerecht,2
ungewöhnliche,1
ungezügelte,1
ungleich,1
ungleichbehandlung,1
unheil,1
unhinterfragten,1
union,5
unmittelbar,1
unmittelbare,2
unrealistisch,1
unserer,14
unsicherheiten,1
unterdrücken,1
untere,1
unterhaltsrechtlichen,1
unterlassene,1
unterliegen,1
unternehmen,7
unternehmer,1
unternehmerund,1
unterricht,1
unterrichts,2
unterscheidet,1
unterschieden,1
unterschiedlich,2
unterschiedliche,1
unterschiedlichen,1
unterschreitung,1
unterschätzt,1
unterstützen,6
unterstützt,2
unterstützung,1
unterstützungsbetrag,1
untersuchungen,2
unterversorgten,2
unterziehen,1
unterzogen,1
unverhältnismäßigen,1
unverzichtbar,2
unverzichtbares,2
unzu,1
unzählige,1
unökologisch,1
upload,1
urlaubsund,1
urteilen,1
variieren,1
vaterländer,1
vehemenz,1
verankerung,2
verantwortlichen,1
verantwortung,1
verantwortungsvolle,1
verarbeitenden,1
verbeamtung,1
verbessern,3
verbesserungen,1
verbieten,1
verbindlich,1
verbindliche,2
verbindungen,1
verbleibs,1
verboten,1
verbraucher,1
verbrauchern,1
verbrauchers,1
verbraucherschutz,2
verbraucherschutzes,1
verbreitung,1
verbrennungsmotoren,1
verbunden,3
verbundenen,1
verdientes,1
vereinbar,1
vereinbarer,1
vereinbarkeit,1
vereinbarungen,2
vereine,2
vereinfachen,1
vereinfacht,1
vereinigten,1
vereinten,1
verfahren,1
verfahrenssprache,1
verfahrenssprachen,1
verfassungsbruch,1
verfassungsgerichte,1
verfassungspatriotismus,1
verfassungsrechtler,1
verfassungsrechtlich,4
verfassungsschutz,3
verfassungswidrig,2
verfassungswidrige,3
verfestigt,1
verflechtungen,1
verflochten,1
verfolgen,1
verfolgungshandlungen,1
verfügbarkeit,1
verfügen,2
verfügung,3
vergabe,1
vergangenheit,2
vergeben,1
vergleich,1
vergütungen,1
verhalten,1
verhaltensaspekte,1
verhandelbarer,1
verhandlungen,1
verheerende,1
verhindern,6
verhindert,4
verhinderung,1
verhältnis,2
verhältnisse,1
verkehrsflughäfen,1
verkehrspolitik,1
verkehrssektor,1
verkehrsteilnehmer,1
verkraftet,1
verkümmern,1
verkümmert,1
verkürzung,1
verleihung,1
verletzungen,1
verliert,1
verloren,1
verlängert,1
verlässliche,1
vermehrt,1
vermeiden,2
vermeidung,2
vermeintlich,1
vermieden,1
vermindert,1
vermittelbar,1
vermögen,1
vermögensaufbau,1
vernachlässigt,1
vernetzung,1
verordneten,1
verpflichten,3
verpflichtende,4
verpflichtung,1
verpflichtungserklärung,1
verrechnet,1
verrichten,1
verringern,2
verringertem,1
verschlechtert,1
verschuldungsund,1
verschulung,1
verschärfen,2
verschärft,1
verschärfte,1
verschärfung,1
versetzt,2
versicherten,2
versorgung,5
versorgungssicherheit,1
verstandener,1
versteht,2
verstoßen,1
verständlichen,1
verständnis,1
verständnisses,1
verstößen,1
verstößt,1
versuch,1
versucht,1
vertieft,1
vertrag,1
vertragsabschlussfreiheit,1
vertragsbrüchen,1
vertragsfreiheit,2
vertrauen,1
vertraulichkeit,1
vertreten,1
vertreter,1
verträge,1
verunsichern,1
verunsicherung,1
verursachen,2
verwaltung,1
verwaltungsakt,1
verwaltungsermächtigungen,1
verwaltungsregister,1
verwehrt,1
verwenden,1
verwendung,1
verwerfungen,1
verwertbare,1
verwirklichen,2
verwirklichung,1
verzeichnen,1
verzicht,1
veränderte,1
veränderten,1
veränderung,1
viele,6
vielen,3
vielfach,1
vielfalt,1
vielfältigen,1
vielmehr,3
vier,1
vierte,1
viii,1
volatile,2
volk,3
volkes,1
volksabstimmungen,2
volksentscheide,1
volksrepublik,1
volkssouveränität,1
volksvertreter,1
volkswirtschaften,1
volkswirtschaftlichen,1
volle,1
voller,1
vollstreckung,1
vollständig,1
vollständige,1
vollumfängliche,1
vollwertiger,1
vollzugsanstalten,1
vollüberwachung,1
vorangegangene,1
vorangetrieben,2
vorangetriebene,1
voraus,2
voraussetzung,2
voraussetzungen,2
vorbehalten,1
vorbei,1
vorbereitet,1
vorbeugen,1
vorbild,4
vorbild91,1
vorbildlichen,1
vorbildung,1
vorerst,1
vorgeschriebene,2
vorgestellten,1
vorhandene,1
vorindustriellen,1
vorliegen,1
vorläufige,1
vormachtstellung,1
vorrang,1
vorrangflächen,1
vorschieben,1
vorstellungen,1
vorsätzlich,1
vorweisen,1
vorwurf,1
vorzeitigen,1
vorzunehmen,1
vorzuschieben,1
vorzuziehen,1
väter,2
vögel,1
völkern,1
völkerrechtlicher,2
völlig,1
wachstum,1
waffenbesitz,1
waffenrechts,1
waffensammler,1
wahl,1
wahlrecht,1
wahren,1
wahrung,2
wandel,2
wann,1
warenumschlagplätzen,1
warenverkehr,1
warenverkehrs,1
warn,1
wartezeiten,1
wasser,1
wassermarkts,2
wasserstoff,1
wasserstoffwirtschaft,1
wechselbrückenumschlages,1
weder,2
wegen,2
wegfallen,1
wegfalls,1
wehrfähigkeit,1
wehrtechnischen,1
weihnachtsmarkt,1
weise,3
weitaus,1
weite,3
weitere,2
weiteren,4
weiterentwickelt,1
weiterer,2
weiteres,1
weiterverkaufen,1
weiterzuentwickeln,1
weitsichtiger,1
weiße,1
welt,1
weltmarkt,1
weltordnung,1
weltweit,2
weltweiten,3
weltwirtschaft,1
wem,1
wenden,2
wendet,1
wenig,1
wenigen,1
weniger,2
wer,1
werken,1
werte,3
wertekonsens,1
werten,1
werterhalt,1
werteund,1
wertschätzung,1
wertschöpfungsstrukturen,1
wertspeicher,1
wesen,1
wesentlicher,1
wesentliches,2
weshalb,1
westbalkan,1
wettbewerb,2
wettbewerbsfähig,1
wettbewerbsfähigkeit,1
whistleblower,2
who,1
wichtige,1
wichtigem,1
wichtigen,3
wichtiger,1
wichtiges,2
widerspricht,1
widerspruch,1
widerstand,1
widmen,1
wiederansiedlung,1
wiederaufbau,1
wiederaufnahme,1
wiederbeleben,1
wiedereinführung,3
wiedereingeführte,1
wiedereinzuführen,1
wiedergewinnen,1
wiedergewonnen,1
wiederhergestellt,1
wiederherstellung,4
willensbildung,1
willkürlichen,1
windenergieanlagen,2
windkraftanlagen,1
wirksamen,1
wirksamkeit,1
wirkt,2
wirkung,2
wirkungsvoller,2
wirtschaft,3
wirtschaftlich,3
wirtschaftlichen,2
wirtschaftlicher,1
wirtschaftsgebiet,1
wirtschaftsgeschichtlich,1
wirtschaftssektoren,1
wirtschaftsstandort,2
wirtschaftsstruktur,2
wirtschaftsund,1
wissen,1
wissenschaftlichen,2
wissenschaftsund,1
wodurch,2
wohl,1
wohlfahrts,1
wohlstand,3
wohlstandes,1
wohlstands,1
wohlsten,1
wohnbauland,1
wohnbebauung,1
wohneigentum,1
wohngeld,2
wohnimmobilien,1
wohnkosten,1
wohnortnahe,1
wohnraum,1
wohnung,2
wohnungsbau,2
wohnungsbaugenossenschaften,1
wohnungsneubau,2
wolfs,1
wonach,1
worden,1
wozu,1
wunsch,3
wunschdenkens,1
wunschund,1
wunschvorstellung,1
wunschzeitpunkt,1
wurde,2
wurden,3
wächst,1
währung,2
währungen,1
währungsaufwertung,1
währungskrisen,1
wälder,1
wände,1
wünschen,1
zahl,2
zahlen,3
zahlreiche,1
zahnloses,1
zehn,1
zehren,1
zeichnen,1
zeigen,3
zeigt,1
zeit,2
zeiten,1
zeitgeist,1
zeitgemäßen,1
zeitlich,1
zeitlicher,1
zeitpunkt,2
zeitraum,1
zensur,2
zentrale,2
zentraler,1
zentrales,1
zentralisierung,1
zentralstaat,1
zentrum,1
zerstört,2
zertifikat,1
zertifizierung,1
ziel,4
zielen,1
zielsetzung,1
zivilrechtsordnung,1
zoll,1
zuckersteuer,1
zudem,4
zufließen,1
zugang,1
zugeführt,1
zugestanden,2
zugewanderter,1
zugleich,3
zugreifen,1
zugrunde,1
zuhause,1
zukunft,4
zukunftsfest,1
zukunftsfähiger,1
zukünftig,2
zukünftige,2
zukünftigen,1
zulassen,1
zulassung,1
zulassungsstandards,1
zulieferindustrie,1
zulässt,1
zumeist,1
zumutbar,1
zunehmend,3
zunehmende,2
zurück,1
zurückführung,1
zurückgeben,2
zurückgedrängt,1
zurückgeholt,1
zurückkehren,1
zurückweisungen,1
zusammenarbeit,1
zusammenleben,1
zusammenrücken,1
zusatz,1
zusehends,1
zusicherungen,1
zustand,2
zustehende,1
zustimmung,2
zustände,1
zuwanderern,1
zuwanderung,3
zuwanderungskontingente,1
zuzulassen,2
zwecke,1
zweitwichtigste,1
zwingend,1
zwischenstaatliche,1
zählt,1
zügig,1
ächtung,1
ämter,1
änderung,2
ängste,1
ängsten,1
ärzte,1
ärzten,1
ärztlichen,1
ärztlicher,1
äußersten,1
öffentlich,2
öffentliche,2
öffentlichen,2
öffentlichkeit,1
ökologische,2
ökonomisch,1
ökonomischen,1
ökonomisches,1
ökosysteme,2
öl,1
österreichischem,1
überbordender,1
übergriffe,1
überholverbote,1
überhöht,1
überkapazitäten,1
überleben,1
übernationale,1
übernehmen,1
überprüfen,1
überprüft,1
überragende,1
überregulierungen,1
überschreitet,1
überschätzt,1
übertroffen,1
überwachen,1
überwachungsmaßnahmen,1
überweisen,1
überwiegende,1
überwiesen,1
überzahlungen,1
übliche,1
