000,6
10,3
100,1
112,1
116117,1
120,1
13,1
14,1
15,3
16,1
18,2
19,1
195,1
1bereit,9
1bundestagswahlprogramm,6
20,1
200,2
2000,1
2019,1
2020,1
2021,41
2022,1
2025,4
2028,1
2030,8
2050,1
218,1
219,1
25,2
2bereit,9
2budget,1
2bundestagswahlprogramm,5
30,2
32,1
3bereit,6
3bundestagswahlprogramm,10
40,3
4bereit,3
4bundestagswahlprogramm,2
50,9
500,1
51,1
5bereit,11
5bundestagswahlprogramm,12
6bereit,6
6bundestagswahlprogramm,4
70,1
80,1
90,1
ab,22
abbau,1
abbaubare,1
abbauen,2
abbiegeassistenzsysteme,1
abbilden,1
abdeckt,1
abfedert,1
abfischen,1
abgabe,1
abgas,1
abgase,1
abgasen,1
abgebaut,1
abgebrannt,1
abgedeckt,1
abgegeben,1
abgeholzt,1
abgehängt,1
abgeleitet,1
abgeordnete,1
abgeordneten,2
abgeschafft,1
abgeschlossen,1
abgeschoben,2
abgesichert,2
abgesicherten,1
abgestimmt,1
abgestimmte,1
abgetaucht,1
abgewiesen,1
abhängen,1
abhängig,4
abhängigkeit,4
abhängigkeiten,1
abkommen,2
abkommens,3
ablegen,1
ablösen,1
abnehmen,1
abrechnungssystematik,1
abriss,1
abrüstung,2
abschaffen,5
abschalten,1
abscheuliches,1
abschiebestopp,1
abschiebungen,2
abschließen,1
abschluss,3
abschnitte,1
abseits,1
absetzbar,1
absichern,5
absichert,3
absicherung,3
absinken,1
abstammungsrecht,2
abstimmungen,1
abstimmungsmöglichkeiten,1
abstrakt,1
abstrakter,1
abund,1
abwehr,2
abwehrt,1
abweisen,1
abwälzung,1
abwärme,1
abzubauen,1
abzug,1
abzusenken,1
accounts,1
achten,1
act,2
administratorinnen,1
ads,1
adäquat,1
afghanistan,1
afrika,1
afrikanischen,1
agenda,3
agentur,1
agenturen,1
agiert,2
agilität,1
agrarindustrielle,1
agrarpolitik,2
agrarumweltförderung,1
agrarökologische,1
ahnden,1
akademische,1
akademischen,1
akteneinsichtsrecht,1
akteur,1
akteurin,1
akteurinnen,3
aktienkleinanlegerinnen,1
aktienrecht,1
aktionsprogramm,2
aktiv,9
aktive,5
aktiven,5
aktivere,1
aktivitäten,2
aktuell,1
aktuelle,1
aktuellen,2
akut,1
akzeptanz,1
algorithmische,1
algorithmischen,1
all,4
allein,5
alleine,1
alleinerziehende,5
alleinerziehenden,2
alleingangs,1
allenfalls,1
allerdings,1
allgemein,2
allgemeine,1
allgemeinen,1
allgemeiner,2
allgemeinheit,2
allianz,2
alltag,9
alltagsprodukte,1
alphabetisierung,1
alt,1
alte,2
alter,4
alternative,2
alternativen,3
alters,1
altersgerechtes,1
altersgrenze,1
alterssicherung,1
altersunabhängig,1
altersversorgung,1
altersvorsorge,4
altlasten,1
ambitioniert,2
ambitionierte,4
ambitionierter,2
ambulante,3
ambulanten,1
amokläufe,1
amputationen,1
amt,1
analog,4
analyse,1
analysefähigkeit,1
anbau,1
anbieten,1
anbieter,2
anbieterinnen,3
anbindehaltung,1
and,1
andauernden,1
andererseits,1
andernorts,1
anderswo,2
anerkannt,1
anerkannte,3
anerkannten,1
anerkennt,1
anerkennung,3
anerkennungsverfahren,1
anfang,6
anfangsphase,1
anfeindungen,1
angabe,1
angebot,5
angebote,11
angeboten,2
angebots,1
angefangen,1
angehen,1
angehoben,1
angehörige,1
angehörigen,1
angelegt,1
angemessen,2
angemessene,2
angemessenen,1
angeordnet,1
angerechnet,2
angereichert,1
angereizt,1
angesichts,3
angespannten,1
angestellt,1
angestiegen,1
angewendet,3
angewendeten,1
angewiesen,3
angibt,1
angriffe,1
angst,1
angstfrei,1
anheben,2
anhekapitel,1
ankommen,4
ankunft,1
anlagen,2
anlassbezogen,1
anlasslose,1
anlaufstelle,3
anlaufstellen,1
anlegerinnen,1
anliegen,1
anmeldung,1
annexion,1
anonymer,1
anonymisiert,1
anonymisierten,2
anonymisierung,1
anpassen,1
anpassung,4
anreize,1
anreizsysteme,1
anrufen,1
ansatz,1
ansatzes,1
anschlag,1
anschließen,1
anschluss,1
anschläge,1
anschubfinanzierung,1
ansonsten,1
ansprechstellen,1
anspruch,8
ansprüchen,1
anstatt,2
anstehende,1
ansteigen,1
ansteigende,2
anstreben,1
anstrengungen,4
anstößt,1
ansätze,2
anteil,5
anteile,1
anteilige,1
anteils,1
anti,3
antibiotika,2
antidemokratischen,1
antidiskriminierungspolitik,1
antidiskriminierungsstelle,1
antisemitische,1
antisemitischen,1
antisemitismus,3
antiviralen,1
antrag,2
antrieb,1
anträge,1
antwort,2
anwaltlichen,1
anwendbar,1
anwendung,2
anwendungen,7
anzahl,2
anzeigeund,1
anzubieten,1
anzulegen,1
anzupassen,2
arabischen,1
arbeit,14
arbeiten,9
arbeitenden,1
arbeitet,2
arbeitgeber,1
arbeitgeberinnen,2
arbeitnehmerinnen,1
arbeitnehmerstatus,1
arbeits,1
arbeitsagenturen,1
arbeitsbedingungen,4
arbeitsleben,2
arbeitslos,2
arbeitslosengeld,3
arbeitslosenrückversicherung,1
arbeitslosenversicherung,2
arbeitslosigkeit,1
arbeitsmarkt,6
arbeitsmigration,1
arbeitsnormen,1
arbeitsorganisation,1
arbeitspensum,1
arbeitsplatz,1
arbeitsplätze,4
arbeitsschutz,1
arbeitsverbot,1
arbeitsverhältnisse,1
arbeitsversicherung,1
arbeitswelt,1
arbeitszeit,2
arbeitszeitmodelle,1
arbeitszeitreduzierungen,1
armut,4
armutsfeste,1
art,2
artenschutz,3
artenvielfalt,1
artificial,1
arzneimittel,1
arzneimitteln,1
aspekte,1
assistenzbedarf,1
assistenzsysteme,2
assoziierten,1
asylbewerberleistungsgesetz,1
asylrecht,1
asylrechts,1
asylstandards,1
asylsuchenden,1
asylverfahren,1
asylverfahrens,1
asylverfahrensberatung,1
atem,1
atom,1
atomausstieg,2
atomfabriken,1
atomkraft,2
atomwaffen,1
atomwaffenverbotsvertrag,1
attentate,1
attentaten,1
attest,1
attraktive,2
attraktiver,2
aufarbeitung,1
aufbau,7
aufbauplan,1
aufbruch,2
aufenthalt,3
aufenthaltserlaubnis,1
aufenthaltsqualität,1
aufenthaltsrechtlichen,2
aufenthaltsstatus,1
aufenthaltstitel,2
aufenthaltsund,1
aufgabe,3
aufgaben,12
aufgabenwahrnehmung,1
aufgearbeitet,1
aufgebaut,2
aufgeklärte,1
aufgenommen,1
aufgestellt,2
aufgestellte,1
aufgeteilt,1
aufgewertet,1
aufgezeigt,1
aufgreifen,1
aufgrund,4
aufheben,1
aufklärung,1
aufklärungsarbeit,1
aufklärungsund,1
aufkündigung,1
auflegen,3
auflösen,1
aufnahme,5
aufnahmebereite,1
aufnahmeländer,2
aufnahmepartnerschaft,1
aufnahmeund,1
aufnehmen,2
aufnehmenden,1
aufsicht,2
aufsichtsbehörden,1
aufsichtsräte,1
aufstellen,2
aufstieg,1
aufstocken,1
aufteilen,1
auftraggeberin,1
auftragnehmerin,1
auftretenden,2
aufträge,2
aufund,1
aufwachsen,3
aufzubauen,1
aufzunehmen,1
aufzuteilen,1
augen,3
augenhöhe,3
augenmerk,1
ausbau,10
ausbauen,19
ausbauhemmnisse,1
ausbauhindernisse,1
ausbaut,1
ausbauten,1
ausbeuterische,1
ausbeutung,4
ausbildung,10
ausbildungsbausteine,1
ausbildungsoder,2
ausbildungspartnerschaften,1
ausbildungsplätze,1
ausbildungsvergütungen,2
ausbildungswege,1
ausbremsen,1
auseinandersetzung,1
ausfinanziert,1
ausfuhr,1
ausführendes,1
ausgaben,2
ausgangspunkt,1
ausgebaut,1
ausgebaute,1
ausgebildete,2
ausgedehnt,1
ausgediente,1
ausgehend,1
ausgeht,1
ausgehöhlt,1
ausgerichtete,1
ausgeräumt,1
ausgeschlossen,2
ausgeschöpft,2
ausgesprochen,1
ausgestalten,2
ausgestaltet,3
ausgestaltung,1
ausgestattet,1
ausgestattete,1
ausgewiesenen,1
ausgewählte,1
ausgleich,1
ausgleichsabgabe,1
ausgrenzend,1
aushebeln,1
aushöhlen,1
aushöhlung,1
aushöhlungen,1
auskömmliche,1
auskömmlichen,1
ausland,2
auslandsvertretungen,1
ausländische,4
ausländischen,1
ausländischer,1
ausmaß,1
ausnahmen,1
ausnutzung,1
ausreichen,1
ausreichend,2
ausreichende,2
ausreichenden,2
ausreise,1
ausreisen,1
ausrichten,5
ausrichtet,2
ausrichtung,1
ausrufung,1
aussagebereitschaft,1
aussagekraft,1
ausschließlichen,1
ausschluss,1
ausschreibungsund,1
ausschütten,1
aussicht,1
aussprechen,1
ausstatten,2
ausstattung,2
aussteigen,1
ausstieg,2
ausstoßes,1
ausstufungskriterien,1
austausch,3
austauscherfahrungen,1
austauschs,1
ausufernde,1
ausund,3
ausverkauf,1
auswahl,1
auswahlverfahren,1
ausweisdokumenten,1
ausweisung,1
ausweiten,3
ausweitung,2
auswirken,2
auswirkungen,2
auswärtige,1
auswärtigen,3
auszeichnen,1
auszubauen,1
auszurichten,1
auszuschließen,1
auszuschöpfen,1
auszuweichen,1
authentifizieren,1
auto,2
autobahnen,1
autofreie,1
autoin,1
automatisch,3
automatische,1
automatischen,2
automatisierten,1
automobilwirtschaft,1
autonomes,2
autonomie,1
autoritären,5
autoritärer,1
autos,4
autozentrierte,1
autozentrierung,1
außen,3
außengrenzen,3
außenhandelsorientiertes,1
außenlager,1
außenpolitik,2
außenpolitisch,1
außenstehende,1
außenund,1
außenwirtschaftspolitik,2
außerdem,12
außerhalb,3
außerlandwirtschaftliche,1
außeruniversitäre,1
baden,1
bafin,1
bahn,3
bahnangebote,1
bahnbrechende,1
bahnen,1
bahnhofsgebäude,1
balkons,1
bamf,1
bank,1
banken,4
bankenunion,1
bankgeschäft,1
bankund,1
bargeld,2
bargeldzahlungen,1
barrierefrei,2
barrierefreie,1
barrierefreiheit,4
barrierefreiheits,1
barrieren,1
basis,4
basisinfrastruktur,1
batterien,1
batteriezellen,1
batteriezellenproduktion,1
bau,3
bauen,5
baugesetzbuch,1
baugesetzbuches,1
baumaterialien,1
baumaßnahmen,2
bauschuttdeponien,1
baustein,1
baut,1
beachtliche,1
beachtung,1
beamtinnen,1
beauftragt,1
beauftragten,1
bebauungsplänen,1
bedarf,6
bedarfsgerecht,2
bedarfsgerechte,4
bedarfsgerechten,1
bedarfsprüfung,1
bedauern,1
bedeutet,4
bedeutung,4
bedingung,2
bedingungen,6
bedingungslosen,1
bedrohen,3
bedroht,5
bedrohung,1
bedrohungen,2
bedürfnisse,2
bedürfnissen,1
beeinflussen,1
beeinträchtigt,2
beeinträchtigung,1
beeinträchtigungen,1
beenden,10
beendet,2
beendigung,1
befinden,1
befindlichen,1
befreit,1
befugnisse,1
befugnissen,1
befähigen,1
befördern,1
befürworten,1
begangen,3
begegnen,2
begegnet,1
begegnungen,1
begegnungsräume,1
begeistert,1
beginn,1
beginnend,1
begleiten,2
begleitet,1
begleitprogramm,1
begreifen,1
begrenzen,2
begrenzt,1
begriff,1
begründen,1
begrüßen,1
begünstigen,1
begünstigungen,1
behandeln,2
behandelt,1
behandlungsfehlern,1
behandlungsund,2
behaupten,1
beheben,1
behebung,1
behinderungen,9
behörde,1
behörden,4
behördengänge,1
behördeninterne,1
behördenrennerei,1
behördliche,1
behördlicher,1
beides,1
beigetragen,1
beim,20
beinhaltet,1
beispiel,27
beispiele,1
beispielsweise,10
beitrag,8
beitragen,4
beitragsgarantie,1
beitreten,1
beitritt,2
beiträgen,2
beiträgt,2
beizutreten,1
bejagungsmethoden,1
bekennen,1
bekommen,11
bekommt,1
bekämpfen,7
bekämpft,1
bekämpfung,10
belasten,2
belastungsgrenzen,1
beleben,1
belohnen,1
belohnt,1
belästigung,1
bemerkbar,1
bemessen,1
bemessungsgrundlage,2
bemühungen,1
ben,1
benachteiligungen,1
benehmen,1
benutzerfreundlichen,1
benötigen,2
benötigt,2
benötigten,1
beobachten,1
bequem,1
beraten,3
beratung,5
beratungen,1
beratungsangebote,1
beratungsangeboten,1
beratungsdienstleistungen,1
beratungsergebnissen,1
beratungsnetzwerk,1
beratungsstelle,1
beratungsstellen,1
berechenbarkeit,1
berechnen,1
berechnung,1
berechnungen,1
berechtigten,4
bereich,4
bereiche,4
bereichen,7
bereit,2
bereiten,2
bereitgestellt,2
bereithält,1
bereits,11
bereitschaft,1
bereitstellen,3
bereitstellt,1
bereitstellung,1
bereitzustellen,1
bergbau,1
berge,1
bergung,1
bericht,1
berichten,1
berichterstattung,1
berichtspflichten,2
beruf,2
berufen,1
berufliche,4
beruflichem,1
beruflichen,2
beruflicher,1
berufsabschluss,1
berufsanfängerinnen,1
berufsbegleitend,1
berufsbildung,1
berufsbildungssystem,1
berufsleben,1
berufswahl,1
berufswechsel,1
berufswege,2
beruht,1
berücksichtigen,6
berücksichtigung,1
besatzung,2
beschaffung,1
beschaffungskriterien,1
beschilderung,1
beschleunigen,3
beschleunigtes,1
beschrieben,1
beschränken,1
beschränkt,1
beschäftigen,2
beschäftigte,5
beschäftigten,2
beschäftigung,5
beschäftigungsverhältnissen,1
beseitigen,3
beseitigt,1
besetzte,1
besetzten,1
besitzen,1
beskapitel,1
besondere,4
besonderen,2
besonderer,1
besonderes,1
besonders,18
besser,19
bessere,12
besseren,3
besseres,1
bestand,3
bestands,1
bestandserhalt,1
bestandteil,4
beste,2
bestehen,2
bestehende,12
bestehendem,1
bestehenden,5
bestehender,1
besten,2
besteuerung,3
bestimmen,2
bestmögliche,1
bestraft,1
bestrebungen,2
beständen,1
bestätigen,1
beteiligen,5
beteiligten,2
beteiligung,4
beteiligungen,2
beteiligungsformate,1
beteiligungsgremien,1
beteiligungsmöglichkeiten,1
beteiligungsund,1
betracht,1
betrag,1
betragen,1
betreibbar,1
betreiben,2
betreiberinnen,1
betreibermodellen,1
betreibt,1
betreuung,1
betreuungsmodell,1
betreuungsschlüssel,1
betrieb,3
betriebe,4
betrieben,1
betriebliche,3
betrieblichen,1
betriebsausgaben,1
betriebsräte,1
betriebsvermögen,1
betroffen,1
betroffene,7
betroffenen,4
betrug,1
betäubung,1
betäubungsmethoden,1
beugt,1
bevorzugt,1
bevölkerung,2
bevölkerungen,1
bevölkerungsschutz,1
bevölkerungsschutzes,1
bewaffneten,1
bewaffneter,1
bewahrt,2
bewahrung,1
bewegtbildes,1
bewegung,1
bewegungsund,1
bewegungsziel,1
beweisen,1
bewerten,1
bewertung,1
bewertungen,1
bewirken,1
bewirtschaften,1
bewohnerinnen,1
bewusst,2
bewusste,1
bewährt,2
bewährten,1
bewältigen,4
bewältigung,2
bezahlbar,1
bezahlbare,2
bezahlbarer,1
bezahlen,1
bezahlens,1
bezahlt,1
bezahlte,1
bezeichnen,1
bezeugen,1
bezieherinnen,1
bezugszeitraum,1
bezüglich,2
bibliothek,1
bibliotheken,2
bieten,3
bietet,1
bike,1
bild,1
bilden,1
bildet,1
bildmaterial,1
bildung,17
bildungsabschlüsse,1
bildungsangebote,1
bildungsdaten,1
bildungsfinanzierung,2
bildungsgerechtigkeit,1
bildungslücke,1
bildungsmöglichkeiten,1
bildungsnetzwerke,1
bildungssystem,1
bildungsund,1
bildungsweg,1
bildungswege,2
billigfleischexport,1
bindet,2
binding,1
binnenmarkt,2
binnenmarktes,1
binnenmarkts,2
biodiversität,2
biometrische,1
biometrischer,1
biosphärenreservate,1
biotechnologie,1
bioökonomie,1
bip,1
bisexuelle,1
bisher,4
bisherige,1
bisherigen,2
bislang,2
bisweilen,1
bittere,1
black,1
blaue,1
bleiben,5
bleibenden,1
bleiberecht,2
blick,4
blicken,1
blockade,1
blutspendeverbot,1
bne,5
boden,3
bodenpolitik,1
bodenverwertungsundverwaltungs,1
bonus,2
books,1
brachliegen,1
branche,2
branchen,1
branchenübergreifend,1
brauchen,19
braucht,32
breit,1
breitband,1
breite,1
breitensport,1
breiter,2
bremse,2
brennglas,1
brennstoff,1
brennstäbe,1
brillen,1
bringen,6
bringt,3
bruttonationaleinkommen,1
brücke,1
brüssel,1
buchführung,1
budget,3
budgetansatz,1
budgetansatzes,1
budgeting,2
budgets,1
bund,10
bundes,8
bundesamt,1
bundesamts,1
bundesantidiskriminierungsgesetz,1
bundesanwaltschaft,1
bundesausschuss,1
bundesbehörde,1
bundesebene,3
bundeseigene,1
bundeseigenen,1
bundesfernstraßen,1
bundeshaushaltes,1
bundesinklusionsgesetz,1
bundesinnenministerium,1
bundeskriminalamt,1
bundesländer,1
bundesländern,1
bundesmobilitätsgesetz,1
bundesnetzplan,1
bundesnetzplans,1
bundespolizei,1
bundespolizeibeauftragten,1
bundesprogramm,3
bundesregierung,2
bundestag,1
bundesverfassungsgerichts,1
bundesverkehrswegeplan,1
bundesverkehrswegeplans,1
bundeswehr,3
bundesweit,2
bundesweiten,1
bundeszentrale,1
burn,1
bus,1
bussen,1
bzw,7
bäuerliche,1
bäume,1
börsen,1
börsennotierter,1
bücher,1
büchern,1
bündeln,4
bündelung,1
bündnis,2
bürgerinnen,14
bürgerinnenbegehrens,1
bürgerinnenfonds,2
bürgerinneninitiative,1
bürgerinnennahen,1
bürgerinnennäher,1
bürgerinnenrechte,1
bürgerinnenräte,1
bürgerinnenräten,1
bürgerinnenversicherung,2
bürgschaften,1
bürogebäuden,1
bürokratie,1
bürokratische,3
café,1
cai,1
campus,2
cannabis,1
cannabiskontrollgesetz,1
careund,1
carsharing,4
ceta,1
chance,3
chancen,6
chancengerechte,1
chancengerechten,1
charta,1
check,2
chemie,1
chemisch,1
childhood,1
china,6
chinesischen,1
citizen,1
cloud,1
clubs,1
co,14
community,2
corona,15
coronainkapitel,1
coronaund,1
covax,1
covid,1
covid19,1
culture,2
cum,3
cybergrooming,1
cyberraum,2
dabei,18
dach,4
dachsanierungen,1
dadurch,2
dafür,51
dagegen,1
daher,12
danach,2
daneben,1
dank,1
dar,3
daran,6
darauf,6
daraus,1
darf,11
dargestellt,1
darstellen,1
darstellt,2
darstellung,1
darum,8
darunter,1
darüber,7
daseinsfürsorge,1
daseinsvorsorge,3
data,2
daten,6
datenbanken,2
datenbeständen,1
datencenter,1
datengrundlagen,1
dateninstitut,1
datenlücken,1
datenmengen,1
datenportal,1
datenschutz,1
datenschutzfreundlichen,1
datenschutzfreundliches,1
datenschutzstandards,1
datenteilen,1
datentreuhandmodelle,1
dauer,1
dauerbetrieb,1
dauerhaft,7
dauerhafte,2
dauerhaften,1
dauerhaftes,1
davon,3
deal,4
deals,3
debatte,1
debatten,2
deckeln,1
decken,1
defensive,1
definieren,1
definiert,2
definierten,2
definition,1
defizite,1
defizitländern,1
dekade,1
dekarbonisierten,1
dekarbonisierung,1
dementsprechend,4
demokra,1
demokratie,8
demokratieklausel,1
demokratien,1
demokratische,5
demokratischen,5
demokratischer,2
demokratisches,1
demokratisierung,1
denen,12
denjenigen,1
denken,2
denkt,1
dennoch,5
derart,2
deren,9
derweil,1
derzeit,4
derzeitige,1
deshalb,28
design,1
desinformation,1
desk,1
desto,1
deswegen,3
deuten,1
deutlich,12
deutsch,1
deutsche,5
deutschen,9
deutschland,50
deutschlands,5
dezentrales,1
diagnose,1
dialog,3
diaspora,1
dichtes,1
diebstahl,1
diejenigen,1
diekapitel,3
dienen,2
dienst,4
dienste,1
dienstleistungen,4
dienstleistungsbranche,1
diesekapitel,1
diesel,1
differenziert,2
digital,5
digitalaufsicht,1
digitalbranche,2
digitale,15
digitalen,18
digitaler,5
digitales,2
digitalisierte,1
digitalisierung,10
digitalthemen,1
diktaturen,1
dilemmata,1
dimension,1
dimensionen,1
direkt,4
direktdemokratische,1
direkte,1
direktinvestitionen,2
direktund,1
direktvermarktung,1
direktzahlungen,1
diskrepanz,1
diskriminierend,1
diskriminierende,1
diskriminierung,4
diskriminierungen,2
diskursraum,1
divers,1
diverse,1
diversity,1
diversität,3
diversitätsund,1
dividenden,2
dokumentation,1
dokumentiert,1
dolmetschleistungen,1
dominieren,1
doppelten,2
dorf,4
dorfgemeinschaften,1
dorthin,1
drei,3
dreijährige,1
dreijährigem,1
dreimonatigem,1
dringend,7
dringender,1
drittel,2
dritten,2
drittländern,1
drittstaaten,4
drittstaatsangehörige,1
drogen,1
drogenpolitik,1
drohnen,1
druck,2
druckkapitel,1
dualen,1
duldung,1
dumping,2
dumpingpreise,1
dumpingund,1
durchbrechen,1
durchdringung,1
durchgeführt,1
durchgehende,1
durchkapitel,1
durchlaufen,1
durchlässig,1
durchschnitt,1
durchschnittlich,1
durchschnittlichen,1
durchsetzbar,2
durchsetzen,3
durchsetzung,3
durchsetzungsfähigkeit,1
durchsuchung,1
durchzusetzen,1
dynamik,1
dynamische,1
dächer,1
dänemark,1
dürfen,18
dürren,1
ead,1
ebene,16
ebenen,2
ebenfalls,1
ebenso,7
ebm,1
echte,1
echten,3
echtes,3
ecke,1
eckpfeiler,1
edelmetallen,1
eeg,1
effektiv,6
effektive,1
effektiven,1
effektiver,2
effektives,2
effektivität,1
effizienter,1
effizientere,1
egal,6
ehen,3
eher,1
ehrenamtes,1
eigenanteile,1
eigenbedarfskündigungen,1
eigene,7
eigenen,6
eigenes,1
eigenkapital,1
eigenständige,2
eigenständigen,2
eigenständigkeit,1
eigentum,1
eigentümerinnen,1
eigenverbrauch,1
eilhabe,2
einberufen,1
einbeziehen,2
einbeziehung,3
einbezogen,3
einbringen,2
einbrüche,1
einbürgerung,1
einbürgerungen,1
einbürgerungsverfahren,1
eindämmen,1
eindämmung,1
einerseits,2
einfach,1
einfache,2
einfachen,2
einfacher,2
einfaches,1
einfließen,1
einfluss,3
einflussnahme,3
einfordern,1
einführen,21
einführung,5
eingebettet,1
eingebunden,1
eingeführt,5
eingegangen,1
eingehalten,1
eingehen,1
eingerichtete,1
eingeschlagenen,1
eingesetzt,1
eingesetzte,1
eingespeist,1
eingestuft,1
eingreifen,1
eingriff,1
eingriffe,1
einhaltung,3
einheit,2
einheitliche,2
einheitlichen,1
einheitliches,1
einhergehend,1
einigungen,1
einklagbar,3
einklagbaren,1
einklang,2
einkommen,7
einkommensabhängigen,1
einkommensarmen,1
einkommensausfällen,1
einkommensschwache,1
einkommensstadtteile,1
einladenden,1
einlagensicherung,1
einmalbetrag,1
einnahmen,1
einnehmen,1
einpreisen,1
einrichten,4
einrichtung,2
einrichtungen,6
einsatz,15
einsatzkräften,1
einschlagen,1
einschließlich,2
einschließt,1
einschränkungen,1
einschüchterung,1
einseitige,1
einseitigen,1
einsetzen,9
einsparmöglichkeiten,1
einstiegszuschuss,1
einstufung,1
einsätzen,2
eintrag,1
eintreten,2
einträge,1
einund,1
einvernehmen,1
einwanderungsgesellschaft,2
einzelbefeuerung,1
einzelfall,1
einzelinteressen,1
einzelne,4
einzelnen,5
einzeltiere,1
einziehen,1
einziehung,1
einzubringen,1
einzufordern,1
einzuführen,2
einzulösen,1
einzuräumen,1
einzusetzen,1
elektrifizierung,1
elektroleichtfahrzeuge,1
elektronik,1
elektronische,1
elektroschrott,1
elisabeth,1
elterlichen,1
eltern,7
elternhaus,1
elternhäusern,1
elternschaft,2
elternteil,2
elternzeitregelungen,1
embargos,1
emission,1
emissionsarme,1
emissionsfrei,2
emissionsfreie,1
emissionsfreien,2
emissionsfreier,1
emissionsfreies,1
emissionshandel,1
emissionsminderungsziele,1
empfehlungen,3
empfängerinnen,1
empfängnisverhütenden,1
ende,6
endgeräte,1
endkundinnen,1
endlagersuche,1
endlich,5
endlichen,2
endloser,1
energetische,1
energetischen,1
energie,2
energiebedarfe,1
energiecharta,1
energieeffizienz,1
energiegeld,1
energieinfrastruktur,1
energieintensiven,1
energien,6
energiepartnerschaften,1
energiequellen,1
energieregion,1
energierevolution,1
energiesicherheit,1
energiesystem,1
energieund,1
energieverbrauch,1
energiewende,2
energischen,1
engagement,5
engagieren,2
engagierte,1
engel,1
enorm,2
enormes,1
entbürokratisieren,1
entdecken,1
entfalten,2
entfaltung,2
entfernungen,1
entflochten,1
entgegenstehen,1
entgegensteht,1
entgegenwirken,3
entgegenzutreten,2
entgehen,1
entgrenzung,1
entlang,3
entlassen,1
entlasten,4
entlastung,1
entlastungen,1
entsandten,1
entscheiden,3
entscheidend,2
entscheidenden,1
entscheidender,3
entscheiderinnen,1
entscheidet,1
entscheidung,2
entscheidungen,8
entscheidungsgründe,1
entscheidungssysteme,1
entscheidungsträgerinnen,1
entschieden,3
entschiedenes,1
entschlossenen,1
entschlossenheit,1
entschädigungen,1
entsiegelung,1
entsprechend,5
entsprechende,4
entsprechender,2
entspricht,1
entstandenen,1
entstehen,3
entstehung,1
entwickeln,6
entwickelt,4
entwickelte,1
entwicklung,20
entwicklungen,1
entwicklungspartnerschaften,2
entwicklungsund,2
entwicklungsziele,3
entwicklungszusammenarbeit,2
entwässerung,1
entziehen,1
entzogen,1
epilogbundestagswahlprogramm,2
epochalen,1
erarbeiten,1
erarbeitet,1
erarbeitung,1
erbansprüche,1
erbpacht,1
erbschaftssteuer,1
erden,1
erderwärmung,1
erdgas,1
erfahren,1
erfasst,1
erfassung,1
erfolg,3
erfolgen,1
erfolgreich,2
erforderlich,1
erfordern,1
erfordernissen,1
erfordert,1
erforschen,1
erforscht,2
erfüllen,2
erfüllung,1
ergeben,1
ergebnis,2
ergebnisse,1
ergebnissen,1
ergänzen,4
erhalt,1
erhalten,19
erhebliche,2
erheblichen,2
erhält,2
erhöhen,9
erhöht,5
erhöhung,1
erinnern,1
erinnerungskultur,1
erkannten,1
erkennbar,1
erkennen,2
erkenntnisse,2
erkenntnissen,1
erkennungssysteme,1
erklären,2
erklärungen,1
erkrankt,1
erkrankung,1
erkrankungstag,1
erlauben,1
erlaubt,1
erlaubte,1
erlaubten,1
erlebbar,1
erleben,2
erlebt,1
erledigen,1
erleichtern,7
erleichtert,3
erleiden,1
ermittelt,1
ermittelten,1
ermittlungsbehörden,1
ermöglichen,29
ermöglichende,1
ermöglicht,8
ermöglichung,1
erneuerbar,1
erneuerbare,2
erneuerbaren,7
erneuerbarer,3
erneuerten,1
erneut,1
ernst,2
ernten,1
erproben,1
erprobt,1
erreichbarkeit,1
erreichen,19
erreicht,2
erreichung,3
errichtung,2
errorismus,1
erscheint,1
erschließung,1
erschweren,1
erschwert,1
ersetzen,2
ersetzt,2
erst,6
erstattet,1
erstattung,1
erstaufnahmeeinrichtungen,1
erste,2
ersten,6
erstmals,1
erteilen,1
ertragswerts,1
erträge,1
eruiert,1
erwachsene,1
erwachsenen,2
erwartbare,1
erwarten,2
erwartet,1
erweitern,2
erweiterte,1
erweiterung,1
erweiterungsrunden,1
erwerb,1
erwerbsleben,1
erwerbstätige,1
erwerbstätigen,1
erwerbstätigkeit,3
erwirtschafteten,1
erwächst,1
erzeugern,1
erzeugerpreis,1
erzeugungsspitzen,1
erzieherinnen,1
erzieherinnenberuf,1
erzielen,1
eröffnen,2
erörtert,1
eskalation,1
essen,1
essentielle,1
essenziell,1
etablieren,1
etabliert,1
etablierten,1
ethikbehörde,1
ethische,1
etliche,1
etwa,13
eu,59
eukonnektivitätsstrategie,1
euro,15
europa,14
europaparlament,1
europapolitik,1
europarechtlich,1
europas,4
europaweit,1
european,1
europäerinnen,1
europäisch,6
europäische,24
europäischen,33
europäischer,7
europäisches,2
evaluieren,1
evaluiert,1
evaluierung,1
ewigkeit,1
existenzangst,1
existenzgeld,1
existenzgründerinnen,1
existenzminimum,1
existierende,1
existierender,1
experimentierraum,1
experimentierräume,1
experimentierund,1
expertise,2
explizit,1
export,1
exportiert,3
exportsteuern,1
extra,1
extremistischen,1
extremwetterereignisse,1
extremwetterlagenkapitel,1
exund,1
exzellent,1
exzellenzstrategie,1
exzessive,1
ezb,1
fachausschüsse,1
fachberatungsstellen,1
fachgeschäften,1
fachkompetenz,1
fachkräfte,3
fachkräfteoffensive,1
fachleute,1
fachpersonal,1
fachund,1
fachärztinnen,1
fact,1
fahren,3
fahrplan,1
fahrradfahrerinnen,1
fahrradparkplätze,2
fahrzeug,1
fahrzeugen,1
fahrzeugproduktion,1
fair,3
faire,5
fairen,3
fairer,4
fakten,1
faktoren,1
falle,3
falschinformationen,1
familie,4
familien,14
familienarbeit,1
familienformen,1
familienförderung,1
familiengerechte,1
familiengerichtlichen,1
familiennachzügler,1
familienplanungsund,1
familienrecht,1
familienrechtlichen,1
familienrichterinnen,1
familienund,1
fassaden,1
fast,1
faxgeräte,2
fehlen,2
fehlende,1
fehlendes,1
fehler,1
fehlervermeidung,1
fehlt,3
fehlten,1
feindseligkeiten,1
feministische,1
femiziden,1
ferner,1
fernverkehrsnetz,1
fertigungsprozessen,1
fest,2
festen,1
fester,1
festgelegten,1
festgestellt,1
festhalten,1
festsetzen,1
feuerwehren,1
field,1
fiktive,1
film,1
filmund,1
finanzaufsicht,2
finanzhilfen,1
finanziell,5
finanzielle,2
finanziellen,2
finanziert,2
finanzierung,7
finanzierungsbeitrag,1
finanzierungsinstrumente,1
finanzierungsneutralen,1
finanzkriminalität,1
finanzkrise,1
finanzmärkte,1
finanzplatz,1
finanzpolitische,1
finanzschwach,1
finanztransaktionssteuer,1
finanzund,2
finden,4
findet,2
finding,1
firmen,3
first,1
fischereibetriebe,1
fiskalpolitik,2
fit,1
flasche,1
flexibel,3
flexibilität,1
flexibilitätsprämie,1
flexible,1
flexiblen,1
flexibler,1
fliegen,2
fliehen,1
flottengrenzwerte,1
fluchtrouten,1
fluchtursachen,1
flughäfen,1
fluglärm,1
flugverkehr,2
flugzeuge,2
flussvertiefungen,1
fläche,1
flächen,6
flächendeckend,3
flächendeckende,3
flächendeckenden,1
flächendeckender,1
flächenkreislaufwirtschaft,1
flächensparendes,1
flächenverbrauchs,1
flüchtlinge,2
flüge,1
fokus,2
folgebeschaffung,1
folgen,6
folgendem,1
folgt,2
fonds,7
fordern,1
forderung,1
form,5
formate,2
formen,3
formulieren,1
forscherinnen,1
forschung,3
forschungsauftrag,1
forschungseinrichtungen,2
forschungsergebnisse,2
forschungskosten,1
forschungslandschaft,1
forschungsund,4
forschungsverbünden,1
forschungsvorhaben,1
fortbewegen,1
fortbewegungsarten,1
fortbilden,1
fortbildung,1
fortbildungen,2
fortdauernden,1
fortschreitenden,1
fortschreitender,1
fortschritt,1
fortsetzung,1
fortund,2
fossile,1
fossilen,2
fossiles,1
fragen,3
fragestellung,1
französischenkapitel,1
frau,2
frauen,23
frauenanteil,2
frauenhass,1
frauenhäuser,1
frauenquote,1
frei,4
freiberuflerinnen,1
freie,5
freien,1
freiheit,3
freiheiten,1
freiheitsrecht,1
freiheitsrechte,2
freiraum,1
freiräume,1
freischaffende,1
freistellungsanspruch,1
freiwillig,1
freiwillige,2
freiwilligen,4
freiwilligendienst,1
freiwilligendienste,1
freiwilligendienstleistende,1
freude,1
freundinnen,1
frieden,4
friedensdienst,1
friedenseinsätze,1
friedensförderung,1
friedensmacht,1
friedensund,1
friedliche,1
friedlichen,2
frist,1
fristen,2
frontex,2
früh,1
früher,3
früherkennung,1
frühwarnsystem,1
frühzeitig,1
frühzeitiger,1
fttb,1
fundament,1
fundamental,1
fundamentale,1
fundamentalistisch,1
fungiert,1
funklöcher,1
funktion,1
funktionieren,1
funktionierende,2
funktionierenden,1
funktionierender,2
funktionierendes,1
funktioniert,1
funktionsfähigkeit,1
funktionsgerechte,1
furcht,1
fusionskontrolle,1
fusionskontrollen,1
fuß,1
fußabdruck,4
fußgängerinnen,2
fußmobilitätsstrategie,1
fußt,1
fußwege,1
fähigkeiten,2
fähigkeitslücken,1
fällen,1
fängt,1
föderalen,1
förderangebote,1
förderbedarf,1
förderende,1
förderformate,1
fördergelder,1
förderinstrument,1
fördermaßnahmen,1
fördermittelbeantragung,1
fördern,27
fördernden,1
förderpolitik,1
förderprogramm,2
förderprogrammen,2
fördert,1
förderung,13
füh,1
führen,15
führerscheinen,1
führt,4
führten,1
führungsgremien,1
führungspositionen,1
führungsrolle,1
fünf,2
ganz,3
ganze,3
ganzen,1
ganzer,1
ganzheitlich,1
ganzheitlichen,1
ganztag,1
ganztags,1
ganztagsbildung,1
ganztagsplätze,1
gar,2
garantieren,3
garantiert,1
garantierte,1
garantierten,1
garantiesicherung,1
gas,1
gasbohrungen,1
gasp,1
geahndet,1
gebaut,1
geben,15
gebiete,2
gebieten,1
geblieben,1
geborgenes,1
gebotenen,1
gebracht,1
gebrauch,1
gebraucht,1
gebung,1
gebäude,4
gebäudeplanung,1
gebührenordnungen,1
gedacht,2
geduldet,1
geeignet,1
geeignete,1
gefahr,2
gefahren,3
gefahrenlagen,1
gefallenen,1
geflüchtete,4
geflüchteten,12
geflüchtetenpolitik,1
geflüchteter,1
geforscht,1
gefunden,1
gefährden,3
gefährderbegriffs,1
gefährderin,1
gefährderinnen,2
gefährdet,5
gefährliche,1
gefährlichen,2
gefährlicher,1
gefördert,3
geförderte,2
gefühlte,1
geführt,2
geführten,1
gegenseitig,1
gegenseitige,1
gegenstrategien,1
gegensätzen,1
gegenwart,1
gegenzug,1
gegenüber,8
geglaubte,1
gehalt,1
gehalten,1
gehen,10
gehobenen,1
geht,7
gehören,8
gehört,8
geistiges,1
gekennzeichnet,1
geklärt,1
geknüpft,1
gekommenen,1
gekürzt,1
gelangen,2
geld,4
gelder,4
geldern,1
geldleistung,1
geldund,1
geldwäsche,1
geldwäschebekämpfung,1
gelegt,1
gelesene,1
geliefert,1
gelingen,2
gelingt,2
gelitten,1
gelten,7
geltende,1
gelöst,1
gemacht,6
gemein,1
gemeinden,3
gemeindeschwestern,1
gemeindezentren,1
gemeingüter,1
gemeinnützige,2
gemeinnützigkeit,2
gemeinnützigkeitsrecht,1
gemeinsam,21
gemeinsame,13
gemeinsamen,12
gemeinsamer,1
gemeinsames,2
gemeinsamkeit,1
gemeinschaft,2
gemeinschaftlichen,2
gemeinschaftlicher,1
gemeinwesen,2
gemeinwesens,1
gemeinwohl,3
gemeinwohlorientierte,2
gemeinwohlorientierten,1
gemeinwohlorientierter,1
gemeinwohlorientierung,1
gemeinwohlprämie,1
gemeistert,1
gemäß,1
gen,1
genau,2
genauso,3
gender,2
general,2
generalverdacht,1
generationen,2
generationengerechter,1
generell,1
generelle,1
genetischen,1
genommen,3
genossenschaften,3
gentechnikfreiheit,1
genusstaugliche,1
genutzt,2
genutzte,1
genügend,2
geooder,1
geordnet,1
geordnete,1
geostrategische,1
geostrategischen,1
geparkt,1
geplant,1
geplante,1
geplantem,1
geprüft,1
gerade,14
gerecht,8
gerechte,2
gerechten,3
gerechter,1
gerechtfertigte,1
gerechtigkeit,2
geregelt,2
geregelte,1
gereichen,1
gerettete,1
gericht,2
gerichten,1
gerichtshof,1
geringere,1
geringverdienenden,1
germany,1
gerät,1
geräte,1
geräten,2
gesamtabwägung,1
gesamte,1
gesamten,4
geschaffen,2
geschaffene,1
gescheitert,1
geschichte,1
geschichtsunterrichts,1
geschlechter,3
geschlechterbildern,1
geschlechtergerecht,2
geschlechtergerechter,1
geschlechtergerechtigkeit,1
geschlechterspezifische,1
geschlechterspezifischer,1
geschlechterstereotypen,1
geschlechtseintrag,1
geschlechtsspezifischer,2
geschlossen,1
geschlossene,2
geschlossenen,1
geschult,1
geschwindigkeit,1
geschäfte,1
geschäftsgrundlage,1
geschäftsmodelle,2
geschützt,5
gesehen,2
gesellschaft,21
gesellschaften,2
gesellschaftliche,4
gesellschaftlichen,8
gesellschaftlicher,2
gesellschaftliches,1
gesellschaftspolitik,1
gesenkt,1
gesetz,8
gesetze,2
gesetzen,1
gesetzes,2
gesetzesvorschlag,1
gesetzesvorschläge,1
gesetzesänderungen,1
gesetzgebers,1
gesetzgebung,6
gesetzgebungslabore,1
gesetzgebungsverfahren,1
gesetzlich,6
gesetzliche,5
gesetzlichen,5
gesichert,2
gesicherten,1
gesichtserkennung,1
gesichtserkennungssoftware,1
gespart,1
gespeichert,1
gespräch,1
gespräche,1
gestalten,14
gestaltet,1
gestaltung,4
gestaltungen,1
gestaltungsmöglichkeiten,1
gestellt,2
gestoppt,1
gestärkt,7
gestärkte,1
gesund,2
gesunden,1
gesundes,1
gesundheit,6
gesundheitliche,2
gesundheitlichen,3
gesundheitlicher,1
gesundheitsausgaben,1
gesundheitsberufe,1
gesundheitsdaten,2
gesundheitsdienst,1
gesundheitsdienste,1
gesundheitsforschung,1
gesundheitsförderung,2
gesundheitsleistungen,2
gesundheitspolitik,1
gesundheitsrisiken,1
gesundheitsschutz,1
gesundheitsschutzes,1
gesundheitssystem,3
gesundheitssysteme,1
gesundheitsversorgung,7
gesundheitswesen,6
gesundheitswesens,4
gesundheitszentren,1
gesundheitsämter,1
getragenen,1
getreu,1
getroffen,1
getroffenen,1
gewachsen,1
gewahrt,1
gewalt,12
gewaltbereiten,1
gewaltmonopols,1
gewaltschutz,1
gewaltschutzgesetz,1
gewalttaten,1
gewerbegebäuden,1
gewerbemieten,1
gewerbeund,1
gewerkschaften,1
gewinn,1
gewinnmaximierung,1
gewinnt,2
gewinnung,1
gewissen,2
gewissensund,1
gewissheit,1
geworden,3
gewähren,1
gewährleisten,2
gewährleistet,6
gewährt,1
gewässerschutz,1
gezeigt,6
gezielt,4
gezielte,4
gezieltem,1
gezielten,1
gezielter,1
gezogen,1
gezwungen,1
gezögert,1
gibt,15
gie,1
giert,1
giftfreie,1
giftigen,1
gigatonnen,1
gilt,16
glasfaseranschlüssen,1
glasfaserausbau,1
glasfaserinternet,1
gleich,2
gleichaltrigen,1
gleichbehandlungsgesetz,1
gleichbehandlungsgesetzes,1
gleichberechtigt,4
gleichberechtigte,5
gleichberechtigten,1
gleichberechtigung,4
gleiche,6
gleichen,4
gleichermaßen,2
gleichgewicht,1
gleichstellung,2
gleichstellungsaspekten,1
gleichwertige,2
gleichwertigen,1
gleichzeitig,7
global,1
globale,7
globalen,15
globaler,2
globalisierung,1
glyphosat,1
gmbh,1
golfstaaten,1
govdata,1
government,2
goä,1
grad,3
green,5
greentech,1
greentechhubs,1
gremien,1
grenzausgleich,2
grenze,1
grenzen,8
grenzpolizeien,1
grenzwert,1
grenzwerten,1
grenzüberschreitenden,1
gronau,1
groß,1
großbritannien,1
große,8
großeinrichtungen,1
großen,8
großer,3
großkonzerne,1
großstädte,1
großteil,1
großunternehmen,1
großwerden,1
großzügigen,1
grund,1
grundbildung,1
grundbücher,1
grundeinkommens,1
grunderwerbssteuer,2
grundfinanzierung,1
grundfreibetrag,1
grundgesetz,1
grundlage,10
grundlagen,5
grundlagenforschung,1
grundlegend,1
grundprinzip,2
grundrecht,1
grundrechte,4
grundrechteagentur,1
grundrechtecharta,1
grundrechten,1
grundrechtseingriffe,1
grundrente,1
grundsatzfragen,1
grundschleppnetzfischerei,1
grundschule,2
grundschulen,2
grundsicherung,1
grundstein,1
grundstücken,1
grundsätzen,1
grundsätzlich,4
grundsätzliche,2
grundversorgung,1
grundverständnis,1
gruppen,2
gruppenbezogener,1
gruppenklage,1
gruppenklagen,1
größere,4
größerer,1
grün,1
gründe,1
gründerinnen,5
gründerinnenwelle,1
gründliche,1
gründung,2
gründungen,1
gründungsgeist,1
gründungsinfrastruktur,1
gründungskapital,2
gründungskultur,1
gründungsund,1
gründungszuschuss,1
grüne,4
grünem,1
grünen,3
grüner,1
grünflächen,1
gut,13
gute,18
gutem,2
guten,4
guter,3
gutes,5
guthaben,1
gültigkeit,1
günstige,1
günstigen,1
günstigsten,1
güter,2
gütern,1
güterverkehr,5
güterverkehrstechnik,1
güterverkehrszentren,1
hackability,1
hafen,1
haft,1
haftbar,1
haftbefehle,1
haften,1
haftung,3
halb,1
halbleitertechnologie,1
halle,1
halt,1
halten,3
hand,5
handel,5
handeln,8
handelns,2
handels,1
handelsabkommen,2
handelsbeziehungen,1
handelsgerichtshof,1
handelspartnerländer,1
handelspolitik,3
handelspraktiken,1
handelsund,2
handelsverhandlungen,1
handelsverträgen,1
handicaps,1
handlungsempfehlungen,1
handlungsfähig,1
handlungsfähige,1
handlungsfähigkeit,2
handlungsräume,1
handlungsspielraum,1
handlungswilligen,1
handwerk,3
handwerks,1
handy,1
handys,1
hardware,1
hart,1
hartz,1
hass,1
hasskriminalität,2
hassrede,1
hassreden,1
hassverbrechen,1
hauptberufliche,1
haus,2
hausarztpraxen,1
hausbesitzerinnen,1
haushalt,2
haushalte,1
haushaltsmittel,1
haushaltsmitteln,1
haushaltspolitischen,1
haushaltsrecht,1
haustür,1
health,3
healthund,1
hebamme,1
hebammen,1
hebeln,1
heben,3
hegemonialstreben,1
heilmittelerbringerinnen,1
heimarbeit,1
heimat,3
heimatschutz,1
heimatund,1
heimischer,1
heizen,1
heißt,4
helfen,5
helfende,1
hemmnis,1
hemmt,1
hera,1
heranwachsende,1
heraus,1
herausforderungen,4
herausragende,1
herausragendes,1
hergestellt,3
herkunft,3
herkunftsländern,1
herkunftsoder,1
herrschen,1
hersteller,1
herstellerabhängigkeit,1
herstellung,3
herunterzufahren,1
hervorragender,1
herzen,1
heterogene,1
hetze,1
heute,11
heutige,2
heutigen,1
hierarchie,1
hierbei,2
hierfür,1
hierzu,1
hightech,1
hilfe,10
hilfekampagnen,1
hilfen,3
hilfsmittel,1
hilfsorganisationen,1
hilfswerks,1
hilft,4
hinaus,7
hinausgehenden,2
hindernisse,1
hinnehmen,1
hinsichtlich,1
hinten,1
hintergrund,2
hinterlässt,1
hintertüren,1
hinweg,1
hinweisgabe,1
hinwirken,2
hinzuwirken,1
historisch,2
historischen,1
hitzesommern,1
hiv,1
hoch,2
hocheffiziente,1
hochfrequenzhandel,1
hochleistung,1
hochrisikotechnologie,1
hochschul,1
hochschulbauten,1
hochschulbereich,1
hochschulen,6
hochschulischer,1
hochsubventionierten,1
hochwasserereignisse,1
hochwertige,3
hohe,9
hohem,1
hohen,5
hoher,1
holen,1
holzeinschlag,1
honorarberatung,1
honoriert,1
hort,1
hosten,1
hotlines,1
housing,1
humanen,1
humanitäre,6
humanitären,2
humanitärer,1
hunderttausende,1
hybrider,1
hälfte,2
händlerinnen,1
hängt,2
härter,1
häufig,6
häufige,1
häufiger,1
häuser,1
häusliche,1
häuslicher,1
höchsten,1
höchstens,1
höchster,1
höhere,1
höheren,5
hörsaal,1
hürde,1
hürden,7
ideal,1
idee,3
ideen,2
ideenund,1
identifizierende,1
identifizierung,1
identität,2
identitäten,1
identitätsinfrastruktur,1
identitätsmerkmale,1
ii,1
illegalen,1
ilo,2
imaminnen,1
immense,1
immer,24
immobilien,3
immobilienbesitzes,1
immobilienkauf,1
immobilienregister,1
immobilienspekulation,1
impfstoffe,1
impfstoffen,4
impfstoffs,1
implementiert,1
impuls,1
impulse,2
impulsgeberinnen,1
inaktivität,1
inanspruchnahme,1
indikator,1
individuelle,3
individuellen,1
industrieanlagen,1
industriegesellschaft,1
industrielle,3
industriellen,1
industrieländer,1
industrien,1
industriepolitik,1
industriestandorts,1
industrietechnologien,1
inf,1
infiltrieren,1
infolge,1
information,2
informationen,7
informationsrechte,1
informieren,1
infrastruktur,12
infrastrukturen,2
infrastrukturentwicklung,1
infrastrukturgewinn,1
infrastrukturprojekten,1
inhalt,1
inhalte,4
inhalten,1
inhaltlich,1
inhaltliches,1
initiative,4
initiativen,3
initiativrecht,1
inklusion,4
inklusionsunternehmen,1
inklusiv,2
inklusive,5
inklusiven,3
inland,1
innen,1
innenstädte,1
innenstädten,3
innerdeutsche,1
inneren,1
innereuropäische,1
innerhalb,8
innovation,2
innovationen,5
innovationsdynamik,1
innovationsfinanzierung,1
innovationsförderung,1
innovationskraft,4
innovationspotenzial,1
innovative,4
innovativer,1
insbesondere,21
insel,1
insgesamt,5
instandsetzung,1
institutionalisierung,1
institutionelle,1
institutionen,5
instrument,5
instrumentalisiert,1
instrumente,3
intakten,1
integraler,1
integration,5
integrationsfeindliche,1
integrationsfonds,1
integrieren,2
integriert,1
integrierten,1
intelligence,1
intelligenter,1
intelligenz,4
intensiver,1
intensivmedizin,1
inter,1
interdisziplinäre,2
interesse,1
interessen,2
interessenvertretungen,1
intermenschen,1
intermodale,1
international,6
internationale,14
internationalen,19
internationaler,6
internationales,2
internationalisieren,1
internet,6
internetgiganten,1
internetzugänge,1
interoperable,1
intersektional,1
intersektionale,1
intransparenz,1
investieren,4
investiert,4
investing,1
investitionen,11
investitionsabkommen,1
investitionsbanken,1
investitionsbeschleunigung,1
investitionsfonds,1
investitionsklagen,1
investitionsprogramm,1
investitionsregel,1
investitionsund,1
investitionszuschüsse,1
investor,1
investoren,1
investorinnen,1
investorkapitel,1
inwiefern,1
inzwischen,1
iran,2
irischen,1
irreversiblen,1
islamischen,1
islamistinnen,1
islamistischer,1
islams,1
it,8
itbeschaffungen,1
iv,1
ja,1
jahr,11
jahre,9
jahrelang,2
jahren,17
jahres,1
jahrgänge,1
jahrhundert,1
jahrzehnt,1
jahrzehnte,1
jahrzehntelang,1
jahrzehnten,2
jahrzehnts,1
jcpoa,1
je,2
jederzeit,1
jedoch,3
jedweder,1
jemanden,1
jemen,1
jenseits,1
jetzigen,2
jeweiliger,1
jeweils,1
job,1
jobs,5
jobverlust,1
journalistinnen,1
judenfeindlichkeit,1
judenhass,1
jugendamt,1
jugendberufsagenturen,1
jugendhilfe,1
jugendliche,4
jugendlichen,9
jugendmedienschutz,1
jugendparlamente,1
jugendund,1
jugendwahlrecht,1
jugendämter,1
junge,5
jungen,2
juristischen,1
justice,1
justiz,1
jährlich,1
jährlichen,2
jüdischen,2
jüdischer,1
jüngsten,1
kampagnen,1
kampf,2
kanada,2
kapazitäten,3
kapital,1
kapitalgedeckte,1
kapitel,56
kaputtgehen,1
karawanen,1
karenzzeiten,1
karfreitagsabkommen,1
kartellamts,1
kartellrechts,1
kartierung,1
katastrophale,1
katastrophen,1
katastrophenfall,1
kaufen,1
kaufförderung,1
kaufnebenkosten,1
kauft,1
kaum,2
kehrtwende,1
kennt,1
kennzeichnung,1
kern,2
kernarbeitsnormen,1
kernaufgaben,1
kernfächern,1
kernnormen,1
kerosinsteuer,1
kfw,1
ki,2
kind,9
kinder,19
kinderarmut,1
kindergarten,1
kindergeld,1
kindergrundsicherung,3
kinderkrankengeld,1
kindern,10
kinderpflegeprodukte,1
kinderschutz,1
kinderstationen,1
kinderund,3
kinderzeit,1
kindes,1
kindesbis,1
kindesmissbrauchs,2
kindeswohl,1
kindheit,1
kino,1
kinokultur,1
kinos,1
kipppunkten,1
kita,3
kitas,1
klagegründe,1
klagemöglichkeiten,1
klagen,1
klageprivilegien,1
klare,8
klarem,1
klaren,3
klarheit,1
klarstellen,1
klassische,1
klassischen,1
kleine,3
kleinen,3
kleinere,1
kleineren,2
kleinsten,1
klima,3
klimaabkommen,1
klimaabkommens,2
klimabedingter,1
klimabewegung,1
klimabonus,1
klimadialog,1
klimaentscheidung,1
klimafinanzierung,2
klimafreundlich,1
klimafreundliche,1
klimafreundlichen,2
klimafreundlicher,1
klimafreundliches,1
klimagerechten,3
klimagerechtes,1
klimagerechtigkeit,1
klimaklagen,1
klimakrise,9
klimakrisenbedingter,1
klimaneutral,2
klimaneutrale,3
klimaneutralen,2
klimaneutrales,2
klimaneutralität,6
klimapolitik,3
klimapolitisch,1
klimas,1
klimaschutz,13
klimaschutzabkommen,1
klimaschutzinvestitionen,1
klimaschutzzielen,1
klimaschäden,1
klimaschädlich,1
klimaschädlicher,1
klimaschädliches,1
klimaschädlichsten,1
klimasystem,1
klimaund,10
klimavertrages,1
klimaverträge,1
klimaveränderungen,1
klimawirkung,1
klimaziele,1
klimazielen,2
klimaziels,1
kluge,2
kläglich,1
kmus,1
knotenpunkte,1
knüpfen,1
koalition,1
koalitionspartner,1
kognitive,1
kohle,1
kohleausstieg,1
kohlekonzernen,1
kohlenstoffbudget,1
kohleverstromung,1
kollateralschaden,1
kollektiv,1
kollektiver,1
kolonialzeit,1
kombinierten,1
kommen,7
kommenden,3
kommerzialisierung,1
kommerziellem,1
kommission,6
kommissions,1
kommt,5
kommunale,3
kommunalen,2
kommunaler,3
kommunalfinanzen,1
kommunalvertretungen,1
kommune,1
kommunen,21
kommunikation,3
kommunikationsstrate,1
kommunikationsund,1
kommunizieren,1
kompakte,1
kompass,1
kompetenz,1
kompetenzen,3
kompetenzzentrum,1
komplett,1
komplexe,1
komplexen,1
komplizierte,1
komponenten,1
konflikt,1
konfliktbearbeitung,1
konflikte,3
konflikten,2
konfliktforschung,1
konfliktlösungen,1
konflikts,2
konkret,2
konkrete,4
konkreter,2
konkurrenz,1
konsequent,5
konsequente,4
konsequentes,1
konsequenzen,2
konservativen,1
konsolidierung,1
konstituierenden,1
konstrukten,1
konstruktiv,1
konstruktiven,2
konstruktiver,1
konstruktives,2
konsumieren,2
kontakt,1
konten,1
kontext,1
kontexten,1
kontinent,2
kontinuierlich,1
kontinuierliche,1
kontinuierlichen,2
kontinuitäten,1
kontrolle,5
kontrollieren,1
kontrolliert,2
kontrollierten,1
kontrollrechte,1
kontrollrechten,1
kontroverse,1
konzentration,1
konzentrieren,1
konzept,2
konzepte,3
konzeptionell,1
konzerne,3
konzert,1
konzipieren,1
koope,1
kooperation,7
kooperationen,4
kooperationsabkommen,1
kooperationspflichten,1
kooperationssowie,1
kooperationsvereinbarungen,1
kooperativ,1
kooperativen,1
koordination,2
koordinieren,1
koordiniert,1
koordinierter,1
koordiniertes,1
koordinierungsstellen,1
kopf,1
korruption,1
korruptionsbekämpfung,1
korruptionsskandale,1
kosten,8
kostenbeitrag,1
kostenfrei,3
kostenfreie,2
kostengünstiger,1
kostengünstiges,1
kostenlose,1
kostenlosen,1
kostenloser,1
kostenneutralen,1
kostenpflichtig,1
kostensteigerungen,1
kostenübernahme,1
kraftstoffe,1
kraftwerken,1
kranke,1
krankenversicherungsschutz,1
krankheiten,3
krankheitsfall,1
krankheitsspektrum,1
kreative,2
kreativwirtschaft,1
kredite,2
kreditnehmerinnen,1
kreislauf,1
kreislaufgerecht,1
kreislaufwirtschaft,2
kriegen,1
kriegsgebieten,1
kriegsund,1
kriminalisierung,1
kriminalität,1
kriminalpolitik,1
kriminalstatistik,1
kriminalstatistische,1
krise,11
krisen,7
krisenbedingten,1
krisenfest,1
krisenfester,1
krisenländer,1
krisenprävention,1
krisensicher,1
krisensichere,1
krisenund,1
krisenzeiten,1
kriterien,5
kritik,1
kritikerinnen,1
kritische,3
kritischen,2
kritischer,2
kritisieren,1
kryptotauschbörsen,1
kryptowerten,1
kryptowährungen,1
kräfte,1
kräften,1
kultur,3
kulturberufen,1
kultureinrichtungen,5
kulturelle,1
kulturellen,1
kulturen,1
kulturförderung,1
kulturlandschaft,1
kulturleben,1
kulturorte,2
kulturschaffende,2
kulturund,2
kulturwandel,1
kulturzentrums,1
kurzarbeitergeld,1
kurzarbeiterinnengeld,1
kurzarbeiteroder,1
kurzer,1
kurzfristig,1
kurzfristige,1
kurzfristigkeit,1
kurzfristorientierung,2
kurzstreckenflüge,1
kurzzeitund,1
käfigund,1
kämpfen,2
königsteiner,1
könnten,1
körper,1
körperangleichende,1
körperliche,1
körpern,1
kühlend,1
kümmern,3
künftig,15
künftiger,1
künstlerinnen,1
künstliche,2
künstlicher,2
kürzen,1
kürzungstricks,1
kürzungsund,1
ladeinfrastruktur,1
laden,1
ladengeschäften,1
ladesäukapitel,1
lage,2
lager,1
land,18
landen,1
landes,2
landesfläche,1
landesprogramme,1
landkreise,1
landstromanlagen,1
landwirtschaft,3
landwirtschaftlichen,2
landwirtschaftsbetriebe,1
landwirtschaftspoli,1
lange,5
langen,1
langfristig,10
langfristige,3
langfristigen,2
langsam,1
langweilig,1
langzeitpflege,1
lassen,2
lastenteilung,1
lateinamerikas,1
laufen,1
laufende,1
leben,21
lebendtiertransporte,1
lebens,3
lebensbedingungen,1
lebensbegleitenden,1
lebensbegleitendes,1
lebensbereich,1
lebenschancen,1
lebensgefährliche,1
lebensgeschichten,1
lebenslauf,1
lebensmittel,1
lebensmittelbereich,1
lebensmittelbranche,1
lebensmittelgesetz,1
lebensmittelhandel,1
lebensmittelhygiene,1
lebensmittelkennzeichnung,1
lebensmittelkontrollen,1
lebensmitteln,2
lebensmittelpunkt,1
lebensphasen,1
lebensqualität,3
lebensverhältnisse,1
lebenswerter,1
lebenswichtige,1
lebenszyklusbetrachtung,1
lebewesen,1
lebt,2
legalen,2
legalwaffenbesitzerinnen,1
legen,5
legislativen,2
legitime,1
lehnen,10
lehraufträge,1
lehre,2
lehren,1
lehrerinnen,1
lehrkräften,1
lehrplänen,1
lehrund,1
leiblichen,1
leicht,5
leichte,1
leichter,2
leid,2
leiser,1
leisere,1
leisten,11
leistet,1
leistung,1
leistungen,6
leistungsfähige,2
leistungsfähigen,1
leistungskürzungen,1
leistungsstarken,1
leistungsstärkere,1
leitbild,2
leiten,1
leitet,1
leitlinien,2
leitperspektive,1
leitprinzip,2
leitstrategie,1
leitungspositionen,1
len,1
leninfrastruktur,1
lenkungswirkung,1
lernbedingungen,1
lernen,7
lernende,1
lernens,1
lernplattformen,1
lernräume,1
lesen,1
letzte,1
letzten,5
letztlich,1
level,1
leverage,1
liberalen,1
libyen,1
liebe,1
lieferketten,2
lieferkettengesetz,1
liegen,1
liegende,1
liegt,3
ließe,1
limit,1
linear,1
lingen,1
lives,1
lizenzierten,1
lizenzmodellen,1
lizenzverträge,1
lkw,3
lobbyregister,1
loginverfahren,1
lohn,2
lohnen,1
lohnersatzleistung,1
lohnt,1
lokale,3
lokalen,1
lokaler,1
lokales,1
lsbtiq,1
lsbtiqinklusiven,1
lsbtiqverbände,1
luft,1
luftqualität,1
luftschadstoffe,1
luftverschmutzung,1
länder,15
ländergrenzen,2
ländern,18
länderspezifische,1
länderübergreifende,1
ländlichen,6
länger,2
längere,1
längerer,1
längst,1
lärm,1
lärmintensiv,1
lärmschutz,1
lässt,7
löhne,2
löhnen,1
lösen,1
lösung,3
lösungen,2
machbar,1
macht,2
made,1
mahnen,1
mainz,1
malus,2
managerinnengehälter,1
mancherorts,1
manchmal,1
mandat,1
mangel,1
mangelt,1
mangrovenwald,1
mann,1
maritime,1
markets,1
markt,4
marktanreizen,1
marktdesign,1
markteinführung,1
markthochlauf,1
marktmacht,1
marktplätzen,1
marktteilnehmerinnen,1
markttreffs,1
marktzugang,1
marode,1
maschinenbau,1
massenhaft,1
massentierhaltung,1
massenüberwachung,1
massiv,2
massiven,2
massiver,1
materialien,3
materialpass,1
matter,1
maximal,3
maßgeblich,1
maßnahme,1
maßnahmen,13
maßstäbe,1
mediation,1
medien,1
medienanstalt,1
medienschaffende,2
medikamente,1
medikamenten,3
medium,1
medizinisch,1
medizinische,3
medizinischen,1
medizinprodukten,1
meer,2
meeresspiegel,1
mehr,65
mehrheiten,1
mehrwegbecher,1
mehrwert,1
meistbietenden,1
meisten,2
meistern,1
melden,1
meldeund,1
meldung,1
men,1
mensch,1
menschen,78
menschenfeindlichkeit,1
menschenhandel,1
menschenkapitel,1
menschenrecht,1
menschenrechte,5
menschenrechten,2
menschenrechtlicher,1
menschenrechtsbeobachtungsund,1
menschenrechtskonform,1
menschenrechtskonforme,1
menschenrechtslage,1
menschenrechtsmonitoring,1
menschenrechtsrats,1
menschenrechtsreferentinnen,1
menschenrechtsschutz,1
menschenrechtsverletzungen,4
menschenrechtsverteidigerinnen,4
menschenrechtswidrigen,1
menschenund,2
menschenunwürdige,1
menschepilogbereit,1
menschheit,1
menschliche,1
menschlichkeit,1
mentorinnen,1
messen,2
messung,1
metropolen,1
mieten,2
mietengipfel,1
mieterhöhungen,1
mieterinnen,6
mieterinnenberatungen,1
mieterstrom,1
mietshäusersyndikats,1
mietspiegels,1
mietwohnungen,1
mietzahlungen,1
migration,3
migrationsberatungsstellen,1
migrationsgeschichte,2
migrationshintergrund,1
mikroplastik,1
militarisierung,1
militärfirmen,1
militärische,2
militärischen,1
militärischer,1
milliarden,5
million,1
millionen,6
minderheiten,3
minderjährigen,1
minderjähriger,1
mindestausbildungsvergütung,1
mindesteinkommen,1
mindestens,12
mindestlaufzeiten,1
mindestlohnniveau,1
mindestlöhne,1
mindeststandards,2
mindeststeuersatz,1
mindeststeuersätze,1
minijobs,1
minimiert,1
ministererlaubnisverfahren,1
ministerien,1
minsker,2
missbrauch,2
misshandelt,1
mission,1
missständen,1
misstrauensvotum,1
mitarbeiterinnen,2
miteinander,1
mitgedacht,1
mitgestaltung,1
mitglied,1
mitglieder,1
mitgliedsländern,2
mitgliedstaaten,9
mithalten,1
mitmachen,1
mitspielen,1
mitsprache,1
mitspracheund,1
mittel,5
mittelbau,1
mittelfristig,3
mittelmeerraum,1
mitteln,4
mittelpunkt,2
mittels,2
mittelstand,1
mittelstreckensysteme,1
mittendrin,1
mittlere,1
mittlerweile,2
mitverantwortung,1
mitversicherung,1
mitwirkung,1
mobiles,3
mobilfunkausbau,1
mobilität,6
mobilitätsangebote,2
mobilitätsgarantie,1
mobilitätsknotenpunkten,1
mobilitätskonzepte,1
mobilitätswende,7
mobilpass,3
modell,1
modellprojekte,1
moderieren,1
moderiert,1
moderne,2
modernen,1
modernes,1
modernisieren,1
modernisierung,2
modernisierungsoffensive,1
modernisierungsumlage,1
modul,1
momentan,1
monat,1
monate,2
monatelang,1
monaten,1
monitoring,1
monitoringstelle,1
monopole,2
moore,1
moral,1
moratorium,1
morde,1
morgen,2
motiven,1
motivierte,1
motivierter,1
multilaterale,1
multilateralen,1
multilateralismus,1
munitionsaltlasten,1
musliminnen,2
muslimisch,1
muslimischen,1
muslimischer,1
musskapitel,1
mutter,1
mächtiger,3
mädchen,3
männer,4
märkte,3
märkten,2
möbel,1
möchte,1
möchten,4
möglich,16
mögliche,2
möglichen,1
möglicher,1
möglichkapitel,1
möglichkeit,12
möglichkeiten,10
möglichst,1
mühsam,1
müll,3
müssen,69
mütter,1
nachbarinnen,1
nachbereitung,1
nachdruck,1
nachfolgenden,1
nachfolgerin,1
nachfolgerinnen,1
nachgehen,2
nachhaltig,8
nachhaltige,12
nachhaltigem,1
nachhaltigen,10
nachhaltiger,2
nachhaltiges,2
nachhaltigkeit,7
nachhaltigkeitsziele,1
nachhaltigkeitszielen,2
nachhilfe,1
nachholende,1
nachkommen,1
nachricht,1
nachrichten,1
nachteil,1
nachteile,1
nachteilen,1
nachteilig,1
nachteilsausgleichen,1
nachtflugverbot,1
nachtzugverbindungen,1
nachtzüge,1
nachvollziehbar,1
nachvollziehen,1
nachwachsende,1
nachweis,1
nachweislich,1
nachwuchswissenschaftlerinnen,1
nachzukommen,1
nachzügler,1
naheliegende,1
nahen,1
nahezu,1
nahrung,1
nahrungsmittelsicherheit,1
nahrungsmittelspekulation,1
national,2
nationale,5
nationalen,5
nationaler,2
nationales,3
nationalität,1
nationalparks,2
nationalsozialistischen,1
nationalstaaten,1
nationen,4
nato,1
natur,3
natura,1
naturerbe,1
naturfreundlich,1
naturschutz,1
naturschutzgebiete,1
naturschutzgerechte,1
naturschutzund,1
naturschutzwirkung,1
naturund,2
naturverträglich,1
natürlich,1
natürliche,1
natürlichen,2
neben,5
nebenverdienste,1
negativ,1
nehmen,3
nein,1
nenner,1
nettoverbrauch,1
netz,8
netzausbau,1
netzes,1
netzintegrität,1
netzwerkarbeit,1
netzwerke,1
neu,8
neuanfang,1
neuaufstellung,1
neubau,2
neubauten,2
neubeginn,1
neubesetzung,1
neubesetzungen,1
neue,29
neuen,13
neuer,3
neuermittlung,1
neues,2
neugier,1
neun,1
neuordnung,1
neuorientierung,1
neustart,3
neuund,1
ngos,1
nichtauszahlung,1
nichtregierungsorganisationen,2
nichtstaatliche,1
nichtübertragbare,1
nie,1
niedergelassene,1
niederländischem,1
niedrig,2
niedrige,1
niedrigen,1
niedrigschwellige,1
niemand,1
nien,1
nimmt,3
nirgendwo,1
niveau,1
nord,1
nordund,1
normales,1
normalität,1
not,2
notfall,1
notfalls,1
notfallund,1
notfallversorgung,3
notrufabfrage,1
notrufleitstellen,1
notwendig,8
notwendige,2
notwendigen,4
notwendigkeiten,1
novelliert,1
novellierung,1
nrw,1
nukleare,1
nukleares,1
nummern,1
nurses,2
nutzbar,2
nutzen,13
nutzerfreundlichen,1
nutzergenerierte,1
nutzerinnen,1
nutzung,4
nächsten,6
näher,1
nähern,1
nötig,7
nötige,2
nötigsten,1
obdachlose,1
obdachlosigkeit,2
obergrenze,1
oberhalb,2
obersten,1
obliegt,1
obwohl,3
oda,1
odernot,1
offenbart,1
offene,4
offenen,3
offenes,2
offengelegt,1
offenhalten,1
offenheit,2
oft,10
oftmals,1
ohnehin,2
ohr,1
online,2
onlineberatungsangebote,1
onlinediensten,1
open,2
openund,1
opfer,7
optimale,1
optionen,1
ordnungsmaßnahmen,1
ordnungspolitisch,1
ordnungsrahmen,1
ordnungsrechtlichen,1
organ,2
organisationen,4
organisatorisch,2
organisierte,1
orientieren,3
orientiert,2
orientierte,1
orientiertes,1
orientierung,1
ort,8
orte,1
orten,3
ortsansässige,1
ortschaften,1
ortsgebunden,1
ost,1
ostdeutschland,1
osten,1
ostsee,1
osze,2
out,1
paare,1
pakt,1
palliativversorgung,1
palmöl,1
pandemie,8
pandemiebedingter,1
pandemiebekämpfung,1
pandemien,3
pandemievorsorge,1
pandemiezeiten,1
parallelstrukturen,1
paris,2
pariser,4
parität,1
paritätischen,1
parkraumbewirtschaftung,1
parlament,3
parlamentarische,2
parlamenten,1
parlaments,3
partei,1
parteiarbeit,1
parteien,1
parteiengesetz,1
partizipativ,1
partizipative,2
partnerinnen,2
partnerländern,1
partnern,2
partnerschaft,3
partnerschaften,2
partnerschaftsgewalt,1
passen,1
passende,1
passgenaue,1
patchwork,1
patente,1
patentrecht,1
patientenberatung,1
patientinnen,1
patientinnengeheimnis,1
patientinnenorientierung,1
patientinnenund,2
pauschale,1
pauschaler,1
pausenhof,1
pendeln,1
pendelstrecken,1
pendlerinnen,1
pensionsfonds,1
per,2
periodischen,1
permanentes,1
person,1
personal,5
personalausweis,1
personalbemessung,2
personalmangels,1
personaloffensive,1
personalplanung,1
personals,1
personell,2
personelle,1
personellen,1
personen,6
personenbeziehbaren,1
personenbezogenen,2
personengruppen,1
perspektiven,3
perspektivenvielfalt,1
perspektivisch,4
perspektivlosigkeit,2
persönliche,1
persönlichen,1
persönliches,1
pestizid,1
pestizidabgabe,1
pestizidabhängigkeit,1
pestizide,1
pestiziden,4
pestizidreduktionsstrategie,1
petitionsrecht,1
pfad,2
pfandautomaten,1
pflanzen,1
pflanzlichen,1
pflege,9
pflegebedarfsplanung,1
pflegebedingte,1
pflegebedürftige,2
pflegefamilie,1
pflegeformen,1
pflegegarantie,1
pflegeleistungen,1
pflegen,2
pflegerische,1
pflegeversicherung,2
pflegezeit,1
pflicht,5
pflichten,1
phase,1
phasen,1
photovoltaik,1
physische,3
physischen,1
pille,1
pipelineprojekt,1
pkw,1
plan,1
planbare,1
planbaren,1
planbarkeit,1
planen,3
planetaren,2
planeten,1
planung,1
planungen,2
planungsbehörden,1
planungshoheit,1
planungssicherheit,2
planungsund,1
planzielen,1
plastikund,1
plattform,2
plattformanbieter,1
plattformen,3
plattformräten,1
platz,5
playing,1
pleite,2
plenumsabstimmung,1
plus,4
polarisierung,1
politik,14
politikbereichen,1
politikentwicklung,1
politikerinnen,1
politisch,2
politische,8
politischen,5
politischer,2
politisches,1
polizei,3
polizistinnen,4
porno,1
portal,2
positionslimits,1
positiv,1
post,1
postfiliale,1
postkoloniale,1
potenzial,2
potenziale,2
potenzielle,1
pragmatische,1
praxis,3
preis,3
preise,1
preisgestaltung,1
preisund,1
prekäre,1
prekären,1
prepare,1
primat,1
primärrohstoffen,1
prinzip,1
prinzipien,2
priorisiert,1
priorität,2
privat,1
private,4
privaten,1
privatisiert,1
privatisierung,1
privatisierungsdruck,1
privatleben,1
privatwirtschaftliche,1
privile,1
privileg,1
pro,6
proaktive,1
problem,1
problemen,1
problemlos,1
produkte,6
produktion,4
produktionskapazitäten,1
produktionsstandards,1
produktionsund,1
produktpass,1
produzentinnen,1
produzieren,1
produziert,1
professionsübergreifenden,1
profitabel,1
profitieren,3
programm,8
programmauftrag,1
programme,1
programms,2
projekt,1
projekte,4
projekten,4
projektförderung,1
promotion,1
proportionale,1
prostituiertenschutz,1
prostitution,1
prostitutionsstätten,1
protect,1
proteste,1
provisionsberatung,1
prozent,17
prozess,4
prozessen,1
prägendes,1
prämien,1
präsent,1
präsidentin,2
prävention,5
präventionsarbeit,1
präventionsmöglichkeiten,1
präventionsprogramme,1
präventionsprojekte,1
präventiv,1
prüfen,7
prüfmechanismus,1
prüfung,2
prüfungen,1
pseudonymisiert,1
psychische,4
psychischen,1
public,1
pushbacks,1
pv,1
pädagogisch,1
pädagogische,2
pädagogischen,1
quadratmeter,1
qualifikation,1
qualifizieren,1
qualifiziert,1
qualifizierte,2
qualifiziertem,1
qualifizierung,2
qualifizierungsangebote,1
qualifizierungsphasen,1
qualitativ,2
qualität,4
qualitätskriterien,1
qualitätsmanagement,1
qualitätsstandards,1
qualitätstransparenz,1
qualvolle,1
quantencomputing,1
quartierspflege,1
quartiersplanung,1
quelle,1
quellen,2
quer,1
quereinstiegsbildung,1
querschnittsaufgabe,4
quote,3
quotekapitel,1
quoten,2
quälen,1
rad,1
radfahrerinnen,1
radinfrastruktur,1
radund,2
radverkehrsplans,1
radwege,4
rahmen,15
rahmenbedingungen,4
rasante,1
rassen,1
rassismus,4
rassismuskritischen,1
rassistischer,1
rat,2
ratifiziert,1
ratio,2
ration,1
rationale,1
rationalen,1
raum,11
raumfahrt,1
raus,2
reagieren,2
reaktion,1
reaktionsfähigkeit,1
reaktive,1
reaktivierung,1
reaktoren,1
real,1
reale,2
realen,1
realisieren,2
realität,3
reallabore,1
rebuild,1
rechenschaft,1
rechenund,1
rechnung,1
recht,12
rechte,5
rechtebasierter,1
rechten,1
rechtlich,3
rechtliche,4
rechtlichen,2
rechtliches,1
rechts,2
rechtsanspruch,4
rechtsberatung,1
rechtsbruch,1
rechtsextremer,2
rechtsextremismus,3
rechtsextremistinnen,2
rechtsextremistischer,1
rechtsformen,1
rechtsgüter,1
rechtsinstitut,1
rechtskontrolle,1
rechtsnormen,1
rechtsordnung,1
rechtsrahmen,1
rechtsschutz,1
rechtsschutzes,1
rechtssicher,2
rechtssicherheit,1
rechtsstaat,2
rechtsstaatlich,2
rechtsstaatliche,1
rechtsstaatlicher,1
rechtsstaatlichkeit,2
rechtsstaatlichkeitsbericht,1
rechtsunsicherheit,1
rechtsverbindlich,1
rechtsverbindlichen,1
rechtsverstößen,1
rechtswegs,1
rechtswidrig,1
rechtswidrigen,1
recycelt,1
recyclingindustrie,1
reduktion,3
reduktionserfolge,1
reduktionsziele,1
reduzieren,4
reduziert,2
reform,2
reformen,1
reformieren,7
reformierte,1
regel,3
regelausnahme,1
regelbasierte,1
regelfinanzierung,1
regelmäßig,2
regeln,7
regelsatz,1
regelung,3
regelungen,9
regen,2
regenbogenfamilie,1
regieren,1
regierung,7
regierungen,3
regierungspolitik,1
region,4
regional,1
regionale,4
regionalen,2
regionen,10
register,1
registriert,1
registrierung,1
registrierungszentren,1
regularien,1
regulatorischen,1
regulieren,5
reguliert,1
regulierten,2
regulierung,3
regulierungen,2
reguläre,1
reichen,4
reicher,1
reicht,1
rein,1
reine,1
reisewarnung,1
reißbrett,1
reißt,1
rekrutierung,2
relevanten,2
religions,1
religionsausübung,1
religionsgemeinschaften,1
religiös,3
religiösem,1
relocationund,1
ren,2
rendite,2
rentablen,1
rente,4
reparatur,1
reparaturfähigkeit,1
reparaturund,1
reparierbar,1
reparierbarkeit,1
repowering,1
repressalien,1
reproduktive,1
repräsentativen,1
resettlement,6
resilienz,1
resistenzen,1
responsibility,1
ressortübergreifende,2
ressortübergreifenden,1
ressourcen,4
ressourcenkonflikten,1
restriktive,1
retten,2
rettet,1
rettetdie,1
rettung,1
rettungsdienst,1
revolution,1
richten,5
richterinnen,1
richtet,1
richtig,1
richtigen,1
richtlinie,2
richtschnur,1
richtung,3
ride,1
ridepooling,1
riesiges,1
ringen,1
risiken,3
risikoorientierten,1
risikoprofils,1
roaming,1
robuste,1
robustes,1
rohstoff,1
rohstoffe,2
rohstoffen,2
rohstoffgewinnung,1
rohstoffimporten,1
rohstoffminen,1
rohstoffpolitik,1
rohstoffvorkommen,1
rolle,10
romnja,2
routen,1
rufbussen,1
rund,2
rundfunk,1
rundfunkanstalten,1
rundfunks,1
russische,1
russland,3
räume,3
räumen,1
römischen,1
rückbau,1
rücken,1
rückführungen,1
rückgrat,2
rückgängig,1
rückkehr,3
rückkehrrecht,1
rückversicherung,1
rückübernahmeabkommen,1
rüstungsbegrenzung,1
rüstungsexporten,1
rüstungsexportkontrolle,1
rüstungskontrolle,2
rüstungssektors,1
sachlich,1
sachverstand,1
sachverständige,1
sachverständigenrat,2
safe,1
sagen,1
same,1
sammeln,2
samt,1
sanften,1
saniert,2
sanierung,2
sanierungen,1
sanktionen,2
sanktionierbar,1
sanktionsbewährte,1
sanktionskatalog,1
sanktionsmöglichkeiten,1
sanktionsregister,1
satellitenbilder,1
schaden,1
schadensersatz,1
schadensfall,1
schadensminimierung,1
schadenspotenzial,1
schadenswiedergutmachung,1
schadstoffe,1
schadstoffrückstände,1
schaffen,40
schafft,4
schallschutz,1
schande,1
schatz,1
scheitern,2
scheitert,1
schematisch,1
schenken,1
schicksal,1
schiedsgerichte,1
schiene,1
schiffen,1
schifffahrt,3
schiffsantriebe,1
schlagen,1
schlecht,2
schleppern,1
schließen,4
schließt,1
schlimmer,1
schlimmste,1
schluss,1
schlüssel,3
schlüsselrolle,1
schmerzvolle,1
schmutzigen,1
schnell,7
schnelle,3
schnellem,1
schnellen,3
schneller,3
schnellere,2
schnelles,4
schnellladesäulen,1
schnellstmöglich,5
schnellstmöglicher,1
schon,12
schonungslos,2
schreiben,1
schritt,4
schritte,1
schritten,1
schrittweise,5
schränkt,1
schub,1
schubkraft,1
schubladen,1
schul,1
schulden,1
schuldenbremse,2
schuldenerlasse,1
schuldenkrise,1
schuldenkrisen,1
schuldenrestrukturierungen,1
schuldig,1
schuldnerinnenberatung,1
schule,4
schulen,8
schulentwicklung,1
schulgeld,1
schulgesundheitspflege,1
schulschließungen,1
schulsozialarbeit,1
schutz,19
schutzbedürftige,1
schutzeinrichkapitel,1
schutzes,1
schutzgebiete,1
schutzkonzepte,1
schutzkriterien,1
schutzlos,1
schutzlücken,1
schutzmaterialien,1
schutzwürdigen,1
schwachstellen,1
schwammstädte,1
schwangerschaft,1
schwangerschaftsabbruch,2
schwarze,1
schwarzmarkt,1
schweigepflicht,1
schwelle,1
schwer,3
schwerbehinderung,1
schwere,1
schwerpunkt,1
schwersten,1
schwerstkranken,1
schwerverletzten,1
schweröl,1
schwierigkeiten,1
schwimmbäder,1
schwimmen,1
schwimmsportstätten,1
schwimmstätten,1
schwule,1
schwung,1
schwächen,2
schäden,3
schädlichen,1
schöner,1
schönheit,1
schülerinnen,2
schützen,16
schützt,2
science,1
sdgs,1
sechs,2
sechsmonatigen,1
seefahrt,1
seelsorge,1
seenot,1
seenotrettung,2
seenotrettungsorganisationen,1
sehen,2
sehnlicher,1
seid,45
seien,1
seit,1
seiten,2
sektoren,1
sekundärmarkt,1
selbert,1
selbstbestimmt,5
selbstbestimmte,1
selbstbestimmter,1
selbstbestimmung,5
selbstbewusst,1
selbstbewusste,1
selbsthilfeorganisationen,1
selbstnutzende,1
selbstverpflichtung,1
selbstverständlich,2
selbstverständnis,1
selbstverwirklichung,1
selbständig,2
selbständige,5
selbständigen,1
seltene,1
seniorinnen,1
senken,5
sensibilisierungsund,1
separierte,1
serviceangebote,1
serviceorientiert,1
services,1
set,1
setzen,39
setzt,1
sexualisierte,1
sexualisierter,2
sexuelle,1
sexuellen,3
sgb,2
share,3
sharingund,1
shelter,1
sicher,10
sichere,9
sicheren,1
sicherer,3
sicheres,1
sichergestellt,3
sicherheit,15
sicherheits,1
sicherheitsbehörden,4
sicherheitsbericht,1
sicherheitsfirmen,1
sicherheitsinteressen,1
sicherheitslücken,1
sicherheitsorgane,1
sicherheitspolitik,1
sicherheitspolitischen,1
sicherheitsrelevante,1
sicherheitsrelevanten,1
sicherheitssektor,1
sicherheitsstandards,1
sicherheitsund,2
sicherheitsupdates,1
sichern,11
sicherstellen,9
sicherstellt,1
sichert,5
sicherung,3
sicherungssysteme,1
sicherzustellen,2
sicht,1
sichtbar,2
sichtbare,1
siedlungsbau,1
siedlungsentwicklung,1
sinne,7
sinnstiftende,1
sinnvoll,1
sinnvollsten,1
situation,1
situationen,2
skaleneffekten,1
skandinavischen,1
skrupellose,1
smartphone,2
smartphones,1
sodass,5
sofern,2
sofort,2
sofortigen,1
sofortprogramm,2
sofortverbot,1
software,1
softwareupdates,1
sogar,1
sogenannte,1
sogenannten,3
sogenannter,1
soja,1
sokapitel,1
solange,5
solaranlage,1
solardächer,1
solarparks,1
solarthermie,1
solch,1
soldatinnen,3
solidarisch,2
solidarische,1
solidarität,2
solide,1
sollen,58
sollten,7
solo,1
somit,2
sommer,1
sommercamps,1
sonderjustiz,1
sonne,1
sonstigen,1
sorge,1
sorgearbeit,2
sorgen,18
sorgerechts,1
sorgfaltspflichten,1
sorgt,1
source,1
souverän,1
souveränität,3
soweit,2
sowie,72
sowohl,6
sozial,12
soziale,13
sozialen,12
sozialer,2
soziales,1
sozialhilfe,1
sozialkapitel,1
sozialraum,1
sozialstaat,1
sozialstaates,1
sozialstandards,1
sozialsysteme,1
sozialund,2
sozialunternehmen,1
sozialversicherungspflichtige,1
sozialversicherungspflichtiger,1
sozialwahlen,1
sozialwohnungen,1
sozialökologische,1
soziokulturelle,1
space,1
spalten,1
spaltung,1
sparen,2
speicher,1
speicherbar,1
speichern,2
spekulantinnen,1
spekulation,1
spekulative,1
spekulativen,1
spendenkodex,1
spezialeinheit,1
spezialisierte,1
spielen,4
spielplatz,1
spielräume,1
spielt,2
spielzeug,1
spitzenforschung,4
spitzenkandidaten,1
spitzenkandidatin,1
spitzenreiter,1
spitzensport,1
sport,3
sportflächen,1
sportfunktionärinnen,1
sportgroßveranstaltungen,1
sporthalle,1
sprache,3
sprachmittlung,1
sprind,1
sprinterzüge,1
sprunginnovation,1
spuren,1
spurensicherung,1
späteren,1
spätestens,2
spürbar,3
spüren,3
staat,14
staaten,17
staatengemeinschaft,1
staates,2
staatliche,3
staatlichen,8
staatlicher,2
staatliches,1
staatsangehörigkeit,1
staatsanleihen,1
staatsanwaltschaft,1
staatsbürgerinnen,1
staatsfinanzen,1
staatsfinanzierung,1
staatshilfen,1
staatsverträge,1
staatszerfall,1
stabil,1
stabile,1
stabiler,1
stabilisierung,1
stabilisierungsinstrument,1
stabilität,2
stabilitätsund,1
stadt,4
stadtteil,1
stadtviertel,1
stahl,1
stammbeschäftigte,1
standard,8
standardisierten,1
standards,13
standort,3
standorten,1
stark,8
starke,4
starkem,1
starken,6
starker,1
starkes,2
start,2
starten,1
starthilfe,1
startschuss,1
startups,1
stationen,1
stationsbasierten,1
stationäre,2
statisch,1
statt,14
stattdessen,2
statten,1
stattfinden,1
stattfindet,1
stattgefunden,1
status,2
statut,1
staus,2
steckt,2
stehen,8
steht,1
steigen,2
steigenden,1
stelle,2
stellen,17
stellenwert,1
stellnetzen,1
stellt,2
stellung,1
stemmen,1
sterben,1
sterbenden,1
stetig,1
stets,3
steuer,1
steuerfreiheit,2
steuergeldern,1
steuergerechtigkeit,1
steuergutschrift,1
steuerhinterziehung,3
steuerlich,3
steuerpflicht,2
steuerrecht,1
steuerreform,1
steuersatz,1
steuersystems,1
steuerumgehung,1
steuervergünstigungen,1
steuervermeidung,1
steuerzahlerinnen,2
stiefkindadoptionsverfahren,1
stiefoder,1
stiftung,1
stiftungen,1
stigmatisierung,1
stillstands,1
stimme,1
stimmrechte,1
stimulierendes,1
stoffe,1
stoffund,1
stopp,1
stoßen,2
strafgerichtshofs,1
strafgesetzbuch,1
strafrechts,1
straftaten,5
strafverfahren,1
strafverfolgung,2
strafverfolgungsbehörden,1
strahlkraft,1
strategie,6
strategien,1
strategisch,1
strategische,2
straße,2
straßen,2
straßenausbauprojekte,1
straßenbahnen,1
straßenbaus,1
straßenfahrzeuge,1
straßenneubau,1
straßenneubauund,1
straßenraum,1
straßenverkehr,2
straßenverkehrsrecht,1
stream,1
streben,3
streitkräfte,1
streng,1
strenge,2
strengen,3
strenger,2
strengeren,1
stress,1
strikt,1
strikte,2
strikten,2
striktere,1
strikteren,1
stringente,1
strom,4
stromausfälle,1
strombereich,1
stroms,1
stromübertragungsnetze,1
struktur,1
strukturell,3
strukturelle,2
strukturellen,1
struktureller,1
strukturen,7
strukturieren,1
strukturpolitik,1
strukturschwachen,1
studien,1
studienplätzen,1
studienzeit,1
studierende,3
studierenden,2
studium,2
stufen,1
stunden,2
stundenumfang,1
städte,3
städtebauund,1
städten,6
städterinnen,1
stärke,2
stärken,46
stärker,11
stärkere,4
stärkeren,2
stärkerkapitel,1
stärkste,1
stärksten,1
stärkt,4
stärkung,7
stürzen,1
stütze,1
stützt,1
subsidiaritätsprinzip,1
substanziell,1
subunternehmerketten,1
subventionen,2
subventionieren,1
subventions,1
suchen,2
sucht,1
suchtpotenzial,1
supermärkte,1
surft,1
synthetische,1
synthetischen,1
syrien,2
system,7
systematisch,7
systematische,3
systematischen,1
systematischer,1
systeme,2
systemen,1
systemrelevant,1
systems,1
systemwettbewerb,1
systemwettbewerbs,1
säulen,1
südens,6
tablets,1
tag,4
tage,2
tages,1
tagesordnung,1
tagtäglich,1
tarifen,1
tariflichen,2
tarifverbünden,1
tarifvertrag,2
tarifverträge,1
taschengeldsätze,1
taten,1
tatkräftige,1
tatorte,1
tatsächlich,2
tatsächliche,1
tatsächlichen,2
tauschen,1
technik,2
technikfolgenabschätzung,1
technikgenderstereotype,1
technisch,1
technische,5
technischen,3
technischer,1
technologie,2
technologien,6
technologieneutralität,1
technologieoptionen,1
technologieund,1
technologisch,1
technologische,3
teil,4
teilausstieg,1
teile,1
teileinkapitel,1
teilen,4
teilhabe,10
teilhabechancen,1
teilhaben,2
teilnahme,2
teilqualifikationen,1
teils,1
teilzeit,1
teilzuhaben,2
teilzunehmen,1
telefon,1
telefonische,1
telemedizin,1
tempo,1
temporären,1
tenure,1
terminals,1
termine,1
tern,1
terror,1
terrorabwehr,1
terrorfinanzierung,1
terrorismus,1
testverfahren,1
texte,1
textgegenüberstellungen,1
textilien,1
thema,2
themen,2
therapeutische,1
therapeutischen,1
therapieentwicklung,1
tickets,1
tie,1
tief,1
tiefgreifenden,1
tiere,1
tiergerechtigkeit,1
tierhaltung,3
tierische,1
tierischen,1
tierquälerische,1
tierschutzgerechte,1
tiertransporte,1
tik,1
tisch,1
tkü,1
to,1
togo,1
tonne,1
tonnen,1
torfabbau,1
toten,1
tourismus,2
touristische,2
touristischer,1
track,1
tragen,6
tragfähige,1
transatlantischen,1
transdisziplinäre,1
transdisziplinären,1
transferleistungen,1
transformation,13
transformationsprozesse,1
transformationsquote,1
transgeschlechtliche,1
transitländer,1
transitzonen,1
transkulturalität,1
transnational,1
transparent,4
transparenten,2
transparenter,2
transparenz,9
transparenzgesetz,1
transparenzpflichten,1
transportiert,1
transund,1
traufe,1
treaty,1
treffen,4
treiben,2
treibhausgasneutralität,1
treibstoffe,1
treibstoffen,1
trend,2
trends,1
trennung,1
treuhänderisch,1
tropen,1
trotz,1
trotzdem,1
träger,2
trägerschaft,2
trägt,3
tun,1
täterin,1
täterinnen,1
tätigkeiten,1
türkei,2
türkischen,1
uigurinnen,1
ukraine,1
ultima,1
umbau,1
umbauen,1
umbruch,1
umbruchs,1
umfang,2
umfassend,3
umfassende,3
umfassenden,2
umfassender,3
umfassendes,2
umfasst,2
umfeld,2
umgang,1
umgangs,1
umgebung,2
umgehen,1
umgehung,1
umgekehrt,1
umgelenkt,1
umgesetzt,4
umkehren,1
umlagesystem,1
umschlagterminals,1
umsetzen,6
umsetzt,2
umsetzung,8
umso,4
umstellen,1
umstellung,1
umstieg,1
umstrittene,1
umstrukturierungen,1
umwandeln,1
umwelt,4
umweltagentur,1
umweltbildung,1
umweltbundesamtes,1
umweltdumping,1
umweltfolgekosten,1
umweltfragen,1
umweltfreundliche,2
umweltfreundlichen,1
umweltgerechtigkeit,1
umweltschutz,2
umweltschutzaspekte,1
umweltschädliche,1
umweltschädlichen,1
umweltstandards,1
umwelttoxische,1
umweltund,4
umweltverträglich,2
umweltverträgliches,1
umweltvölkerrecht,1
umweltwirkungen,1
umzuwidmen,1
un,3
unabdingbar,1
unabhängig,5
unabhängige,4
unabhängigen,10
unabhängiges,1
unattraktiv,1
unbedingt,1
unbefristeten,1
unbürokratisch,3
undaufklärung,1
undenkbar,1
undgesetzgebung,1
undifferenzierte,1
undinfrastrukturen,1
undkapitel,4
undsonderberichterstatterinnen,1
undstiftungen,1
undwege,1
uneingeschränkt,1
unendliches,1
unentdeckt,1
unerfüllten,1
unerlässlich,1
unesco,1
unfaire,1
unfairen,1
unfairer,1
unfreiwillig,1
unfälle,2
ungenutzt,1
ungenügenden,1
ungerecht,1
ungestört,1
ungewollte,1
ungewollten,1
ungleichbehandlung,1
ungleichgewichte,1
ungleichheit,2
unhcr,3
union,5
universities,1
universitäre,1
universitätsmedizin,1
unkomfortabel,1
unlautere,1
unmöglich,1
unnötige,1
unparteiisches,1
unrecht,1
unserer,17
unsichere,2
unterbesetzung,1
unterbinden,1
unterbindet,1
unterbunden,1
unterdrückung,1
untergeschoben,1
untergräbt,1
unterhaltsvorschuss,1
unterlaufen,1
unterliegen,1
unternehmen,28
unternehmensebene,1
unternehmenslandschaft,1
unternehmenssteuern,1
unternehmensverkäufen,1
unternehmerinnen,3
unternehmerischem,1
unternehmerischen,1
unternehmerischer,1
unterrepräsentiert,1
unterricht,1
unterscheiden,1
unterschiedlichste,1
unterschätzten,1
unterstützen,37
unterstützerinnen,1
unterstützt,7
unterstützung,12
unterstützungsstrukturen,1
unterwegs,1
unterziehen,1
unversehrt,1
unverträglich,1
unverzichtbar,1
unverzüglich,1
unwissenheit,1
unzeitgemäß,1
unzähliger,1
unüberwindbare,1
up,1
ups,1
uran,1
urbanen,1
urheberinnen,1
ursachen,3
urteil,1
urteile,1
urund,1
usa,2
usadministration,1
valides,1
verankern,7
verankert,2
verankerte,1
verankerten,1
verankerung,1
verantwortlich,1
verantwortung,18
verantwortungsprinzip,1
verarbeitete,1
verarbeitung,1
verbale,1
verbandsklage,1
verbandsklagerecht,2
verbessern,14
verbessert,4
verbesserte,1
verbesserter,1
verbesserung,3
verbieten,2
verbinden,2
verbindlich,3
verbindliche,10
verbindlichen,1
verbindliches,1
verbindungen,1
verbleibendes,1
verboten,1
verbraucherfreundlich,2
verbraucherinnen,5
verbrauchern,1
verbraucherschutz,2
verbraucherschutzes,1
verbrechen,5
verbrechensverhütung,1
verbreiten,1
verbreitet,1
verbreitung,1
verbrennen,1
verbundene,1
verbänden,1
verdachtsmeldungen,1
verdeutlicht,1
verdienen,3
verdienst,1
verdient,2
verdoppelt,1
verdrängung,1
vereinbar,2
vereinbarkeit,3
vereine,2
vereinen,2
vereinfachen,2
vereinfacht,2
vereinfachtes,1
vereinsund,2
vereinten,4
verfahren,6
verfahrensgegnerinnen,1
verfassungsfeindliche,1
verfassungsgerichten,1
verfassungsrechtlich,4
verfassungsschutzes,1
verfassungsund,1
verfolgen,2
verfolgt,2
verfolgte,2
verfügbar,2
verfügbarmachung,1
verfügen,1
verfügt,2
verfügung,3
vergabe,1
vergangenen,2
vergangenheit,1
vergeben,1
vergewaltigungen,1
vergleich,3
vergleichbare,1
vergleiche,1
vergleichen,1
vergrößern,1
vergütung,2
verhalten,2
verhandlungen,1
verhandlungstisch,1
verheiratete,1
verhindern,13
verhindert,4
verhinderung,2
verhinderungspflege,1
verhältnis,3
verhältnismäßige,1
verhältnisse,1
verhängen,1
verhütungsmitteln,2
verifikation,1
verkauf,2
verkauft,1
verkehr,3
verkehrsberuhigte,1
verkehrsinfrastrukturplanung,1
verkehrsmitteln,2
verkehrsmittels,1
verkehrspolitik,1
verkehrssicherheit,1
verkehrsund,1
verkehrswegen,2
verkehrswende,2
verkleinert,1
verknüpfen,2
verknüpften,1
verlagern,1
verlangen,1
verlassen,2
verleihen,2
verletzlichsten,1
verlo,1
verloren,2
verlust,3
verlängert,2
verlängerte,1
verlässlich,2
verlässliche,4
verlässt,1
verläuft,1
vermehrt,2
vermehrte,1
vermeiden,1
vermeidung,1
vermieterinnen,1
vermitteln,1
vermittelt,1
vermittlung,2
vermögen,3
vermögensteuer,1
vermögensungleichheit,1
vermögenswerte,1
vernetzen,2
vernetzende,1
vernetzt,1
vernetzte,1
vernetzung,6
verpachtet,1
verpflichten,1
verpflichtend,5
verpflichtende,2
verpflichtenden,1
verpflichtet,5
verpflichtung,2
verpflichtungen,1
verrichten,1
verringern,4
verringert,1
verringerung,1
versagt,1
verschaffen,3
verschieden,1
verschiedenen,1
verschleiß,2
verschlimmert,1
verschlüsselten,1
verschlüsselung,1
verschlüsselungen,1
verschuldet,1
verschwendet,1
verschärfen,1
versehen,2
versicherer,1
versicherte,2
versichertenvertretung,1
versicherter,1
versicherungsdienstleistungen,1
versicherungssystems,1
versicherungswirtschaft,1
versorgen,1
versorgt,2
versorgung,10
versorgungsbereiche,1
versorgungsproblemen,1
versorgungsqualität,1
versperren,1
versprechen,2
verstauben,1
verstehen,3
verstetigen,3
versteuerte,1
verstreut,1
verstreute,1
verständigung,1
verständliche,1
verständlichen,1
verständlicher,1
verstärken,2
verstärkt,4
verstärkte,2
verstärkter,1
verstöße,1
versuchen,1
versucht,3
verteilmechanismus,2
verteilnetze,1
verteilt,1
vertrag,2
vertrags,1
vertragsinitiative,1
vertragsverletzungsverfahren,1
vertragsverlängerungen,1
vertrauen,5
vertrauenswürdigen,1
vertrauten,1
vertreibung,2
vertreibungen,1
vertreterin,1
vertretung,2
vertretungen,1
vertriebsformen,1
verträge,1
verträgen,1
verträglichen,1
verursacht,2
verursachte,1
verurteilt,1
verwaisten,1
verwaltung,3
verwaltungsdickicht,1
verwaltungsebenen,1
verwaltungsverfahren,1
verweigern,1
verweigert,1
verweildauer,1
verweist,1
verwendeten,1
verwerfungen,1
verwirklichen,1
verwundbaren,1
verwurzelt,1
verzögerungstaktik,1
verändern,2
verändertes,1
veränderung,1
veränderungen,2
veränderungsprozesse,1
veräußerungsgewinne,2
verübten,1
videoüberwachung,1
viele,16
vielen,3
vielerorts,2
vieles,1
vielfach,2
vielfachen,1
vielfaches,1
vielfalt,6
vielfältig,2
vielfältige,2
vielfältigen,3
vielfältigsten,1
vielseitigkeit,1
vielversprechende,1
vier,5
vierten,1
viii,1
visa,1
visaerleichterungen,1
vision,1
vn,6
vollausstieg,1
vollautomatische,1
vollbeschäftigung,1
volle,1
vollenden,2
vollendet,1
volles,1
vollkommen,1
vollmachten,1
vollstationären,1
vollstreckt,1
vollständigen,1
vollwertigen,1
vollwertiges,1
vollzeit,1
vollzieht,1
vollzugsdefizite,1
voneinander,1
voran,6
voranbringen,3
voranbringt,1
vorangehen,3
vorangetrieben,3
voranschreiten,1
vorantreiben,7
voranzutreiben,2
vorausschauende,1
voraussetzung,1
voraussetzungen,2
vorbild,2
vorfinden,1
vorgaben,7
vorgegangen,1
vorgehen,4
vorgenommenen,1
vorgeschlagen,1
vorgesehen,1
vorgesehenen,1
vorhaben,3
vorhanden,1
vorhandene,1
vorherigen,1
vorhersagen,1
vorkaufsrecht,1
vorkehrungen,1
vorlegen,1
vorliegen,1
vorläufig,1
vorn,1
vorne,1
vorrang,2
vorrangig,3
vorratsdatenspeicherung,1
vorschlag,1
vorschriften,1
vorsorge,1
vorsorgeprinzip,2
vorsorgeprinzips,1
vorstandssitze,1
vorteilhafter,1
vorund,1
vorzeichen,1
vorzeitig,1
vorzubeugen,1
vorzugeben,1
vorzugehen,1
vorzugsweise,1
vorzunehmen,1
väter,1
vätern,1
völkermord,2
völkerrecht,2
völkerrechtliche,1
völkerrechtsorientierte,1
völkerrechtswidrige,1
völkerstraftaten,1
völkerund,1
völkischen,1
wachsende,2
wachstum,3
wachstumspakt,1
waffen,1
waffenhandel,1
wagen,1
wagniskapital,1
wagniskapitalfonds,3
wahl,1
wahlberechtigten,1
wahlen,2
wahlperiode,1
wahlrecht,1
wahren,2
wahrgenommene,1
wahrnehmen,1
wald,2
waldbesitzerverbänden,1
waldbrände,1
waldsterben,1
wandels,1
ware,1
warmmietenneutral,1
warnsysteme,1
warten,2
waschmaschine,1
wasser,3
wasserkreislauf,1
wasserstoff,4
wasserstoffherstellung,1
wasserstraßen,2
wasserwege,1
wechsel,1
wechseln,1
wechselrichtern,1
wechselseitiger,1
wecken,1
weder,2
wegbegleiter,1
wegbrechen,1
wege,3
wegen,3
weggefallen,1
wegkommt,1
wegzuwerfen,2
wehrdienst,1
wehren,2
wehrrecht,1
weise,2
weit,4
weite,1
weitem,2
weiten,2
weiterbildung,8
weiterbildungsangebote,1
weiterbildungsangeboten,1
weiterbildungsgeld,1
weiterbildungsund,1
weitere,8
weiteren,4
weiterentwickeln,10
weiterentwickelnde,1
weiterentwickelt,1
weiterentwickelte,1
weiterentwicklung,2
weiterentwicklungsmöglichkeiten,1
weiterer,2
weiteres,1
weiterführende,1
weiterführenden,1
weitergegeben,1
weiterhin,2
weiterzugeben,1
weiterzureichen,1
weitgehend,1
welch,2
welt,14
weltanschaulich,1
weltanschauungsfreiheit,1
weltgemeinschaft,2
weltgesundheitsorganisation,1
welthandelsorganisation,1
weltklimarates,1
weltordkapitel,1
weltordnung,1
weltraumes,1
weltweit,7
weltweite,2
weltweiten,3
weltwährungssystem,1
wende,2
wenden,2
wenig,3
wenigen,1
weniger,9
wer,7
werben,1
werbung,1
werbungskosten,1
werke,1
werkstattsystem,1
werkverträgen,1
wert,1
werte,1
wertefundament,1
wertegeleitete,1
wertegemeinschaft,1
wertekompass,1
wertschätzung,2
wertschöpfung,2
wertschöpfungskette,2
wertsteigerungen,1
wertvolle,1
wertvolles,1
west,1
westbalkanregelung,1
wettbewerb,6
wettbewerbsbedingungen,3
wettbewerbsbeschränkungen,1
wettbewerbsfähige,1
wettbewerbsfähigkeit,1
wettbewerbsnachteil,1
wettbewerbsund,1
wettbewerbsvorteile,1
wetter,1
wettrüsten,1
whistleblowerinnen,1
who,1
wichtig,7
wichtige,11
wichtigen,5
wichtiger,3
wichtiges,1
widerspiegelt,1
widersprüche,1
widerstandsfähig,1
widerstandsfähigkeit,1
widerstände,1
wiederaufbau,1
wiederaufbauinstrument,1
wiederaufleben,1
wiederherstellung,1
wiederspiegeln,1
wiederverwendet,1
wildnis,2
wildnisfonds,1
wildtiere,1
willen,1
willensbildung,2
wind,1
windenergieanlagen,1
windrädern,1
windund,1
wirecard,1
wirken,3
wirklich,1
wirklichkeit,1
wirksam,5
wirksame,1
wirksamen,1
wirksamer,1
wirksames,1
wirksamkeit,1
wirkstoffe,1
wirkung,1
wirkungsevaluierung,1
wirkungskriterien,1
wirkungsvoll,1
wirkungsvollen,1
wirtschaft,12
wirtschaften,7
wirtschaftlich,6
wirtschaftliche,3
wirtschaftlichen,5
wirtschaftlichkeitsprüfung,1
wirtschafts,1
wirtschaftseinbruch,1
wirtschaftsförderung,1
wirtschaftskraft,2
wirtschaftskriminalität,1
wirtschaftspolitische,1
wirtschaftsprüferinnen,1
wirtschaftsraum,1
wirtschaftsund,1
wirtschaftsweise,1
wirtschaftszone,1
wissen,4
wissenschaft,8
wissenschaftlerinnen,1
wissenschaftlich,2
wissenschaftliche,2
wissenschaftlichen,1
wissenschaftlicher,1
wissenschaftseinrichtungen,1
wissenschaftsgeleiteter,1
wissenschaftssystems,1
wissenschaftszeitvertragsgesetz,1
wissensgesellschaft,1
wissenstransfer,1
wobei,1
wofür,1
wohlstand,9
wohlstandes,1
wohnen,5
wohnformunabhängig,1
wohngemeinnützigkeit,1
wohngemeinschaften,1
wohnraum,1
wohnsituation,1
wohnsitz,1
wohnsitzauflage,1
wohnsitzwechsel,1
wohnt,1
wohnumfeld,1
wohnund,2
wohnung,1
wohnungen,2
wohnungsbau,2
wohnungsbaupolitik,1
wohnungslose,1
wohnungsmärkten,1
wohnungsund,1
wohnungsunternehmen,1
wohnungswirtschaft,1
wollenkapitel,1
working,1
wto,1
wurde,5
wurden,2
wählen,1
wählerinnen,1
währungen,1
währungsmonopols,1
währungsunion,1
wälder,1
wäre,2
wären,2
wärme,4
wärmepumpen,2
wärmeversorgung,1
württemberg,1
wüste,1
xinjiang,1
yogyakarta,1
zahl,1
zahlreiche,1
zahlungen,2
zebus,1
zehn,3
zehntelgrad,1
zeigen,5
zeigt,4
zeit,6
zeitalter,2
zeiten,5
zeitgemäße,1
zeitgemäßen,1
zeitpolitik,1
zeitraum,1
zeiträume,1
zeitverlauf,1
zement,1
zen,1
zentral,2
zentralbank,1
zentrale,7
zentralen,3
zentraler,1
zentrales,1
zentren,1
zentrum,3
zentrums,1
zero,1
zerschlagen,1
zertifiziert,1
zertifizierte,1
zertifizierungen,1
zeugung,1
zfd,1
ziel,18
zielbestimmung,1
ziele,5
zielen,1
zielgerichtet,2
zielgerichtete,1
zielgerichteten,1
zielgruppenspezifische,1
zielvorgaben,1
zif,1
zinsen,2
zirkulärwirtschaft,1
zivilen,3
ziviler,1
zivilgesellschaft,5
zivilgesellschaften,1
zivilgesellschaftliche,4
zivilgesellschaftlichen,3
zivilrechtliche,1
zoonosen,1
zudem,19
zufluchtsräume,1
zufriedenzugeben,1
zufällig,1
zug,2
zugang,22
zugangs,1
zugangsmöglichkeit,1
zugangsmöglichkeiten,1
zugangswege,2
zugelassen,2
zugenommen,1
zugewandt,1
zugleich,7
zugriffe,1
zugrunde,1
zugunsten,2
zugutekommen,2
zugänge,5
zugänglich,2
zugängliche,1
zugänglichen,1
zugänglicher,1
zuhören,1
zukunft,7
zukunftschancen,1
zukunftsfest,1
zukunftsfesten,1
zukunftsfonds,1
zukunftsfähig,3
zukunftsfähige,2
zukunftsfähigen,1
zukunftsfähiger,1
zukunftsfähigkeit,1
zukunftsinvestitionen,1
zukunftskompetenzen,1
zukunftsversprechen,1
zukunftszentrums,1
zukünftig,2
zukünftige,1
zukünftigen,3
zulassungsverfahren,1
zuletzt,1
zumeist,1
zumutbar,1
zunehmend,3
zunehmende,1
zunehmenden,1
zunehmender,1
zunächst,2
zurück,1
zurückdrängung,1
zurückgeben,1
zurückgelassen,1
zurückgeworfenen,1
zurücknehmen,1
zurückzufinden,1
zusagen,3
zusammen,3
zusammenarbeit,13
zusammenarbeiten,1
zusammenbringen,1
zusammenfassen,1
zusammengeführt,1
zusammengezogen,1
zusammenhalt,5
zusammenleben,3
zusammensein,2
zusammenspiel,3
zusammenwachsen,1
zusammenzufassen,1
zuschüsse,1
zustand,3
zustimmen,1
zustimmungsregel,1
zuständigen,2
zuständigkeiten,1
zusätzlich,7
zusätzliche,5
zutaten,1
zuverlässiges,2
zuvor,2
zuvorkommend,1
zuweisen,1
zuwendungsrecht,1
zwang,2
zwangsarbeit,1
zweck,2
zweckbindung,1
zwei,9
zweifelsfall,1
zweinutzungsrassen,1
zweites,1
zwingen,1
zwingend,1
zählt,3
zölle,2
züchtung,1
züge,1
zügig,4
zügige,2
zügigen,1
zügiger,1
ähnlich,2
älter,1
älteren,2
ämter,1
ändern,4
änderung,1
ära,1
ärgert,1
ärmere,1
ärztinnen,5
ärztliche,1
ärztliches,1
ästhetik,1
öffentlich,6
öffentliche,16
öffentlichen,21
öffentlicher,6
öffentliches,3
öffnen,2
öffnet,1
öfter,1
ökologie,1
ökologisch,3
ökologische,8
ökologischen,12
ökonomisch,2
ökonomischen,2
ökostandards,1
ökostrom,1
ökostromerzeugern,1
ökosysteme,1
ökosystemen,1
ökosystems,1
öl,1
ölund,1
öpnv,4
öpp,1
östlichen,1
üben,1
überall,13
überarbeiten,1
überbordende,1
überdüngung,1
übereingekommen,1
übereinkünfte,1
überflüssig,1
überforderung,1
überfällig,1
überführen,2
übergang,1
übergehen,1
überhaupt,2
überlassen,1
überlebenswichtigen,1
übermäßigen,1
übernehmen,7
übernommen,1
übernutzen,1
überprüfbaren,1
überprüfbarer,1
überprüfbarkeit,1
überprüft,1
überprüfung,3
überregionale,1
überrumpelt,1
überschreiten,1
überschussund,1
überschwemmungen,1
überstunden,1
übertragbare,1
übertragbarem,1
übertragen,1
überträgt,1
überwacht,1
überwachung,1
überwiegend,1
überwinden,2
überwunden,1
überzeugung,1
übrige,1
