000,11
10,6
100,4
102,1
12,2
120,1
13,1
14,1
15,2
160,2
17,1
18,2
180,2
19,2
1919,1
198,1
1990,2
20,2
200,9
2000,1
2015,1
2016,1
2017,1
2019,2
2020,3
2021,2
2025,1
2027,1
2030,6
2035,3
22,1
24,2
250,3
28,1
30,9
300,1
302,1
310,1
328,1
35,2
350,1
36,1
40,5
400,1
41,1
43,1
45,1
50,3
500,1
53,4
60,1
70,4
700,1
80,3
90,2
94,1
ab,39
abbau,2
abbaus,2
abdeckung,1
aberkannt,1
abge,2
abgebaggert,1
abgebaut,3
abgebbar,1
abgebildet,1
abgedeckte,1
abgegeben,1
abgehängten,1
abgeordneten,2
abgeordnetenbestechung,1
abgeschafft,3
abgeschlossen,1
abgeschlossene,2
abgeschlossenen,1
abgeschöpft,1
abgesenkt,1
abgesichert,1
abgesicherte,1
abgesicherten,1
abgestellt,2
abgestimmten,1
abgewandt,1
abgewertet,2
abgewogen,1
abgezogen,2
abgeﬂacht,1
abhilfemaßnahmen,1
abhängen,1
abhängi,1
abhängig,5
abhängigkeit,5
abhängigkeiten,1
abitur,1
abkommen,2
abkoppeln,1
ablasshandel,1
ablegen,1
ablehnen,1
ablösung,1
abmahnung,1
abrechnen,1
abriss,2
abrissund,1
abruf,1
abrüstung,3
abschaffen,8
abschaffung,1
abschiebung,2
abschiebungen,1
abschlagsfrei,1
abschließbare,1
abschluss,1
abschlüsse,1
abschlüssen,1
abschnitt,1
abschottung,1
abschottungsagentur,1
abschöpfen,1
absenkung,1
absichern,1
absicherung,2
absoluten,1
absolvieren,2
abstand,1
abstimmung,1
absurden,1
abteilungen,1
abwehr,1
abwerbung,1
abwerfen,1
abwertung,1
abwickeln,2
abzocke,1
abzubauen,1
abzugsfähig,1
abzuhängen,1
abzulehnen,1
abzuschaffen,1
abzuschotten,1
abzusichern,1
abzüge,1
abzügen,1
abﬁndungen,1
abﬂießende,1
account,1
achtung,1
act,1
administration,1
adoptionsrecht,1
adäquate,1
afd,1
afghaninnen,1
africa,1
afrika,1
agenda,1
agentur,2
agenturen,2
agg,2
aggregiert,1
aggregierten,1
agieren,1
agierende,1
agrarbereich,1
agrarbetriebe,2
agrarindustrie,1
agrarkonzernen,1
agrarland,1
air,2
airbnb,2
airbus,1
airlines,1
akademikerfamilien,1
akkreditiert,1
akteure,2
akteuren,2
aktiengesellschaften,1
aktiv,1
aktive,3
aktiven,1
aktivistinnen,1
aktivitäten,1
aktuell,4
aktuelle,1
aktuellen,3
akzeptierten,1
algorithmen,2
alkohol,1
all,6
allein,10
alleinerziehende,3
alleinerziehenden,1
alleinstehende,1
allgemeine,1
allgemeinen,7
allgemeinheit,1
allgemeinverbindlich,1
allgemeinverbindlicher,1
allgemeinwohl,1
allgemeinwohls,1
alltag,6
alltags,1
allzu,1
alt,2
altbeständen,1
alte,1
alten,1
altenpﬂegerinnen,1
alter,8
alternative,5
alternativen,5
alters,1
altersarmut,1
alterseinkommen,1
altersgerechte,1
altersgerechten,1
alterssicherung,2
altersversorgungen,1
altersvorsorge,1
altschuldenfonds,1
amarbeitsplatz,1
amazon,4
ambulanten,1
amen,1
amerikanischen,1
amt,1
analog,2
analogen,1
analyse,1
analysegestützte,1
anbau,3
anbieten,2
anbieter,4
anbietern,2
anbinden,1
anbindung,2
and,1
andauernde,1
ande,2
anderthalb,1
anerkannt,3
anerkannte,1
anerkannten,1
anerkennung,6
anfallen,1
anfallenden,3
anfang,1
anfangen,1
anforderungen,1
anfrage,1
angebaut,1
angebauten,1
angebot,4
angebote,13
angeboten,4
angegangen,1
angehen,1
angehoben,2
angehörige,4
angehörigen,5
angekündigte,2
angemessen,3
angemessene,3
angemessenen,3
angepasst,3
angerechnet,3
angeschafft,1
angeschlossen,1
angesehen,1
angesetzt,1
angesichts,3
angesiedelt,1
angespanntem,1
angestellte,1
angewiesen,3
angleichung,2
angriffe,1
angst,3
angstfrei,1
angstund,1
anheben,9
anhörungsund,1
ankaufprogramm,1
ankommt,2
anlagen,2
anlaufstellen,1
anliegen,3
anmeldung,1
annähernd,2
anonymen,1
anordnen,1
anpassung,1
anrechnung,3
anreiz,1
anreize,3
ans,1
ansatz,2
anschaffung,2
anschließen,1
anschluss,1
ansprechbarkeit,1
ansprechpart,1
anspruch,7
ansprüche,6
anstieg,1
anständig,1
anständige,1
ansätze,2
anteil,2
anteilig,3
anti,1
antidiskriminierungsgesetz,1
antidiskriminierungsrecht,1
antidiskriminierungsstellen,1
antifagruppen,1
antifaschistische,2
antifaschistischen,1
antigeldwäscheeinheit,1
antirassismus,1
antisemitisch,1
antisemitischer,1
antistreik,1
antistressverordnung,1
antriebe,1
antriebstechnologien,1
anwaltskanzleien,1
anwen,1
anwendbar,1
anwendung,2
anwendungen,3
anwälten,1
anzuerkennen,1
anzuheben,2
anzuhören,1
anzunehmen,1
apotheken,1
app,1
appell,1
apple,1
apps,1
ar,1
arbeit,35
arbeiten,9
arbeitens,1
arbeiterinnen,2
arbeitgeber,1
arbeitgeberin,1
arbeitgeberinnen,7
arbeitgebermodell,2
arbeitgeberverband,1
arbeitgeberﬁnanziertem,2
arbeitnehmerentsendegesetz,1
arbeitnehmerinnen,1
arbeitnehmerähnlichen,2
arbeits,4
arbeitsagentur,1
arbeitsagenturen,2
arbeitsangebote,2
arbeitsassistenz,1
arbeitsbedingungen,12
arbeitsfähigkeit,1
arbeitsgestaltung,1
arbeitsintensiv,1
arbeitsintensives,1
arbeitskraft,1
arbeitsleben,1
arbeitsleis,1
arbeitsleistungen,1
arbeitslosengeld,2
arbeitslosenversiche,1
arbeitslosenversicherung,3
arbeitslosigkeit,1
arbeitsmodelle,1
arbeitsplatz,3
arbeitsplatzund,2
arbeitsplätze,11
arbeitsplätzen,2
arbeitsprozess,1
arbeitsprozessen,1
arbeitsrecht,2
arbeitsrechte,1
arbeitsrechten,1
arbeitsrechtlichem,1
arbeitsrechts,1
arbeitsschutz,4
arbeitsschutzbehörden,2
arbeitsschutzgesetz,1
arbeitsschutzgesetzes,1
arbeitsstätte,1
arbeitsund,2
arbeitsverhältnisse,5
arbeitsverhältnissen,1
arbeitsvertrag,2
arbeitswelt,2
arbeitszeit,5
arbeitszeiten,5
arbeitszeitmodelle,1
arbeitszeitverkürzung,3
archiv,1
ard,1
arden,1
are,1
arm,2
armee,2
armen,2
armut,13
armuts,1
armutsbekämpfung,1
armutsgefahr,1
armutsrenten,1
art,1
artefakte,1
arten,2
artikel,2
arzneimittel,2
arzneimitteln,1
as,1
asse,1
assistenz,3
assistenzleistungen,2
assistenznehmerinnen,1
asyl,1
asylsuchende,1
asylverfahren,1
atempause,1
atom,1
atomabkommen,1
atomaren,1
atomkraft,2
atomkraftwerke,1
atommüll,1
atomrecht,1
atomwaffen,2
atomwaffenreduktions,1
atomwaffenverbotsvertrag,2
attacken,1
attentate,1
attraktiv,2
attraktiver,1
audits,1
aufarbeiten,1
aufbau,7
aufbauen,6
aufbaus,1
aufbaut,1
aufbringen,1
aufbruch,2
aufbürdet,1
aufenthalt,1
aufenthaltsrecht,1
aufenthaltsrechts,1
aufenthaltsstatus,5
aufenthaltstitel,1
aufenthaltstitels,1
aufgabe,5
aufgaben,4
aufgabenfelder,1
aufgabenstraffung,1
aufgebaut,1
aufgebraucht,1
aufgedeckt,1
aufgedrängte,1
aufgefangen,1
aufgefressen,1
aufgehoben,1
aufgelöst,4
aufgenommen,1
aufgestellt,1
aufgrund,7
aufhalten,1
aufheben,1
aufhebung,1
aufklärung,2
aufklärungsinitiativen,1
aufklärungsunterricht,1
auflösen,1
aufnahme,1
aufnahmezahlen,1
aufnehmen,2
aufrüstung,3
aufs,1
aufstocken,1
aufstockende,1
aufstockung,1
aufteilung,1
auftraggeber,1
auftraggeberinnen,1
auftreten,1
aufträge,1
aufträgen,2
aufwendig,1
aufwerten,1
aufwertung,2
aufzuhalten,1
aufzunehmen,1
aufzureiben,1
augen,1
augenhöhe,2
ausbau,7
ausbauen,10
ausbaut,1
ausbeutet,1
ausbeutung,6
ausbilden,1
ausbildung,17
ausbildungsbetriebe,1
ausbildungsgeld,1
ausbildungsjahres,1
ausbildungsmarkt,1
ausbildungsmissionen,2
ausbildungsplatz,2
ausbildungsreif,1
ausbildungsumlage,1
ausbildungsvergütung,1
ausbildungszeiten,1
ausdrücklich,3
ausdrückliche,1
auseinandersetzung,1
auseinandersetzungen,1
ausfuhr,1
ausgaben,2
ausgebaut,6
ausgebaute,1
ausgebeutet,1
ausgebildet,3
ausgegeben,1
ausgeglichen,3
ausgeglichene,1
ausgelöst,1
ausgenutzt,1
ausgerichtet,4
ausgerichtetes,2
ausgeschlossen,4
ausgeschöpfte,1
ausgesetzt,2
ausgesperrt,1
ausgespielt,1
ausgestattet,3
ausgestatteten,1
ausgestellt,1
ausgeweitet,1
ausgewiesen,1
ausgeübt,1
ausgleichen,1
ausgleichsabgabe,1
ausgleichsmaßnahmen,1
ausgleichsmechanismus,1
ausgleichszahlungen,1
ausgrenzung,3
auskommt,1
auskunfts,2
auslagerungen,1
auslan,1
ausland,8
auslandseinsatz,1
auslandseinsätze,1
ausländische,2
ausländischen,1
ausnahme,1
ausnahmefall,1
ausnahmen,1
ausnahmslos,2
ausreich,1
ausreichen,1
ausreichend,7
ausreichende,1
ausreichenden,1
ausrichten,1
aussageverweigerungsrecht,1
ausschließlich,3
ausschluss,1
ausschlusskriterien,1
ausschreibungen,1
ausschreibungssysteme,1
ausschuss,2
ausschütten,1
aussehen,1
aussichtsreiche,1
aussortierte,1
ausstatten,1
ausstattung,5
aussteigen,1
ausstieg,3
ausstiegsplan,1
austausch,3
austrocknen,1
ausund,3
ausverkaufs,1
auswei,1
ausweiten,2
ausweitung,3
auswirkungen,2
auswüchse,1
auszubildende,1
auszubildendenwohnheime,1
auszugeben,1
auszugleichen,1
auszurichten,1
auszusagen,1
auszuschließen,1
auszutauschen,1
auszuüben,1
ausüben,1
autobahnen,2
automatische,1
automatisieren,1
automobilität,1
autonomen,1
autonomie,1
autoritarismus,1
autoritäre,2
autoritärer,2
autos,1
autound,1
autozulieferindustrie,1
außen,1
außengrenzen,1
außenpolitik,2
außenseiten,1
außenund,1
außenwirtschaftsförderung,1
außenwirtschaftspolitik,1
außerbilanzielle,1
außerdem,4
außerordentliche,1
auﬂ,1
auﬂegen,1
auﬂösung,1
avv,1
azubis,1
bachelorabsolventinnen,1
badg,1
bafin,2
bafög,1
bahn,4
bahncard,1
bahnen,1
bahnfahren,1
bahnhöfe,2
bahnstrecken,3
ballungsgebieten,1
bandsklagerecht,1
bange,1
bankbzw,1
bankdienstleistungen,1
banken,5
barriere,1
barrierefrei,3
barrierefreie,2
barrierefreien,3
barrierefreiheit,3
barrieren,2
basis,4
basisbeiträge,1
batterieelektrische,1
bau,6
baubetriebe,1
bauen,3
baugb,1
baugesetzbuches,1
bauland,1
baumaterialien,2
bauordnungen,1
baurecht,2
baustoffen,1
baut,1
bauweise,1
be,3
beachtung,2
beamtin,1
beamtinnen,2
beantragt,1
bearbeitung,1
beaufsichtigt,1
beauftragten,1
beautiful,1
bedarf,5
bedarfs,1
bedarfsfall,1
bedarfsgemeinschaften,1
bedarfsgerecht,4
bedarfsgerechten,1
bedecken,1
bedeuten,1
bedeutet,2
bedeutung,1
bedingungen,4
bedroht,4
bedrohung,1
bedürfnisse,1
beenden,11
beendet,4
befahrbaren,1
befehlsempfängerinnen,1
befreien,1
befreundeten,1
befristet,1
befristete,1
befristeten,1
befristeter,1
befristungen,1
befristungsgesetz,1
befruchtung,1
befugnissen,1
befähigen,1
befähigt,1
befördert,1
befürchten,1
befürworten,1
begegnen,1
begegnung,1
begleiten,2
begleitet,1
begleitung,3
beglichen,1
begonnen,1
begrenzen,5
begrenzt,2
begrenzung,4
begründet,1
behalten,1
behandelt,1
behandlung,2
behandlungsalltag,1
behandlungsmethoden,1
beheben,1
beherrscht,1
behindert,1
behindertengerechten,1
behindertenhilfe,1
behindertenpolitik,1
behindertenrechtskonvention,1
behinderung,6
behinderungen,6
behörde,1
behörden,5
behördlicher,1
beide,1
beides,1
beifall,1
beihilfe,1
beim,13
beinhaltet,1
beirat,2
beispiel,22
beispielsweise,1
beistand,1
beisteuern,1
beiterinnen,1
beitrag,2
beitragen,1
beitragsbefreiungen,1
beitragsfreier,1
beitragszahlung,1
beitreten,1
beiträge,7
beiträgen,1
beizutragen,1
bekenntnisorientierter,1
bekleidung,1
bekommen,11
bekommt,1
bekämpfen,6
bekämpft,5
bekämpfung,3
belange,1
belastet,1
belastung,2
belastungen,2
beleg,1
belegschaft,1
belegschaften,5
belegschaftsabstimmung,1
belegschaftsanteilen,1
belegschaftsversammlungen,1
belegt,1
benachteiligt,2
benachteiligte,1
benachteiligung,1
benachteiligungen,3
benann,1
benennen,1
benutzt,1
benutzung,1
benötigen,1
benötigt,1
benötigten,1
beobachtungsstelle,2
bepreist,1
ber,1
beraten,2
beratend,1
berater,1
beraterinnen,1
beratern,1
beratung,6
beratungshilfe,1
beratungsleistungen,1
beratungsstellen,1
beratungsund,1
beratungsunternehmen,1
beratungszeit,1
beraum,1
berechtigte,1
bereich,10
bereiche,2
bereichen,1
bereichern,1
bereicherte,1
bereit,2
bereitet,1
bereitgestellt,2
bereits,4
bereitschaft,1
bereitstellen,2
bereitstellung,2
bergbauboom,1
bergbaufolgeschäden,1
bergbauﬂäche,1
bergen,1
bergenden,1
bergrecht,1
bericht,1
berlin,3
berliner,1
beruf,7
berufe,1
berufen,1
berufs,2
berufsabschluss,1
berufsbildenden,1
berufsbildungsgesetz,1
berufsbildungspakt,1
berufsfeld,1
berufskrankheiten,1
berufskrankheitenverfahren,1
berufsschul,1
berufsschulen,1
berufsund,1
berufswahl,1
berufsübergreifendes,1
beruﬂich,1
beruﬂiche,1
beruﬂichen,5
beruﬂicher,1
berät,1
berücksich,1
berücksichtigen,4
berücksichtigt,1
berücksichtigung,1
bes,1
beschaffung,1
bescheiden,1
beschlagnahmen,1
beschleunigt,1
beschleunigte,1
beschlossene,1
beschneidet,1
beschränkt,1
beschwerdestelle,1
beschwerdeund,1
beschwerdewegs,1
beschäftigt,3
beschäftigte,18
beschäftigten,28
beschäftigtendatenschutzgesetz,2
beschäftigtenrechten,1
beschäftigung,7
beschäftigungslagen,1
beschäftigungsmodell,1
beschäftigungsperspektiven,1
beschäftigungssektor,1
beschäftigungssicherung,1
beseitigen,1
besetzt,1
besiedelten,2
besitz,3
besitzt,1
besondere,3
besonderen,1
besonderer,1
besonders,15
besser,11
bessere,10
besseren,1
besseres,1
bestand,3
bestandenen,1
bestandsbauten,1
bestandteil,3
beste,1
bestechung,1
bestehen,1
bestehende,4
bestehenden,3
besteht,2
besteigen,1
besten,3
besteuern,1
besteuert,1
besteuerung,1
bestimmen,3
bestimmt,1
bestimmten,4
bestimmungen,2
bestraft,3
bestrafung,1
bestrebt,1
bestrebungen,1
bestätigen,1
bestätigt,2
besuch,1
besuchen,1
besuchsrecht,1
beteiligen,3
beteiligt,4
beteiligten,1
beteiligung,4
beteiligungsformate,1
betragen,1
betreffenden,2
betreiben,3
betreiber,1
betreut,1
betreuung,5
betreuungsangebote,1
betreuungsform,1
betrieb,1
betriebe,6
betrieben,6
betriebene,2
betriebener,1
betriebliche,1
betrieblichen,1
betrieblicher,1
betriebs,2
betriebskosten,1
betriebsräte,3
betriebsräten,1
betriebsstätte,1
betriebssystemen,1
betriebsund,3
betriebsunfall,1
betriebsverfassungsrecht,1
betriebsvermögen,1
betriebsübergängen,1
betrifft,4
betrof,1
betroffen,6
betroffene,3
betroffenen,3
beträgt,2
betätigung,1
bev,1
bevor,2
bevormunden,1
bevorstehenden,1
bevorteilung,1
bevorzugt,1
bevölkerung,1
bewaffnetem,1
bewaffneten,1
bewaffnung,2
bewahren,1
bewahrt,1
bewegen,1
bewegt,1
bewegung,2
bewegungen,3
bewegungsfreiheit,2
beweisführung,1
beweislast,1
bewerten,1
bewertet,1
bewertungsverfahren,1
bewilligung,1
bewohnerinnen,1
bewusst,1
bewährte,1
bewältigung,2
bezahlbar,2
bezahlbare,5
bezahlbaren,2
bezahlbares,1
bezahlen,2
bezahlt,9
bezahlte,4
bezahlten,2
bezahlter,2
bezahlung,4
bezieherinnen,1
bezug,2
bezugsmöglichkeit,1
beﬁnden,2
bibliothek,1
bibliotheken,1
biden,1
bietet,1
big,3
bilanzierungen,1
bilanzkon,1
bilanztricks,1
bild,1
bilden,1
bildung,25
bildungs,1
bildungsabschluss,1
bildungsanbieter,1
bildungsangebote,1
bildungsauftrages,1
bildungsbiograﬁe,1
bildungsdienstleistungen,1
bildungseinrichtungen,1
bildungsentscheidungen,1
bildungsgeld,1
bildungsgerechtigkeit,2
bildungsmaterialen,1
bildungssystem,2
bildungstarif,1
bildungsteilzeit,1
bildungsund,1
billiger,1
billigproduktion,1
billigsteuer,1
billionen,1
bima,1
binden,1
bindende,1
bindlichen,1
binnenmarkt,1
binären,1
biodiversität,1
bioenergie,1
biograﬁscher,1
biokraftstoff,1
biokraftstoffen,1
biotope,1
biotopen,1
biotopenverbünde,1
biotopverbindungen,1
bip,1
bisexuelle,1
bisher,7
bisherige,2
bisherigen,3
bislang,3
bitten,1
black,1
bleiben,8
bleiberecht,2
bleiberechtsregelungen,1
bleibt,4
blick,2
blinden,1
blocka,1
blockiert,2
blutspenderichtlinie,1
bmw,1
boden,6
bodenbevorratung,1
bodenfonds,2
bodenwertzuwachssteuer,1
bornierten,1
brach,1
branche,1
branchen,2
branchenspeziﬁsche,1
brauchen,39
braucherinnenkosten,1
braucht,30
braunkohle,1
braunkohleabbau,1
braunkohlegebieten,1
brechen,2
breite,1
breiten,1
breitensport,1
bremsen,2
brillen,1
bringen,5
bringt,1
bruchteil,1
brutto,2
bruttoinlandsprodukts,1
bruttowarmmiete,1
buchbar,1
buchen,1
budget,1
bund,13
bunden,1
bundes,9
bundesagentur,1
bundesanstalt,2
bundesantidiskriminierungsgesetz,1
bundesbehörden,2
bundesdeutsche,1
bundesebene,2
bundesein,1
bundeseinheitlich,1
bundeseinheitliche,1
bundeseinheitliches,1
bundeseisenbahnvermögen,1
bundesfördermitteln,1
bundeshaushalt,1
bundesländer,3
bundesländern,3
bundesprogrammen,1
bundesprogramms,1
bundesregierung,18
bundesregierungen,1
bundesregularien,1
bundesrepublik,3
bundestag,3
bundestages,1
bundestagswahl,1
bundestariftreuegesetz,1
bundesteilhabegesetzes,1
bundesund,3
bundesurlaubsgesetz,1
bundesverfassungsgericht,1
bundeswehr,6
bundeswehrsoldatinnen,1
bundesweit,5
bundesweite,3
bundesweiter,1
bundesweites,1
bundesﬁnanzpolizei,1
business,1
busse,1
bußgelder,1
bzw,12
böden,1
börse,1
börsen,1
bündnissen,1
bürgerenergieprojekte,1
bürgerhand,1
bürgerin,2
bürgerinitiativen,2
bürgerinnen,5
bürgerinnenräten,1
bürgernah,2
bürgernahe,1
bürgerräte,1
bürgerschaft,1
bürgerschaftlichen,1
bürgerschaftliches,1
bürokratischen,1
cannabis,2
capture,1
carbon,1
caritas,1
ccs,2
cdu,2
cent,1
chance,3
chancen,1
chancengleichheit,1
charakter,1
checking,1
chemiewaffen,1
chemiewirtschaft,1
chemikalien,1
chronisch,1
chronischer,2
circa,1
clubsterben,1
co,10
combat,3
commerce,1
compact,1
compliance,1
computer,1
coro,1
corona,5
coronabedingten,1
coronakrise,8
coronapandemie,2
covid,2
csu,2
cum,1
cumcum,1
cyberund,1
dabei,12
dach,1
dachsanierung,1
dadurch,3
dafür,49
dagegen,2
daher,5
dahin,1
daimler,1
damals,1
danach,1
dankeschönspenden,1
dannenröder,1
dar,2
darauf,5
daraus,1
darf,31
darfsgerechte,1
dargestellt,1
darin,2
darum,3
darunter,3
darüber,5
daseins,2
daseinsvorsorge,5
dastehen,1
data,3
daten,14
datenlücke,1
datenmengen,1
datenschutz,2
datenschutzbehörden,1
datenschutzes,1
datenschutzkompetenz,1
datenschutzregeln,1
datensicherheit,2
datenvolumen,1
datenﬂüsse,1
dauer,2
dauerhaft,9
dauerstress,1
davon,5
davor,1
db,1
ddr,3
de,1
deals,2
deckeln,2
decken,2
deckt,1
deeskalation,2
dekarbonisierung,1
deklaration,1
delikte,1
delﬁnarien,1
demokratie,13
demokratieabbau,1
demokratisch,3
demokratische,8
demokratischen,8
demokratischer,4
demokratisieren,1
demokratisiert,1
demonstrationen,1
demontage,1
denen,22
denken,1
departments,1
dere,2
deregulierung,1
deren,11
derivate,1
dern,1
derzeit,5
derzeitige,1
deshalb,22
design,2
destens,1
deswegen,1
detail,1
deutlich,12
deutsche,9
deutschem,1
deutschen,9
deutscher,3
deutsches,1
deutschland,32
deutschlands,1
deutschlandweit,2
dezentrale,1
dezentralisierte,1
deﬁzitund,1
diakonie,1
dialog,1
dicht,1
diejenigen,4
dienen,4
dienst,3
dienste,1
dienstes,2
dienstleis,1
dienstleistern,1
dienstleistungen,7
dienstleistungsberufe,1
dienstreisen,1
dienstvereinbarungen,1
dient,2
diesel,1
dieseltreibstoff,1
digital,4
digitale,21
digitalen,9
digitaler,5
digitales,1
digitalisierten,1
digitalisierung,7
digitalkonzerne,1
digitalstrategie,1
digitaltechnologien,1
diktatoren,2
diktatorinnen,1
dinge,1
direkt,4
direkte,1
direkten,1
direkter,1
dis,1
diskriminie,1
diskriminieren,1
diskriminierender,1
diskriminiert,1
diskriminierung,4
diskriminierungen,3
diskriminierungsfrei,1
diskriminierungsfreie,1
diskriminierungsfreiem,1
diskriminierungsfreien,2
diskriminierungskritischen,1
diskussion,1
diskutieren,1
dispozinsen,1
distanz,1
disziplinarisch,1
diversität,2
diversitäts,1
dokumentationsstätten,1
dokumentiert,1
dollar,1
dominanz,1
dominieren,1
doppel,1
doppelbesteuerungsabkommen,1
doppelten,2
drastisch,1
drastischen,2
dreht,1
drei,4
dreißig,2
dringend,4
dritte,2
dritten,1
dritter,1
drive,1
drogen,3
drohen,1
drohnen,3
drohnenkrieg,1
drohnenschwärme,1
druck,2
drucker,1
drug,1
drängen,2
drüben,1
drückerkolonnen,1
dseinsätzen,1
dsgvo,1
duale,1
dungen,2
dunkeln,1
dunkelﬂauten,1
durchbrechen,1
durchführung,1
durchgeführt,1
durchgesetzt,3
durchlaufen,1
durchmischung,1
durchschnittlichen,2
durchschnitts,1
durchsetzen,6
durchzusetzen,5
dämmen,1
dörfer,1
dünn,1
dürfen,39
ebene,7
ebenen,2
ebenso,7
echten,3
ecosoc,1
educational,1
eeg,3
eff,1
effekten,1
effektiv,2
effektive,1
effektiven,1
effektiver,1
efﬁziente,1
efﬁzienteren,1
efﬁzienzlogik,1
efﬁzienzstandard,1
egal,1
ehefrauen,1
ehegattensplitting,2
eheleuten,1
ehemalige,3
ehemaligen,3
ehrenamt,3
ehrenamtlich,1
ei,1
eigen,1
eigenanteile,1
eigenbedarf,3
eigene,3
eigenen,7
eigener,1
eigenes,1
eigeninteressen,1
eigennutz,1
eigens,1
eigensinn,1
eigenständig,1
eigenständige,6
eigenständigen,1
eigenständiger,1
eigenständiges,1
eigentlich,1
eigentum,5
eigentums,1
eigentumsanteilen,1
eigentumsformen,1
eigentumsfrage,1
eigentumsstrukturen,1
eigentumsverhältnissen,1
eigentumswohnung,1
eigentümer,1
eigentümern,1
eignung,1
eilig,1
eiligung,1
einahmen,1
einander,1
einbeziehen,3
einbeziehung,3
einbezogen,1
einbringen,1
einbürgerung,1
einfach,1
einfacher,2
einfallstor,1
einführen,14
einführung,7
eingebettet,1
eingedämmt,1
eingefordert,1
eingeführt,1
eingeführte,1
eingelöst,1
eingerichtet,1
eingerichteten,1
eingeschlossen,2
eingeschränkt,1
eingesetzt,7
eingesetzte,1
eingesetzter,1
eingestanden,1
eingestellt,2
eingestellte,1
eingestuft,1
eingezahlt,2
eingezahlten,1
eingliederungshilfe,1
eingriffe,3
eingriffen,1
eingriffsintensive,1
einhalten,1
einhaltung,3
einheit,2
einheiten,2
einheitliche,1
einheitliches,1
einhergehen,1
einhergehenden,1
einhergeht,1
einkaufszentren,1
einklagbar,2
einklagen,2
einkommen,26
einkommensarme,1
einkommensarmer,1
einkommensgarantien,2
einkommensprüfung,1
einkommensteuer,3
einkommensund,1
einkünfte,1
einkünften,1
einlagen,1
einmalige,1
einmaliger,1
einnahmen,4
einpersonenhaushalten,1
einrichten,5
einrichtung,2
einrichtungen,6
einräumt,1
eins,2
einsatz,10
einsatzbeginn,1
einsatzes,1
einsatzformen,1
einschließen,2
einschließlich,2
einschränkung,3
einschränkungen,2
einsehbares,1
einseitige,1
einseitigen,1
einsetzbar,1
einsetzen,8
einsetzt,2
einsicht,1
einsparungen,2
einstehen,1
einstellen,1
einstellung,1
einstellungen,1
einstieg,4
einsturzgefährdete,1
eintrittspreise,1
einwanderung,1
einwanderungsgesellscha,1
einwanderungsgesellschaft,3
einwegprodukte,1
einzahlen,3
einzelhandel,2
einzelhandelskauffrau,1
einzelne,4
einzelnen,7
einzelner,1
einzelpersonen,1
einzig,1
einziges,1
einzubeziehen,2
einzuhalten,1
einzunehmen,1
einzurichten,1
einzuräumen,1
einzusetzen,2
einzustellen,1
einzuzahlen,1
einﬂuss,6
elektrisch,1
elektrischem,1
elektriﬁziert,1
elektrogeräte,1
elektrolyseanlagen,1
elend,1
elendslager,1
elitenwechsel,1
eltern,9
elterngeldanspruch,4
elternschaft,4
elternschutz,3
elternteil,6
elternteile,1
emanzipationsprozesses,1
emissionen,3
emissionsgrenzen,1
emissionshandel,1
empfeh,1
empﬁndlich,1
en,2
end,1
ende,9
endgeräte,3
endgültig,1
endkunden,1
endlich,15
endlosen,1
endverbleib,1
energetische,1
energetischen,3
energie,3
energieausweis,1
energiebranche,1
energiechartavertrag,1
energieefﬁzient,1
energieefﬁziente,1
energieefﬁzienz,2
energieefﬁzienzfonds,1
energieeinsparung,1
energieerzeugung,1
energiegewinnung,2
energiekonzerne,1
energiekostenkomponente,1
energien,7
energiepreise,1
energiepﬂanzen,1
energiesparenden,1
energiesperren,1
energieund,2
energieverbrauch,1
energieverbrauchs,1
energieverlusts,1
energieversorgung,4
energiewende,7
energydrinks,1
engagement,6
engagementsstrukturen,1
engagieren,1
engagierte,1
engagierten,2
enger,1
engl,1
engste,1
enorme,1
enormen,2
enormes,1
enquetekommission,1
enteignen,1
entfallen,3
entfernung,1
entfernungskilometer,1
entfernungspauschale,1
entgegen,2
entgegengewirkt,1
entgegenwirken,2
entgegenzuwirken,1
entgelte,3
entgeltgleichheitsgesetz,1
entgeltpunkte,1
entgelttabellen,1
entgelttransparenzgesetz,1
enthält,1
entkoppelt,1
entkriminalisierung,1
entlang,2
entlassen,2
entlassung,1
entlassungen,1
entlasten,1
entlastung,2
entlastungsangebote,1
entlastungsbudget,1
entlohnt,3
entmachten,1
entmietung,1
entrechtung,1
entscheiden,5
entscheidend,1
entscheiderinnen,1
entscheidet,2
entscheidung,3
entscheidungen,9
entscheidungsfähigkeit,1
entscheidungskompetenz,1
entschieden,1
entschuldungsinitiative,1
entschädigung,2
entschädigungen,1
entschädigungsleistung,1
entschädigungsleistungen,1
entschädigungszahlungen,1
entschärfung,1
entsendet,1
entsendung,1
entsiegelung,1
entspannung,1
entspannungspolitik,2
entspannungsund,1
entsprechen,3
entsprechend,8
entsprechende,4
entsprechenden,1
entspricht,1
entstehenden,1
entsteht,1
entstehung,1
enttäuscht,1
entwickeln,7
entwicklung,15
entwicklungen,1
entwicklungsgelder,1
entwicklungshilfe,1
entwicklungspolitischen,1
entwicklungsund,1
entwicklungsziele,1
entwicklungszusammenarbeit,1
entwicklungsﬁnanzierung,1
entziehen,5
entzogen,1
entzug,1
entﬂechtung,1
epa,1
epidemiologisches,1
equitable,1
equitygesellschaften,1
erachteten,2
erbbaurecht,1
erbracht,2
erbrachte,1
erbringen,1
erbschaften,1
erbschaftsteuer,1
erderwärmung,1
erdgas,2
erdgeschichte,1
erdoberﬂäche,1
erdwärme,1
erdwärmeanlagen,1
erfahren,1
erfahrungen,1
erfassen,1
erfasst,1
erfolge,1
erfolgen,6
erfolgt,1
erforderlich,2
erforschung,1
erfunden,1
erfüllen,2
erfüllung,1
ergebnis,1
ergibt,1
ergotherapeutinnen,1
ergänzt,1
ergänzung,1
erhalt,4
erhalten,30
erheben,1
erheblicher,2
erhebung,1
erhobenen,1
erhält,2
erhöhen,5
erhöht,3
erhöhten,1
erhöhung,1
erinnern,1
erinnerung,2
erinnerungskultur,2
erjahren,1
erkennbar,1
erkennen,1
erkennt,1
erkenntnis,1
erklären,1
erkrankung,4
erlauben,1
erlaubnis,1
erlaubnisgesetz,1
erlaubnisse,1
erlaubt,3
erleben,1
erleichte,1
erleichtern,7
erleichtert,6
erlernens,1
erlischt,1
ermittlungen,1
ermittlungsschwerpunkte,1
ermittlungsstellen,1
ermu,1
ermäßigte,1
ermöglichen,12
ermöglicht,8
ern,1
erneuerbare,5
erneuerbareenergien,1
erneuerbaren,3
erneuerbarer,1
ernst,2
ernährung,2
erreich,1
erreichbar,2
erreichen,7
erreichende,1
erreicht,6
errungenen,1
ersatz,2
ersatzfreiheitsstrafen,1
ersatzteilverfügbarkeit,1
erschließen,1
erschweren,1
erschwinglich,4
erschwingliche,1
ersetzen,6
ersetzt,6
erst,6
erstatten,1
erstattet,1
erste,5
erstellt,1
erstellte,1
ersten,5
erstes,1
erstrecken,1
erstreckt,1
ertragswert,2
ertrinken,1
erung,1
erwachsenen,1
erweitern,1
erweitert,3
erweiterte,1
erweiterung,2
erwerb,2
erwerben,1
erwerbs,1
erwerbsarbeit,2
erwerbslose,2
erwerbsloser,1
erwerbslosigkeit,3
erwerbsminderungsrenten,1
erwerbstätige,1
erwerbstätigen,2
erwerbstätigenversicherung,2
erwerbsunfähige,1
erworbenen,1
erwächst,1
erwünschter,1
erzeugerpreisen,1
erzeugung,1
erzieherin,2
erzieherinnen,6
erziehung,5
erziehungsberechtigten,1
erziehungshelferinnen,1
erzielen,1
erzielt,1
erzwingbares,1
eröffnen,1
eskalation,1
essen,1
etabliert,1
ethikunterricht,1
ethische,2
ethnische,1
etwa,9
eu,26
euländern,1
euratomvertrag,1
euro,44
eurodrohne,1
eurogruppe,1
europa,11
europaparlament,1
europas,1
europaweit,1
europäisch,1
europäische,11
europäischen,13
europäischer,4
europäisches,1
evaluation,1
evaluiert,1
eventuellen,1
evidenzbasierte,1
ex,1
excess,1
exekutiven,1
existenzminimum,5
existenzsichernde,1
existenzsichernden,1
existie,1
existierende,1
experimentelle,1
expertinnen,2
explizit,1
explodieren,1
explosion,2
export,3
exportieren,2
exportiert,1
exportüberschüssen,1
externen,1
externer,1
extrem,4
extreme,1
extremer,1
exund,1
ezb,2
fabrikgebäude,1
facebook,1
fachabitur,1
fachberatungsstellen,1
fachhochschulen,2
fachkräfte,1
fachkräftemangel,4
fachkräften,1
fachlich,1
fachliche,1
fachpersonal,3
fachverbänden,1
fahren,1
fahrgäste,1
fahrlässig,1
fahrpreise,1
fahrrad,1
fahrschein,1
fahrzeuge,3
fahrzeugen,1
fahrzeugs,1
fairbnb,1
faire,2
fairen,2
faktisch,2
fall,2
fallen,2
fallpauschalen,2
falls,1
falsch,2
fami,1
familie,5
familien,10
familienformen,1
familienfreundlichen,1
familiengerechte,2
familiennachzug,1
familienpolitik,1
familienund,1
familiären,1
fanden,1
fas,1
fassung,1
fast,5
fatca,1
fazilität,1
fcas,2
federung,1
fehlen,2
fehlendes,1
fehlt,2
feiertag,1
feindliches,1
feminismus,4
fenen,1
fernbahn,1
fernmeldegeheimnis,1
fest,3
festangestellte,1
festen,1
fester,1
festgelegt,1
festgesetzte,1
festgesetzten,1
festgestellt,1
festlegen,1
festlegt,1
festung,1
festzuschreiben,1
filmbranche,1
finanz,3
finanzamt,1
finanzaufsicht,1
finanzdienstleister,1
finanzdienstleistungsaufsicht,1
finanzierung,10
finanzierungssysteme,1
finanzinstitute,1
finanzinstituten,1
finanzinstrumente,1
finanzkrise,1
finanzmarkt,1
finanzmärkten,1
finanzpolitik,2
finanzpraktiken,1
finanzprodukten,1
finanzsorgen,1
finanztechnologieunternehmen,1
finanztransaktionen,1
finanztransaktionssteuer,1
finanztüv,1
finanzund,1
fintech,2
firmen,3
first,1
fischerei,1
fitness,1
fitnessund,1
fiu,1
five,1
flexibilisierung,1
flexibilitätszulage,1
flucht,2
fluchtursachen,2
fluchtwege,1
flug,1
flugbenzin,1
flugtaxis,1
flugtickets,1
flugverkehrslärm,1
fläche,1
flächen,4
flächentarifvertrag,1
flächentarifverträge,1
flüchtlinge,1
flüchtlingspolitik,1
flüchtlingsrechte,1
flüsse,1
fokus,1
fokussierung,2
folge,1
folgejahren,1
folgen,7
folgende,1
folgeprodukte,1
folgt,2
folgung,1
fonds,4
for,4
fordern,50
fordert,5
forderung,5
forderungen,5
foreign,1
form,7
formel,1
formen,5
forschung,9
forschungsbetrieb,1
forschungsmitteln,1
forst,2
forstmanagement,1
forstwirtschaftlichen,1
fort,1
fortbestehen,1
fortbildung,4
fortbildungen,1
fortbildungsangebote,1
fortbildungsmaßnahmen,1
fortdauernde,1
fortführung,1
fortschrittlich,1
fortschrittlicher,1
fortsetzen,1
fortund,2
fortzuführen,1
fossil,1
fossile,1
fossilem,1
fossilen,2
fossiler,1
fotovol,1
four,1
fracking,2
frage,3
fragen,4
frankreich,1
frau,1
frauen,33
frauengerechte,1
frauenhäusern,1
frauennachttaxen,1
frauenquote,2
frauensache,1
frauentag,1
frauenund,1
fraunhofer,1
frei,5
freiberuﬂerinnen,3
freibetrag,3
freibeträge,1
freie,6
freien,4
freies,1
freigegeben,1
freigestellt,1
freikaufen,1
freiräume,1
freisetzung,1
freistellung,4
freiund,1
freiwillig,3
freiwillige,3
freiwilligem,2
freiwilligendiensten,1
freizeit,3
freizeitjagd,1
freizügigkeit,1
fremdbestimmt,1
freundinnen,1
fridays,2
frieden,5
friedens,4
friedensdienst,1
friedenskräften,1
friedenspolitische,1
friedenspädagogische,1
friedensund,1
friedliche,1
friedliches,1
frieren,1
fristete,1
fristig,1
frontex,1
fruchtbarkeit,1
früh,1
frühkindliche,1
frühkindlichen,1
frühwarnsystem,1
frühzeitig,1
ft,1
funktionen,1
funktonierende,1
future,4
fuß,3
fußabdruck,2
fälle,1
fällen,1
fällig,1
förder,1
förderbank,1
förderbedarf,1
fördergelder,1
fördermittel,1
fördermitteln,3
fördern,17
förderprogramm,2
förderprogramme,4
fördert,5
förderund,1
förderung,20
förderwerken,1
füchse,1
fühlen,1
fühlt,2
führen,11
führenden,2
führt,3
führungsaufgaben,1
führungspositionen,3
fünf,6
fünfzehn,1
füreinander,1
füße,1
gab,2
gabe,1
ganz,3
ganze,4
ganzes,2
ganzheitliche,1
ganztagsbetreuung,3
ganztagsschule,1
gap,1
gar,6
garantie,1
garantien,2
garantieren,6
garantiert,2
garantierte,1
garantiertes,2
garantieversprechen,1
gas,3
gasund,1
ge,3
gearbeitet,2
gebaut,2
geben,11
gebiete,2
gebieten,2
geborenen,1
geborgen,1
gebotenen,1
gebracht,1
gebraucht,2
gebrauchte,1
gebrochen,1
gebunden,1
geburt,3
geburtshilfestärkungsgesetz,1
geburtsorte,1
geburtsorts,1
gebäude,2
gebäudebe,1
gebäudemanagement,1
gebäuden,4
gebäudescharfen,1
gebühren,2
gebührenfrei,1
gebührenfreie,1
gedachten,1
gedeckelte,1
gedeihen,1
gedenkarbeit,1
gedenken,3
gedenkstunden,1
gedenkstätten,2
gedenkund,1
gedrängt,1
geeignet,2
gefahr,1
gefahren,2
gefahrenen,1
gefangen,1
gefährden,2
gefährdung,1
gefährdungsbeurteilungen,1
gefährlichen,1
gefährlicher,1
gefällt,1
gefängnis,1
gefördert,12
geförderte,2
geförderten,1
geführt,2
geführte,1
geführten,1
gegebenenfalls,2
gegebenheiten,1
gegeneinander,1
gegensatz,1
gegenstrategie,1
gegenwart,1
gegenwärtig,1
gegenzug,1
gegenüber,7
gegenübertreten,1
gegründete,1
gehalt,2
gehalts,2
geheim,1
geheimdiensteinsätzen,1
geheimdiensten,1
gehen,8
gehobenen,1
geht,14
gehälter,2
gehören,8
gehört,6
geist,1
gekennzeichnet,2
geklatscht,1
geklonten,1
geknüpft,2
gekündigt,3
gekürzt,3
gelangen,1
geld,9
geldbeutel,3
geldbußen,1
gelder,5
geldern,1
geldleistungen,1
geldund,1
geldwäsche,2
geldwäscheverdachtsmeldungen,1
gelingen,1
gelnde,1
gelten,13
geltende,1
geltendem,1
geltenden,2
gemacht,8
gemeinden,7
gemeineigentum,1
gemeinnützig,3
gemeinnützige,3
gemeinnützigen,2
gemeinnützigkeit,1
gemeinnützigkeitsrecht,1
gemeinsam,8
gemeinsame,4
gemeinsamen,3
gemeinsames,1
gemeinschaft,5
gemeinschaftsaufgabe,1
gemeinschaftseinrichtungen,1
gemeinschaftsräumen,1
gemeinschaftsschule,2
gemeinwirtschaftliche,1
gemeinwohl,5
gemeinwohlorientiert,1
gemeinwohlorientierte,2
gemeinwohlorientierten,1
gemeinwohls,1
gemäß,3
genauso,3
gender,1
gendergerechten,1
genders,1
gene,2
genehmigt,1
genehmigung,1
generationsübergreifend,1
generell,3
generikaproduzenten,1
genießbare,1
genommen,1
genossenschaft,1
genossenschaften,2
genossenschaftliche,1
genossenschaftlichem,1
genossenschaftlicher,1
genossenschaftsgedanken,1
gentechnikfreie,1
genug,5
genutzt,4
genutzten,1
genutzter,1
genügend,1
geopfert,1
geparkt,1
geplant,3
gepresst,1
geprägt,2
gerade,6
geraten,4
gerech,1
gerecht,13
gerechte,5
gerechten,3
gerechter,3
gerechtes,2
gerechteste,1
gerechtig,1
gerechtigkeit,7
geregelt,3
geregelte,1
gerettet,1
gericht,2
gerichte,1
gerichtsbarkeit,1
gerichtshof,2
gering,1
geringem,6
geringen,2
geringerem,1
geringerer,1
geringverdienende,1
germany,1
gerne,1
gerät,1
geräte,4
geräten,3
gesamtbestand,1
gesamte,4
gesamten,6
gesamtgesellschaftliche,1
gesamtwirtschaftlichen,1
geschaffen,9
geschaffene,1
geschafft,1
geschichte,4
geschichten,1
geschieden,1
geschieht,1
geschlagenem,1
geschlechtergerech,1
geschlechtergerechte,2
geschlechtergerechtigkeit,2
geschlechtern,4
geschlechtlichen,4
geschlechtlicher,1
geschlechts,1
geschlechtsmerkmalen,1
geschlechtsneutrale,1
geschlechtsspeziﬁsche,1
geschlechtszugehörigkeit,1
geschlossen,2
geschlossene,2
geschlossenen,1
geschwindigkeit,1
geschwindigkeitsbegrenzung,1
geschwisterkinder,1
geschwistern,1
geschäft,1
geschäfte,1
geschäften,2
geschäftsbanken,1
geschäftsfeld,1
geschäftsführungen,1
geschäftsmodell,1
geschäftsmodelle,1
geschäftspraktiken,1
geschätzt,3
geschätzten,1
geschützt,6
geschützten,1
gesellschaft,34
gesellschaftlich,1
gesellschaftliche,5
gesellschaftlichen,6
gesellschaftlicher,3
gesellschaftliches,1
gesenkt,4
gesetz,4
gesetze,1
gesetzen,1
gesetzesinitiativen,1
gesetzesverschärfungen,1
gesetzesvorschläge,1
gesetzlich,9
gesetzliche,12
gesetzlichen,8
gesetzliches,2
gesichert,4
gespalten,1
gespart,1
gespeichert,1
gespeicherten,1
gespeicherter,1
gesprochen,1
gestaffelt,1
gestaffelten,1
gestalten,4
gestaltet,3
gestaltete,1
gestartet,1
gesteigert,1
gestellt,13
gestellte,1
gestellten,1
gesteuerte,1
gestiegen,1
gestimmt,1
gestoppt,3
gestorben,1
gestrichen,2
gestärkt,11
gesund,1
gesunde,2
gesundes,1
gesundheit,15
gesundheitliche,3
gesundheitlichen,1
gesundheits,4
gesundheitsausgaben,1
gesundheitsdienst,1
gesundheitsdienstes,1
gesundheitsschutz,1
gesundheitsstellen,1
gesundheitssystem,1
gesundheitstechnologien,1
gesundheitsund,1
gesundheitsversicherung,3
gesundheitsversorgung,4
gesundheitswesen,5
gesundheitswesens,1
gesundheitszentren,1
geteilt,1
geteilter,1
getilgt,1
getreten,1
getrieben,1
getroffen,3
getätigt,1
getötet,1
gew,1
gewahrt,1
gewalt,12
gewaltkriminalität,1
gewaltschutz,1
gewaltschutzes,1
gewalttäterinnen,1
gewalttätige,1
gewer,1
gewerbegebiete,1
gewerbemietverträge,1
gewerberaum,3
gewerberecht,1
gewerbetreibende,1
gewerblich,1
gewerkschaft,1
gewerkschaften,14
gewerkschaftlichen,1
gewerkschaftlicher,2
gewerkschaftsjugenden,1
gewicht,1
gewinne,4
gewinnen,3
gewinnentnahmen,1
gewinnorientierung,1
gewinnrücklagen,1
gewinnverteilung,1
gewisse,1
gewollt,1
geworden,1
gewährleisten,1
gewährleistet,3
gewährt,3
gewässer,1
gewünscht,1
gezahlt,5
gezeigt,5
gezielt,3
gezielte,3
gezielten,1
gezogen,1
gezwungen,4
geändert,4
geﬂüchtete,5
geﬂüchteten,4
geﬂüchteter,1
gibt,9
gigen,1
gilt,14
gingen,1
gischen,1
gkv,1
gle,1
gleich,3
gleichbehandlungsgesetz,1
gleichbehandlungsgesetzes,1
gleichberechtigt,3
gleichberechtigte,1
gleichberechtigtes,2
gleichberechtigung,3
gleiche,5
gleichen,4
gleichermaßen,2
gleichgestellt,2
gleichwertige,1
gleichwertigen,2
gleichwertigkeit,1
gleichzei,1
gleichzeitig,4
gleichzeitigem,1
gleichzeitiger,1
gleisanschluss,1
gleisnetz,1
glimpﬂich,1
global,3
globale,4
globalen,17
globaler,1
globales,1
globalisieren,1
globalisierter,1
glyphosat,1
glücksspiel,1
gnadenlos,1
go,1
google,1
grad,1
greenwashing,2
greift,1
gremien,3
grenzausgleichsmechanismus,1
grenze,1
grenzen,1
grenzschutzes,1
grenzung,1
griffe,1
ground,1
groß,1
große,12
großen,15
großer,4
großkonzerne,1
großstädte,1
grund,3
grundgehälter,1
grundgesetz,2
grundgesetzes,1
grundgesetzlich,1
grundkontingent,1
grundlage,7
grundlagen,1
grundlegend,1
grundlegende,2
grundlegender,2
grundrecht,2
grundrechte,7
grundrechten,2
grundrente,2
grundsatz,2
grundschulalter,2
grundsicherung,1
grundstofﬁndustrie,1
grundstücken,3
grundsätzlich,2
grundversorgung,1
grundwasser,1
gruppe,1
gruppenbezogene,1
größere,2
größerem,1
größte,1
größten,1
größtenteils,1
gründen,1
grüne,1
grünem,1
grüner,1
grünfärbung,1
gummigeschossen,1
gut,17
gute,22
gutem,1
guten,7
guter,1
gutes,3
gutgeschrieben,1
gültige,2
gültigen,1
günstigem,1
günstigen,1
günstiger,1
günstigere,1
günstigkeitsklausel,1
güter,1
güterverkehr,1
haftanstalten,1
haftung,1
haftungsfonds,1
haftungsgrenze,1
haftungsprivileg,1
hagen,1
halben,1
halbiert,2
halle,1
hallenbäder,1
halten,3
haltestellen,1
haltungs,1
hambacher,2
hamburger,1
hanau,1
hand,14
handbremse,1
handel,2
handeln,3
handelns,1
handelsabkommen,1
handelsbilanzen,1
handelskonzernen,1
handelskonﬂikte,1
handelspolitik,1
handelsverträgen,1
handelt,1
handlungsfähigkeit,1
handwerk,3
handwerker,1
handwerksbetriebe,1
handy,1
handyrechnungen,1
handyverträgen,1
hanf,1
hanfanbaus,1
hangeln,1
hart,2
harten,2
hartz,3
hauptamt,1
hauptausschuss,1
hauptsitz,1
hauptstädte,1
hauptverursacher,1
hausaufgaben,1
hausdurchsuchungen,1
hause,2
hauseigenen,1
hausgemacht,1
haushalt,1
haushalte,2
haushaltsangehöriger,1
haushaltsnahen,1
hausprojekte,1
haustieren,1
health,1
hebammen,3
hebammenverbandes,1
hedgefonds,2
heilberufe,1
heilerziehungspﬂegerinnen,1
heilmittelerbringerinnen,1
heimat,1
heit,1
heits,1
heiz,1
heizenergie,1
heizstoffe,1
heizt,1
heizung,2
heißt,5
helfen,3
helferinnen,1
helmholtz,1
hender,1
her,1
heranwachsende,1
heraus,4
herausbildung,1
herausforderungen,1
herausgeholt,1
herausstellen,1
hergestellt,1
herkunft,1
herkunfts,1
herkunftssprache,1
hermesbürgschaften,1
herstellen,1
herstellerländern,1
herstellung,1
heruntergefahren,2
herunterladen,1
heterosexuelle,1
heuchlerische,1
heute,4
heutzutage,1
hierbei,1
hierfür,1
hierzu,2
hierzulande,3
hilfe,3
hilfen,3
hilfesysteme,1
hilfs,1
hilfsangebote,1
hilfsgelder,1
hilfsmittel,1
hilfsprogramme,1
hilfswerk,1
hilfszahlu,1
hilft,2
hinaus,5
hinausgeht,1
hinblick,1
hindernisse,1
hingegen,3
hinreichendes,1
hintergrund,1
hintergründen,1
hinterlassenschaften,1
hinterziehen,1
hinweg,1
historische,1
hitze,1
hoch,1
hochschulbau,1
hochschuldigitalpakt,1
hochschule,3
hochschulen,9
hochschulförderprogrammen,1
hochschulniveau,1
hochschulreife,1
hochschulverwaltung,1
hochschulzulassungsgesetz,1
hochwertung,1
hoffen,1
hoffnung,1
hohe,4
hoheit,1
hohen,1
hoher,2
holdingstrukturen,1
holen,1
holz,2
holzarmut,1
holzbauwei,1
holzrecycling,1
holzverbrennung,1
home,1
homo,1
honorarberatung,1
honorarvereinbarungen,1
horizontal,1
hotspots,1
housing,1
humane,1
humanistisches,1
humanitäre,1
humanitäres,1
hunde,1
hunderte,2
hunderttausende,2
hut,1
hybride,1
hygiene,1
hygieneprodukte,1
hälfte,1
hält,1
hände,1
händler,1
hängen,1
hängt,2
härtefall,1
härten,1
härter,2
hätte,1
häuser,2
häusern,1
häusliche,1
häuslicher,1
häuﬁg,4
häuﬁger,3
höchstarbeitszeit,2
höchste,1
höchsten,2
höchstens,1
höchstmaß,1
höchstmengen,1
höhe,6
höher,2
höhere,5
höheren,3
hörde,1
hörner,1
hüben,1
hürden,3
ice,2
icerd,1
ichzeitig,1
idealerweise,1
identität,3
identitäten,2
identiﬁkation,1
ideologien,1
igno,1
ii,1
iii,4
illegal,1
illegalen,1
illegaler,1
illegalisierten,1
iloübereinkommens,1
imagepﬂege,1
immer,15
immobilien,3
immobilienaufgaben,1
immobilienerträge,1
immobilienfonds,1
immobilienkäufen,1
immobilienpreise,1
immobilienregister,2
immobilienund,1
immobilienverkäufe,1
immobilienwirtschaft,2
impfnationalismus,1
impfstoffe,1
impfstoffen,2
impfstoffproduktion,1
impfstoffs,1
implementierung,1
import,3
importierten,1
impressumspﬂicht,1
impulse,2
imund,1
indirekt,1
indirekten,1
individualverkehr,1
individuell,3
individuelle,3
individuellen,2
industrie,8
industriearbeitsplätze,1
industriefonds,1
industrielle,1
industriellen,1
industrieller,1
industrieländer,1
industrieproduktion,1
industrierabatte,1
industriestaaten,1
industriestruktur,1
industrieund,1
infektionszahlen,1
infor,2
informationelle,1
informationen,5
informationsfreiheitsgesetz,1
informationsmöglichkeiten,1
informationsraum,1
informationsrechte,1
infrage,1
infrastruktur,11
infrastrukturen,4
infrastrukturpolitik,1
infrastrukturprogramme,1
inhalt,1
initia,1
initiative,1
initiativen,8
initiativrecht,3
inkassoabzocke,1
inkl,1
inklusion,2
inklusive,3
inklusiven,2
innenpolitiker,1
innenschutz,1
innenstadt,1
innenstädten,1
inneren,1
innerhalb,9
innovative,1
insbeson,1
insbesondere,16
insekten,1
insgesamt,4
insolvenz,1
instabilen,1
instandhaltung,1
institute,1
institution,1
institutionen,2
instrument,1
instrumentalisiert,1
instrumente,1
integrationskursen,1
integrierte,1
intelligenz,3
intensiver,1
interdisziplinäre,1
interdisziplinäres,1
interesse,8
interessen,7
interessengruppen,1
intergeschlechtlichen,1
interkommunale,1
international,4
internationale,2
internationalen,9
internationaler,2
internationales,1
internet,6
internetzugang,1
interven,1
intra,1
intransparenten,1
inverkehrbringen,1
investieren,5
investiert,4
investitionen,17
investitionsanreize,1
investitionsbedarf,1
investitionsoffensive,3
investitionspläne,1
investitionsprogramm,2
investitionsprogramme,1
investmentbanking,1
investoren,4
inzwischen,2
inﬂationsausgleich,2
iran,1
isolation,1
it,7
itund,1
iv,3
jagd,1
jahr,17
jahre,7
jahrelang,2
jahren,23
jahres,1
jahresgehälter,1
jahresticket,1
jahrhundertkrise,1
jahrmärkten,1
jahrzehntelang,1
jahrzehntelanger,1
jahrzehnten,2
jahrzehnts,1
je,2
jederzeit,1
jedoch,2
jegliche,1
jenseits,1
jetzige,1
jeweiligen,1
jeweils,2
job,2
jobcenter,4
jobs,1
jobsharing,1
jobsuche,1
joint,1
journalismus,1
journalistinnen,2
journalistische,2
jugendarmut,1
jugendhilfe,2
jugendliche,3
jugendlichen,4
jugendund,1
jugendämter,1
juli,2
junge,4
jungen,2
juni,1
juristische,1
jährlich,8
jährliche,1
jährlicher,1
jüdische,1
jüngeren,1
ka,1
kabinettsrang,1
kahlschlag,1
kaliindustrie,1
kalten,1
kam,1
kampagne,2
kampagnen,1
kampf,5
kampfdrohnen,2
kampfeinsätze,1
kampfpanzers,1
kampfﬂugzeug,1
kanzleien,1
kapital,2
kapitalerträge,1
kapitalgeber,1
kapitalgedeckter,1
kapitalinteressen,1
kapitalismus,3
kapitalistischen,2
kapitalmarkt,1
kapitalmarktgeschäfts,1
kapitalmärkte,1
kapitals,1
kapitalverkehr,1
kapitel,33
kaputtgesparte,1
karrierestufe,1
karrierestufen,1
kartellrecht,2
kartellstrafen,1
karussell,1
kasernen,1
kasse,1
kassen,1
kassenkredite,2
kassieren,1
kataster,1
katzen,1
kauf,1
kaum,7
keinesfalls,1
keit,2
keiten,1
kennzeichnung,2
kernaufgaben,1
kerndaten,1
kettenduldung,1
kfw,3
ki,2
kilometer,2
kilometern,1
kind,6
kinder,19
kinderbetreuung,1
kindererziehung,1
kindererziehungsund,1
kindergartenjahre,1
kindergeld,2
kindergrundsicherung,4
kinderkrankentage,2
kindern,4
kindertagespﬂege,1
kinderund,2
kindes,3
kirchen,2
kirchliche,1
kitaplatz,1
kitas,3
kitaschließungen,1
kitaund,1
klagbar,1
klar,1
klare,5
klargestellt,1
klarheit,1
klassenfahrten,1
klassenneutral,1
klassische,1
kleiden,1
kleinbetreiber,1
kleine,3
kleinen,1
kleineren,1
kleinfahrzeuge,1
kleingerechnet,1
kleingewerbe,1
kleinkino,1
kleinsparerinnen,1
kleinstädten,1
kleinund,1
klima,8
klimafolgen,1
klimafreundliche,1
klimagerecht,1
klimagerechte,3
klimagerechten,2
klimagerechter,1
klimagerechtes,1
klimagerechtigkeit,4
klimakatastrophe,1
klimakatstrophe,1
klimaneutral,2
klimaneutrale,2
klimaneutralen,5
klimapolitik,1
klimaschutz,7
klimastützpunkten,1
klimaund,3
klimawandel,5
klimawohngeld,1
klimazerstörung,2
klimaziele,2
klimaﬁnanztransfers,1
klimaﬂüchtlinge,1
klingenden,1
kluge,1
km,1
knapp,4
koalition,4
koalitionsvertrag,2
kohle,3
kohleausstieg,1
kohlekraftwerksbetreiber,1
kohlendioxidfreien,1
kohlenstoffsenken,1
kollektiv,1
kollektivbeschwerden,1
kollektive,1
kollektiven,1
kollektives,1
kolonial,1
kolonialen,1
kolonialismus,2
kolonien,1
kom,3
kommen,6
kommenden,1
kommerzielle,6
kommission,3
kommt,6
kommu,3
kommunal,1
kommunale,5
kommunalen,3
kommunaler,4
kommune,2
kommunen,23
kommunikation,1
kompe,1
kompensation,1
kompensationsfonds,1
kompensieren,1
kompetenzen,3
komplett,3
komplette,1
komponente,4
konditionen,4
konfrontationskurs,1
konkrete,2
konkreten,1
konkreter,1
konkurrenz,1
konkurrenzkampf,1
konnexität,1
konnten,2
konsequent,4
konsequenter,2
konsequenteren,1
konsequenzen,1
konsumierende,1
konsumierenden,1
kontaktaufnahme,1
kontexten,1
kontinuitäten,1
kontrolle,4
kontrollen,3
kontrollieren,1
kontrolliert,4
konvention,1
konventionelle,1
konversionsbehandlungen,1
konversionsprogramme,1
konzept,5
konzepte,1
konzeptvergaben,1
konzerne,17
konzernen,8
konzerngewinnen,1
konzerninteressen,1
konzipiert,1
konﬂikt,1
konﬂikte,1
konﬂiktmanagement,1
koopera,1
kooperation,4
kooperationen,2
kooperative,1
koordinieren,1
koppelung,1
korpsgeist,1
korruption,1
kosten,14
kostenfallen,1
kostenfrei,5
kostenfreien,1
kostenfreies,1
kostengründen,1
kostengünstiger,1
kostenlos,2
kostenlose,2
kostenloses,1
kostenübernahme,1
kostet,1
kraft,1
kraftanstrengung,1
krank,2
kranke,1
kranken,2
krankenhausaufenthalten,1
krankenhäuser,5
krankenhäusern,3
krankenkasse,1
krankenkassen,6
krankenoder,1
krankenscheins,1
krankenversicherung,1
krankheiten,1
krankheitsfall,2
kreativbereich,1
kreditanstalt,2
kredite,1
krediten,2
kreditgeschäft,1
kreditgeschäften,1
kreis,1
kreislaufwirtschaft,1
krieg,3
kriege,1
kriegen,2
krieges,1
kriegsführung,1
kriminalisieren,2
kriminalisierung,1
kriminalistisch,1
kriminalität,1
kriminalämter,1
kriminelle,1
kriminellen,1
kriminierung,1
krise,7
krisen,3
krisenfest,1
krisenfesten,1
krisengewinner,1
krisenpolitik,1
krisensichere,1
kriterien,3
kriterium,1
kritische,1
kritischen,1
kritisieren,1
kryptotechnologie,1
kryptowährungen,1
kräfte,2
kuba,1
kubas,1
kul,1
kultur,8
kulturbereich,1
kulturbetriebe,1
kultureinrichtungen,1
kulturelle,3
kulturellen,2
kulturförderung,2
kulturgütern,1
kulturministerium,1
kulturpﬂege,1
kulturzentren,1
kundus,1
kunst,2
kunstprojekten,1
kurative,1
kurz,3
kurzarbeit,1
kurze,1
kurzen,1
kurzer,3
kurzfristig,1
kurzfristige,2
kurzund,1
kurzzeitpﬂege,1
kämpfe,1
kämpfen,4
kämpft,2
könnten,2
körper,1
körperliche,1
kühl,1
kündbar,1
kündigen,1
kündigung,1
kündigungsschutz,3
künftig,3
künstlerischen,1
künstlich,1
künstliche,3
kürzen,1
kürzere,2
kürzung,1
kürzungen,1
kürzungsauﬂagen,1
kürzungspolitik,1
laden,1
lag,1
lage,3
lager,1
lagern,1
land,10
landes,1
landesbehörden,1
landesregierung,1
landesregierungen,1
landesweiter,1
landgesellschaften,1
landkreis,1
landkreise,1
landraub,2
landschaftsplanung,1
landund,1
landwirtinnen,1
landwirtschaft,7
landwirtschaftlichen,1
landwirtschaftlicher,1
landwirtschaftsbetriebe,1
lang,5
lange,1
langer,1
langfristig,4
langfristige,2
langjährig,1
langlebige,1
langlebigkeit,1
langsam,1
langzeitarbeitslosigkeit,1
langzeiterwerbslose,1
laptop,1
lassen,1
lastenrad,1
laufe,1
laufen,1
laufenden,1
laufendes,1
laufzeit,1
laut,1
lautet,1
leben,31
lebenden,3
lebendige,1
lebendigen,1
lebens,2
lebensbedingungen,1
lebensbedrohliche,1
lebensbereiche,1
lebensbereichen,1
lebensdauer,2
lebensentwürfen,1
lebensgrundlagen,1
lebenshaltungskosten,1
lebensjahr,1
lebensjahres,2
lebensmittel,8
lebensmittelkette,1
lebensmitteln,3
lebensmittelverschwendung,1
lebenspartnerinnen,1
lebensqualität,4
lebensräume,3
lebensräumen,1
lebenssituation,1
lebensstandard,4
lebensstandards,1
lebensstil,1
lebensund,1
lebensverhältnisse,2
lebensweise,1
lebensweisen,2
lebenswirklichkeit,1
lebenszyklus,1
lebt,2
leer,2
leerer,1
legalen,2
legalisierung,1
legalisierungsmöglichkeiten,1
legen,1
legende,1
legislaturperiode,1
legt,1
lehnen,20
lehnt,3
lehramtsstudierenden,1
lehren,1
lehrenden,1
lehrerinnen,2
lehrkräfte,7
lehrkräften,1
lehrmitteln,1
lehrpersonal,1
lehrplänen,1
lehrund,5
lehrämter,1
leibesvisitationen,1
leibniz,1
leichte,1
leichter,1
leichtwaffen,1
leiden,3
leiharbeit,1
leiharbeiterinnen,1
leihgaben,1
leihgerät,1
leistbar,1
leisten,12
leistung,4
leistungen,7
leistungs,1
leistungsangebot,1
leistungserbringung,1
leistungslose,1
leistungsverdichtung,1
leistungsüberwachung,1
leitbild,1
leiten,1
lenkbomben,1
ler,1
lern,1
lernangebote,1
lernen,4
lernerfolg,1
lernformen,2
lerninhalte,1
lernmaterialien,1
lernmittel,1
lernmittelfreiheit,2
lernorte,1
lernsoftware,3
lesbare,1
lesbischen,1
letzten,7
letzter,1
leuchtturm,1
leuten,1
licensing,1
lich,1
liche,4
lichem,1
lichen,2
licher,1
lichten,1
lichungen,1
liefer,1
lieferdrohnen,1
lieferkette,1
lieferketten,1
lieferkettengesetz,3
liegen,3
liegenschaften,1
liegenschaftspolitik,1
liegt,1
lien,1
ließen,1
linie,1
linke,41
linken,3
linker,1
linkes,1
links,1
liste,1
litauen,2
lität,1
lives,1
lizenz,2
lizenzen,1
lobby,1
lobbyismus,1
lobbyisten,3
lobbyregister,1
logische,1
logistikzentren,1
logopädinnen,1
lohn,2
lohnabrechnung,1
lohnarbeit,1
lohnausgleich,4
lohnersatzleistungen,2
lohnfortzahlung,1
lohnsteuer,1
lohnt,1
lohnund,3
lokale,1
lokalen,2
lokaler,2
lsbtiqa,1
ltarif,1
lufthansa,1
luftverkehr,1
luftverschmutzung,1
lungen,1
lungsund,1
lust,1
länder,15
länderebene,1
ländern,11
länderweise,1
ländlichen,9
länger,6
längere,1
längerem,1
längeren,1
längerte,1
längst,5
lärmschutzgesetz,1
lärmschutzwände,1
lässt,4
löhne,9
löhnen,2
lösen,1
lösungen,1
lücken,3
macht,10
machtund,1
machtverhältnisse,1
made,1
mahnanforderungen,1
main,1
mal,1
malls,1
managerinnen,1
managerinnenund,1
mandat,1
mandaten,1
mangel,1
mangelhaft,1
manöver,1
mariner,1
marke,1
markt,1
marktbeherrschender,1
marktmacht,2
marktpreis,1
marktund,1
marktversagens,1
marktwirtschaftlicher,1
marshallplan,1
maschinenpistolen,1
massentierhaltung,1
massenunterkünfte,1
massiv,2
massiven,2
master,1
masterstudienplätze,1
mate,1
material,1
materielles,1
mationen,1
matisch,1
matter,1
mauerfall,2
max,1
maximal,1
maximalen,1
maximum,1
mayors,1
maß,1
maße,2
maßnahme,1
maßnahmen,4
mechanismen,1
mediale,1
medien,4
medienarbeit,1
medienlandschaft,1
medienschaffende,1
medienund,3
medienunternehmen,1
medienvielfalt,1
medikamente,4
medikamenten,2
medikamentöse,1
medizin,1
medizinerinnen,1
medizinisch,3
medizinische,2
medizinischem,1
medizinischen,7
medizinisches,2
medizinstudiums,1
meere,1
meeresoffen,1
meeresschutzgebiete,1
megakonzerne,1
megawatt,1
mehr,83
mehrarbeit,1
mehrausgaben,1
mehreinnahmen,2
mehrere,2
mehrfach,1
mehrgenerationenhäuser,1
mehrheit,4
mehrheitlich,1
mehrsprachige,1
mehrstaatlichkeit,1
mehrwegsysteme,1
mehrwertsteuer,1
mehrwertsteuersatz,1
meidbare,1
meint,1
meinungsbildung,1
meist,1
meisten,2
meldeportal,1
meldepﬂichten,1
men,3
mens,1
mensch,5
menschen,111
menschenbild,1
menschenfeindlichen,1
menschenfeindlichkeit,1
menschenhandel,1
menschenlebeninfrage,1
menschenrechte,11
menschenrechtliche,1
menschenrechtsorientiertes,1
menschliche,1
menschlichen,1
menschliches,1
menschlichkeit,1
menstruation,1
ment,1
mentoringprogramm,1
messen,1
methoden,1
mgcs,1
microsoft,1
midijobs,2
mietangeboten,1
miete,6
mieten,10
mietendeckel,1
mietenund,1
mieterinnen,6
mieterinnenschutz,1
mieterinnenvereinen,1
mieterstromkonzepte,1
mietobergrenzen,1
mietpreisbindung,1
mietpreisbremse,1
mietpreise,1
mietsteigerung,2
mietwohnraum,1
mietwucher,2
migrantinnen,2
migrantisch,1
migrationsgeschichte,2
migrationskontrolle,1
migrationspakt,1
migrierten,1
mikroapartments,1
milieuschutz,1
militante,1
militarisiert,1
militarisierung,4
militärausgaben,2
militärbasen,1
militärbasis,1
militärisch,1
militärische,3
militärischen,1
militärischer,2
militärpolitik,1
militärunion,1
milli,1
milliarden,20
milliardenbeträge,1
milliardenschwere,1
milliardenschweren,2
milliardensubvention,1
milliardäre,1
million,5
millionen,6
millionenvermögen,1
min,1
minderheiten,3
minderjährige,1
minderjährigen,1
mindert,1
minderung,1
minderungsvolumen,1
mindestanteil,1
mindestausbildungsvergütung,1
mindesteinkommen,1
mindestelterngeld,1
mindestens,15
mindesthonorarregelungen,1
mindestlebensdauer,1
mindestlohn,2
mindestlohnbetrug,1
mindestnutzungsdauer,1
mindestrente,2
mindestsicherung,6
mindeststandards,1
mindeststundenzahl,2
mindesturlaubsanspruch,1
mindestvoraussetzungen,1
mineralienverordnung,1
mineralölkonzerne,1
mini,1
miniund,1
minute,1
mischung,1
miserablen,1
missachten,1
missbrauchs,1
missbraucht,3
missbräuchlich,1
mitarbeiterinnen,1
mitbestimmung,6
mitbestimmungsrecht,5
mitbestimmungsrechte,3
mitbestimmungsund,1
miteinander,1
miteinbezieht,1
mitgenommen,1
mitgestalten,1
mitgestaltenden,1
mitgestaltet,1
mitgestaltung,1
mitgetragen,1
mitglied,1
mitglieder,1
mitgliedern,1
mitgliedschaften,1
mitgliedstaaten,2
mithelfende,1
mithilfe,2
mitliefern,1
mitmenschen,1
mitnahme,1
mitnahmeund,1
mitregiert,1
mitsamt,1
mitte,1
mittel,16
mittelfristigen,1
mittelmeer,1
mitteln,9
mittelpunkt,4
mittelstreckenraketen,1
mittelzentren,1
mittlere,2
mitwirken,2
mitwirkung,3
mitwirkungsrecht,1
mitzunehmen,1
mitﬁnanziert,1
mobile,2
mobilem,1
mobilfunkbetreiber,1
mobilfunknetz,1
mobilität,8
mobilitätsangebote,1
mobilitätsangeboten,1
mobilitätsgarantie,1
mobilitätsgeld,1
mobilitätsplattform,1
modell,3
modelle,1
modellprojekte,1
moderne,2
modernes,1
modernisierung,3
modernisierungsumlage,1
modularem,1
module,1
modus,1
molkereiund,1
monat,3
monate,3
monaten,1
monatlich,2
monatseinkommen,1
mono,1
monokulturen,1
monopole,2
monopolmacht,1
moorund,1
moratorium,1
mordserie,1
moria,1
motiven,1
motivierten,1
motivierter,1
motorisierten,1
multimillionäre,1
multinationalen,1
multiprofessionelle,1
multiprofessionellen,1
munen,1
munitionslieferanten,1
museen,1
musliminnen,1
muslimischen,1
mut,1
muttersprachen,1
mächte,1
mächtig,1
mächtiger,1
männer,5
männerberufe,1
männliche,1
märz,1
möblierten,1
möchte,1
möchten,3
mögen,1
möglich,18
mögliche,2
möglichkeit,9
möglichkeiten,6
möglichst,6
mölln,1
mühe,1
mühsam,1
müllhalde,1
müssen,193
müttern,1
mütterrente,1
na,1
nachbarland,1
nachbarschaften,1
nachbereitungszeiten,1
nachdruck,1
nachfolger,1
nachgehen,1
nachgelagerte,1
nachgewiesen,1
nachgewiesenem,1
nachhaltig,3
nachhaltige,7
nachhaltiges,1
nachhaltigkeit,2
nachhaltigste,1
nachhilfe,1
nachhinein,1
nachholen,1
nachkommen,3
nachlegen,1
nachnamen,1
nachträgliche,1
nachvollziehbar,1
nachweislich,1
nachwuchs,1
nachzug,1
nahme,1
nahrungsmittel,2
nahrungsmittelmärkte,1
nahrungsmitteln,1
nahrungsmittelproduktion,1
nahverkehr,4
nahverkehrs,2
nalebene,1
nalen,1
namen,1
nannte,1
nationaler,1
nationen,2
nato,5
natur,3
natura,1
naturschutz,1
naturschutzes,1
naturund,1
naturzerstörung,2
natürlich,1
natürlichen,1
natürlicher,1
nazideutschland,1
nazis,1
nd,1
neben,9
nebenjobs,1
nebenverdienste,1
neh,1
nehmen,5
nein,2
nen,11
nennenswerte,1
neoliberale,1
neoliberalen,1
neonazis,1
neonikotinoide,1
nerinnen,1
netto,2
nettoentgelts,1
nettogehalts,1
netz,2
netzausbau,2
netze,2
netzentgelt,1
netzentgelte,1
netzentgelten,1
netzneutralität,1
netzwerk,1
netzwerke,1
netzwerken,1
neu,10
neuausrichtung,2
neubau,1
neubaumaßnahmen,1
neubaustandards,1
neubauten,2
neue,20
neuem,1
neuen,7
neuer,4
neues,2
neugier,1
neugründung,1
neustart,3
neuund,1
neuversiegelung,1
ngen,1
nichtakademikerfamilien,1
nichtkommerzielle,1
nichtkommerziellen,1
nichtregierungsorganisationen,1
nichtﬁnanzsektor,1
nie,4
nieder,1
niederlanden,1
niedrig,2
niedrige,2
niedrigem,1
niedrigen,1
niedriger,1
niedriges,1
niedriglohn,1
niedriglohns,1
niedriglohnsektor,2
niedriglöhne,1
niedrigsten,1
niemals,1
niemand,6
niemanden,2
nimmt,1
nisträgerin,1
niveau,4
niveaus,1
norden,1
nordens,1
nordund,3
norm,3
normale,1
normalem,1
normales,1
normalzustand,1
not,1
notfallkrankenhäuser,1
notiert,1
notlage,1
notsituationen,2
notwendig,5
notwendige,6
notwendigem,2
notwendigen,7
notwendiger,1
november,1
nsgemeinschaften,1
nsparenz,1
nsu,3
nten,1
nukleare,1
nul,1
nummer,1
nutzbar,1
nutzen,12
nutzerinnen,3
nutzung,7
nutzungen,1
nutzungskaskade,1
nächsten,5
nähert,1
nährboden,1
nären,1
nötig,2
nötige,2
obdachlosigkeit,2
oben,1
oberen,1
obergrenzen,3
oberhalb,2
oberste,1
oblag,1
obwohl,1
oer,2
offene,1
offenen,3
offengelegt,2
offenlegung,1
offensichtlich,1
offensive,1
offensiven,1
offenstehen,1
offenzulegen,2
oft,11
ofﬁzieller,1
ofﬁzielles,1
online,1
onlinejournalismus,1
open,2
operationen,1
opfer,5
opfers,1
opposition,1
option,1
ordnungs,1
organisationen,2
organisationsentwicklung,1
organisieren,1
organisiert,9
organisierte,1
organisierten,1
organisierung,1
organismen,1
orientieren,3
orientiert,3
orientierter,1
orientiertes,2
orientierung,3
ort,7
orten,4
ortsansässige,2
ost,5
ostbiograﬁe,1
ostdeutsche,2
ostdeutschen,3
ostdeutscher,2
ostdeutschland,3
osten,7
ostens,3
ostländer,1
ostrenten,1
ostsee,2
ozeane,1
ozial,1
paare,1
pakt,2
pandemie,8
pandemiebekämpfung,1
pandemien,1
pandemierisiken,1
papiermillionär,1
paragraf,2
parallel,1
parallele,1
parallelgesellschaften,1
pariser,2
paritätisch,1
park,1
parla,1
parlamentarischen,1
parlamenten,1
parteien,3
partizipationsgesetz,1
partizipative,1
partner,3
partnerin,1
partnerschaften,2
partnerschaftliche,1
pass,2
passen,1
passende,1
passiert,1
passive,2
patente,2
patentverwertung,1
patienteninformationen,1
patientenverfügungen,1
patientinnen,6
patientinnenorientierte,1
patriarchale,1
pauschale,1
peace,1
peacekeeping,1
pelz,1
pen,1
per,3
person,3
personal,15
personalabbau,1
personalaufbaupakt,1
personalausgleich,3
personalbemessung,2
personalisierte,1
personalmangel,1
personalmangels,1
personalmitbestimmung,1
personalräte,1
personalräten,1
personals,1
personalvertretungen,1
personellen,1
personen,6
personenbezogene,1
personenbezogenen,1
personenverkehr,1
perspektive,2
perspektiven,2
perspektivisch,4
persönliche,2
persönlichen,1
persönlicher,1
persönlichkeitsrechte,1
pesco,1
pharma,1
pharmaforschung,1
pharmaindustrie,3
physikalische,1
physiotherapie,1
physiound,1
physischer,1
pkk,1
pkw,1
plan,1
planbares,1
planck,1
planen,1
planerin,1
planet,1
planung,1
planungssicherheit,1
plastik,1
platt,1
plattenbauten,2
plattform,2
plattformen,5
plattformgenossenschaften,1
plurale,1
plus,1
plätze,1
plätzen,1
podologinnen,1
poli,2
politik,16
politikerinnen,1
politikwech,1
politikwechsel,2
politisch,4
politische,6
politischen,6
polizei,10
polizeiausbildung,1
polizeibeamtinnen,2
polizeiforschung,1
polizeigewalt,2
polizeikultur,1
polizeilich,1
polizeiliche,1
polizeilichen,2
polizeireform,1
polizeiund,1
polizistinnen,2
poolﬁnanzierung,1
portemonnaie,1
positiven,1
postkoloniale,1
potenzial,1
potenzielle,1
praktiziert,1
preis,2
preise,1
preisen,2
preisgünstige,1
preisgünstiges,1
preiskon,1
preislimitiertes,1
preisrechtlichen,1
preissysteme,1
preiswerten,1
preiswerter,1
preiswettbewerb,1
prekäre,1
prekären,1
prekärer,2
presse,1
presseauskunftsrecht,1
pressefreiheit,1
prestigeprojekte,1
primärrohstoffe,1
printmedien,1
prinzip,3
prinzipiell,1
priorität,1
priva,1
privat,3
private,14
privaten,5
privater,3
privathaushalten,4
privatisiert,2
privatisierten,1
privatisierung,5
privatisierungen,1
privatleben,1
privatsphäre,2
privatvermögen,1
privatwirtschaft,1
privilegien,1
pro,13
problem,1
problematisch,1
probleme,3
problemen,1
problemlos,1
produktaufsicht,1
produkte,3
produkten,3
produkthaftung,1
produktion,6
produktionsgenossenschaften,1
produktionskapazitäten,2
produktionsketten,1
produktionsmodell,1
produktionsstätten,1
produktionsund,1
produktionsweisen,1
produktlebensdauer,1
produziert,1
professionelle,2
professorinnen,2
prognosen,1
programm,7
programme,1
programmierung,1
progressiv,1
progressiven,2
projekt,1
projekte,2
prominent,1
promotionsrecht,1
promovierenden,1
protokoll,1
provisionsbasierten,1
prozent,25
prozentige,1
prozentquote,1
prozentualen,1
prozesse,1
prozesskostenhilfe,1
prozesskostenund,1
proﬁlbildung,1
proﬁt,3
proﬁtcenter,1
proﬁte,5
proﬁten,1
proﬁtieren,6
proﬁtinteressen,3
proﬁtlogik,1
proﬁtmechanismus,1
proﬁtmöglichkeiten,2
proﬁtorientierte,1
proﬁtorientierten,2
proﬁtquellen,1
prädatoren,1
präferenz,1
prägen,1
präsenz,1
präsenzlernens,1
präside,1
präsidenten,1
prävention,2
präventionsprogramme,1
prüfen,1
prüfende,1
prüfer,1
prüfstand,1
prüfungen,1
prüfungsrecht,1
psychische,1
psychischer,1
psychologische,1
psychotherapeutinnen,1
psychotherapie,1
putin,1
pädagogeninnen,1
pädagogische,1
pädagogischen,3
pädagogisches,1
päischen,1
päischer,1
pﬂanzenarten,1
pﬂanzenschutzmitteln,1
pﬂanzenölkraftstoffe,1
pﬂege,13
pﬂegearbeit,1
pﬂegebedarf,4
pﬂegebetriebe,1
pﬂegedienste,1
pﬂegeeinrichtungen,1
pﬂegefalls,1
pﬂegegrad,1
pﬂegekräfte,1
pﬂegeleistung,1
pﬂegeleistungen,1
pﬂegen,1
pﬂegende,3
pﬂegenden,3
pﬂegenotstand,3
pﬂegeplattformen,1
pﬂegerischem,1
pﬂegerischen,1
pﬂegesachleistungen,1
pﬂegesituation,1
pﬂegesystem,1
pﬂegetätigkeit,1
pﬂegeversicherung,3
pﬂegeversorgung,1
pﬂegevollversicherung,3
pﬂegezeit,1
pﬂegezeiten,1
pﬂicht,4
pﬂichtaufgabe,1
qua,1
quadratmeter,1
qualitativ,1
qualität,3
qualiﬁ,1
qualiﬁkation,1
qualiﬁkationen,1
qualiﬁzierten,1
qualiﬁzierung,1
qualzucht,2
quartierssanierungskonzepte,1
queere,6
queeren,4
quellcode,1
quellen,3
quellensteuer,1
rad,1
radikaler,1
radschnellwege,1
radwege,2
rahmen,13
raketen,1
ramstein,3
rand,1
rassismus,2
rassismuserfahrung,1
rassismuserfahrungen,1
rassistisch,1
rassistischer,1
rassistisches,1
rat,1
raten,1
rationen,1
ratiﬁzierung,1
ratspräsidentschaft,1
raum,8
raus,1
raussetzung,1
reaktivierung,1
reaktivierungsprogramm,1
real,2
realen,2
realisiert,1
realistisch,1
realität,1
realitäten,1
rebellischer,1
rechenzentren,3
rechercheformate,1
rechnen,2
rechneten,1
recht,32
rechte,15
rechten,1
rechter,3
rechtlich,2
rechtliche,3
rechtlichen,3
rechtlicher,2
rechts,2
rechtsanspruch,9
rechtsschutz,1
rechtsstaat,2
rechtsstaatliche,1
rechtsstaatlichkeit,1
rechtsterrorismus,1
rechtsverbindlichkeit,1
rechtsverordnung,1
rechtswidrig,1
rechtswidriger,1
recycelbarkeit,1
recyclingfähigkeit,1
recyclingmaterial,1
reden,1
reduktionsziele,1
reduzieren,2
reduziert,2
reduzierung,2
reform,4
reformieren,4
reformmaßnahmen,1
regelaltersgrenze,1
regelbeträge,1
regelmäßig,2
regelmäßige,1
regeln,4
regelschule,1
regelt,1
regelung,2
regelungen,3
regelwerk,3
regenwälder,1
regierung,4
regierungsverantwortung,1
regime,2
regio,1
region,1
regiona,1
regionale,9
regionalen,3
regionaler,3
regionalität,1
regionen,18
registerdaten,1
reguliert,2
reguläre,3
regulären,1
rehabilitationseinrichtungen,1
reiche,1
reichen,5
reichende,1
reicht,2
reichtum,3
reichtums,1
rein,3
reindustrialisierung,1
reindustrialisierungsprogramm,1
reinem,1
reinigung,1
reinigungsgewerbe,1
reinvestition,1
reiseveranstaltern,1
rekommunalisierung,1
rekommunalisierungsagentur,1
rekommunalisierungsfonds,2
religio,1
religion,1
religionen,1
religionsunterricht,1
religiös,2
religiösen,2
ren,2
rende,1
renden,1
rendite,1
renditen,2
rentabel,1
rente,11
renten,4
rentenabbau,1
rentenansprüche,2
rentenkassen,1
rentenkonto,1
rentenkonzept,1
rentenniveau,3
rentensystem,1
rentenversicherung,4
renvor,1
reparaturdienstleistungen,1
reparier,1
reparierbarkeit,2
repressalien,1
repressive,1
reproduktive,2
repräsentieren,1
reservoirs,1
resources,1
ressorts,1
ressource,1
ressourcen,2
ressourcenabbau,1
ressourcensparenden,1
ressourcenverbrauch,1
ressourcenverbrauchsabgabe,1
ressourcenverschwendenden,1
restbudget,1
restemissionen,1
restitution,1
restriktiven,1
restschuldversicherungen,1
retten,4
rettungspakete,1
retuschieren,1
reﬁnanziert,2
reﬂektieren,1
rheinmetall,1
richt,1
richten,1
richtet,1
richtlinien,2
richtung,4
richtungen,1
richtungswechsel,1
ridesharing,1
rielle,1
riert,1
riesige,1
risiken,5
riskant,1
rminis,1
robotik,1
rohstoffe,2
rohstoffexporten,1
rohstoffstrategie,1
rohstofﬂieferant,1
rolle,1
rostock,1
rote,1
rotieren,2
routinedaten,1
rufen,1
ruft,1
ruinösen,1
rund,1
runden,1
rundfunk,3
rundfunks,1
rung,3
rungs,1
runner,2
russland,2
räte,1
räten,1
räumen,1
rückbau,1
rücken,1
rückgangs,1
rückgängig,3
rückkehr,1
rückkehrrecht,1
rücklagen,1
rücklagenbildung,1
rücknahmesystem,1
rückstände,1
rückverstromung,1
rückwirkend,1
rüstung,3
rüstungs,1
rüstungsausgaben,2
rüstungsexporte,7
rüstungsexporten,1
rüstungsexportkontrollen,1
rüstungsexportkontrollgesetz,1
rüstungsforschung,1
rüstungsindustrie,1
rüstungskontrolle,2
rüstungskonzerne,1
rüstungsproduktion,1
rüstungsprojekt,1
rüstungsprojekte,1
rüstungswettlauf,1
sachleistungen,1
sachlichen,1
sagen,2
sammelklagen,1
samstage,1
samt,2
sandgestein,1
sanieren,1
sanierung,2
sanierungen,2
sanierungsbedarf,1
sanierungsberaterinnen,1
sanitäre,1
sanktionen,4
sanktioniert,2
sanktionsfrei,1
sanktionsfreien,1
sanktionspraxis,1
santiago,1
satz,2
schaden,2
schadensersatz,1
schadstoffﬁltern,1
schaf,1
schaffen,31
schafft,3
schaffung,3
schaftlichen,1
scharfe,1
schattenbanken,1
schattenseite,1
scheinbar,1
scheint,1
schenkungen,1
schichtoder,1
schieflage,1
schiene,1
schienenund,1
schieﬂage,3
schifffahrt,1
schikaniert,1
schlachthof,1
schlachtverfahren,1
schlagen,8
schlagseite,1
schlecht,1
schlechter,1
schlechteren,1
schließen,3
schließt,2
schlupﬂöcher,2
schluss,2
schlägt,1
schlüssel,1
schmalspurausbildung,1
schmerzund,1
schnell,8
schnellen,2
schneller,3
schnellere,1
schnelleren,1
schnittstellen,1
schnäbel,1
schon,6
schooling,1
schreibt,1
schriftlich,1
schritt,3
schritte,1
schritten,1
schrittweise,1
schränke,1
schufa,1
schul,1
schulabschlüssen,1
schulausbildung,1
schulbüchern,1
schulden,1
schuldenbremse,1
schuldenlast,1
schuldenregeln,1
schuldenschnitt,1
schuldenschnitte,1
schuldnerberatung,1
schuldnerberatungsstellen,1
schule,7
schulen,19
schulgeld,1
schulgeldes,1
schulgesetz,1
schulischen,1
schulpsychologinnen,1
schulsozialarbeiterinnen,1
schultes,1
schulverpﬂegung,1
schulzeit,1
schutz,17
schutzausrüstung,1
schutzbehörden,1
schutzberechtigte,1
schutzes,1
schutzgebiete,1
schutzgesetz,1
schutzzonen,1
schwachen,1
schwange,1
schwangere,1
schwangerschaftsabbruch,1
schwangerschaftsabbrüche,1
schwangerschaftsabbrüchen,1
schwarze,1
schweigen,1
schwer,1
schweren,1
schwerer,1
schwerpunktstaatsanwaltschaften,1
schweröl,1
schwimmbäder,3
schwimmunterricht,1
schwule,1
schwänze,1
schäden,1
schädlich,1
schärfere,1
schärferes,1
schülerin,2
schülerinnen,5
schützen,9
schützend,1
schützt,4
sdg,1
se,1
sechs,3
sechste,1
sechsten,1
sechswöchige,1
seenotrettungsprogramm,1
seeverkehr,1
seit,10
seitdem,2
seite,1
seiten,1
sek,1
sel,1
selben,1
selbstbestimmtes,3
selbstbestimmung,4
selbstbestimmungsrecht,1
selbstfahrende,1
selbstgenutztes,1
selbsthilfe,1
selbstorganisation,2
selbstorganisierten,1
selbstständige,4
selbstständigkeit,1
selbstverständlich,5
selbstverständlichen,1
selbstverständlicher,1
selbstverständnisses,1
seltener,1
selung,1
semesters,1
sener,1
seniorin,2
seniorinnen,2
senken,5
senkt,1
senkung,1
sensibel,1
sensibilisiert,1
ser,1
setzen,20
setzt,12
sexarbeit,1
sexismus,1
sexistisches,1
sexualisierte,1
sexuellen,5
sexueller,2
sgb,1
sheriffs,1
sicher,5
sichere,7
sicheren,2
sicherer,1
sicheres,2
sichergestellt,3
sicherheit,17
sicherheiten,2
sicherheits,1
sicherheitsbehörden,1
sicherheitsdienste,1
sicherheitskräfte,1
sicherheitslücken,1
sicherheitsmasken,1
sicherheitspolitik,3
sicherheitsproblem,1
sicherheitsrat,1
sicherheitsstandards,1
sicherheitsund,1
sicherheitsupdates,1
sichern,15
sicherstellen,3
sicherstellt,1
sichert,5
sicherung,1
sicherungssysteme,2
sicherzustellen,2
sichtbar,1
sichtbarkeit,1
siehe,1
sieht,3
single,1
sinken,3
sinne,7
sinnvoll,4
sinnvolle,4
sinnvollen,1
sionsrücklagen,1
situation,3
sitz,1
sitzen,1
sive,1
skandal,2
skandalatommülllager,1
skandalen,1
skandalöse,1
skepsis,1
smartphone,1
smartphones,1
sobald,1
sockeltarife,1
sodass,2
sofort,4
sofortige,1
sofortigen,1
sofortiges,1
sofortmaßnahme,2
software,4
softwareprogrammierung,1
sogar,1
soge,1
sogenannte,5
sogenannten,9
sogenannter,3
solange,1
solarpﬂicht,1
solarstromerzeugung,1
solch,2
soldaten,1
soldatinnen,2
soli,1
solidarausgleich,1
solidarfonds,1
solidari,1
solidarisch,1
solidarische,13
solidarischen,9
solidarischer,1
solidarisches,1
solidaritätspakt,1
solidaritätszuschlag,1
solidarpakt,2
solingen,1
sollen,71
sollten,5
soloselbstständige,2
somit,1
son,1
sonderabgabe,1
sonderausgaben,1
sonderbedarf,1
sonderbefristungsrecht,1
sonderklagerechte,1
sonderprogramm,1
sonderzahlungen,1
sonntags,1
sonstige,1
sonstigen,1
sorgearbeit,2
sorgen,6
sorgeund,3
sorgfaltspﬂicht,1
sorgfaltspﬂichten,1
sorgt,1
souveränität,1
soweit,3
sowie,56
sowiedie,1
sowohl,3
sozial,14
sozialabbau,2
sozialarbeit,1
sozialbahncard,1
sozialbeiträgen,1
sozialberatungsstellen,1
sozialbereich,1
sozialcharta,1
sozialdumping,1
soziale,39
sozialen,23
sozialer,8
soziales,1
sozialgesetzbuch,1
sozialhilfe,1
sozialindex,1
sozialisation,1
sozialismus,1
sozialkulturelle,1
sozialleistungen,4
sozialplanverfahrens,1
sozialpsychologische,1
sozialrat,1
sozialraum,1
sozialraumorientierte,1
sozialstaat,1
sozialstaats,1
sozialtickets,1
sozialund,4
sozialverbände,3
sozialverbänden,3
sozialversicherte,1
sozialversicherungen,1
sozialversicherungsbeiträge,2
sozialversicherungspﬂichtig,3
sozialversicherungspﬂichtige,1
sozialversicherungspﬂichtigen,1
sozialverträgliche,1
sozialverträglichen,1
sozialwesen,1
sozialwohnungen,5
sozialöko,1
sozialökologische,4
sozialökologischen,9
sozialökologischer,1
spaces,1
spaltung,3
spannungsebenen,1
sparkassen,2
sparsam,1
sparzwang,1
spd,2
speichersystemen,1
spekulanten,1
spekulation,4
spekulationen,1
spekulationsgesetz,1
spekulationskreislauf,1
spekulationsobjekt,1
spekulativen,2
spenden,1
sperrzeiten,2
spezialisiert,1
spezialisierten,1
spezielle,1
spezieller,1
speziﬁscher,1
spiegel,1
spiegelbild,1
spiel,1
spielstraßen,1
spielund,1
spitzensportreform,1
spitzenverbände,1
sport,1
sportanlagen,2
sportfördergesetz,1
sportgroßveranstaltungen,1
sportkarrieren,1
sportorganisationen,1
sprache,3
sprachen,1
sprachlichen,1
sprachund,1
spricht,2
später,1
spätestens,3
staat,7
staaten,13
staatengemeinschaft,1
staatlich,1
staatliche,14
staatlichen,4
staatsangehörigkeit,1
staatsbürgerschaft,1
staatsfern,1
staatsleistungen,1
stabilität,1
stabilitätsund,1
stadt,2
stadtentwicklungspolitik,1
stadtquartieren,1
stadtstaaten,1
stadtteile,1
stadtumbau,1
stadtwerken,1
stahlindustrie,1
stahlkonzernen,1
stahlund,1
stal,1
stammen,1
stand,4
standard,2
standardisierte,1
standards,3
standorte,1
standortkonkurrenz,1
standortsuche,1
stark,5
starke,1
starker,1
statio,1
statt,31
stattdessen,3
statten,1
status,3
statusgruppen,1
stehen,18
stehende,1
stehenden,1
steht,2
steigen,2
steigender,1
steigerinnen,1
steigern,1
steigerung,1
steigerungen,1
stelle,1
stellen,16
stellenabbau,1
stellt,2
stemmen,1
sterben,1
stetig,1
stets,1
steuer,7
steuerbefreiungen,1
steuerbegünstigung,1
steuereinnahmen,1
steuerfahnderin,1
steuerfrei,3
steuerfreibeträge,2
steuerfreie,1
steuergeldern,2
steuerhinterziehung,4
steuerlich,1
steuerliche,2
steuermitteln,1
steuermodelle,1
steuern,8
steueroasen,2
steuerrecht,1
steuerrechts,1
steuerreform,1
steuerrelevanten,2
steuert,1
steuertarif,1
steuerung,1
steuervollzug,2
steuerzahlungen,1
stichwort,1
stiften,1
stiftung,1
stiftungen,4
stigmatisieren,1
stillgelegte,2
stimmberechtigt,1
stimme,1
stimmrecht,2
stipendienprogramme,1
stoffen,1
stopp,3
stoppen,10
storage,1
strafbar,2
strafrecht,1
strafrechtliche,2
straftatbestände,1
straftaten,1
straftatenbekämpfung,1
strafverfahren,1
strafverfolgung,2
strahlenbelastung,1
strahlenschutz,1
strategie,1
straße,1
straßen,2
straßenneuundausbauprojekte,1
streben,1
strecken,2
streichungen,1
streikrechts,1
streiten,3
streng,2
strenge,1
strenges,1
stress,5
stressärmer,1
strikter,1
strom,5
stromerzeugung,1
stromkosten,1
stromkostenkomponente,1
strompreis,1
stromrechnung,1
stromsteuer,1
stromund,1
stromverbrauch,1
stromversorgung,1
struktur,1
strukturelle,1
strukturen,7
strukturierte,1
strukturpolitik,1
strukturschwachen,1
strukturund,1
strukturwandel,3
strukturwandels,2
studie,1
studien,4
studienberatungsstellen,1
studiengebühren,1
studiengängen,1
studierende,3
studierenden,1
studium,3
studiums,3
stufenplänen,1
stunde,2
stunden,7
stundentakt,1
städte,9
städtebauförderung,1
städten,4
städtischen,1
ständige,1
ständigen,1
stärke,1
stärken,20
stärkendie,1
stärker,10
stärkere,4
stärkeren,1
stärksten,2
stärkt,2
stärkung,3
stündlich,1
stündlichem,1
stützen,1
stützpunkts,1
subsidiär,1
substanzen,1
subunternehmen,1
subvention,1
subventionen,3
subventioniert,1
subventionierte,1
subventionsbetrug,1
suche,1
sucht,1
suchthilfe,1
sungs,1
supermärkte,1
superreichen,1
supervisionen,1
support,1
symbolpolitik,1
syste,1
system,9
systematisch,4
systematische,1
systematisierten,1
systeme,2
systemrelevanten,1
systemwechsel,5
systemwechsels,1
szenen,1
sämtliche,3
sätze,1
söldner,1
süden,4
südens,8
südeuropa,1
tabak,1
tag,3
tage,2
tagebaue,1
tagen,2
tagesund,1
tageszeit,1
taikanlagen,1
takt,1
taktfahrplan,1
taktung,1
tarif,2
tarifbindung,2
tarifgebundene,2
tarifstufen,1
tariftreueklausel,1
tarifvertragliche,1
tarifverträge,9
tarifverträgen,5
tarifﬂucht,1
tariﬂich,3
tariﬂiche,1
tariﬂichen,2
tariﬂöhne,1
tasche,1
taser,1
tat,1
tatsächlich,1
tatsächlichen,4
tausende,2
tax,2
taxibetriebe,1
taxibetrieben,1
teams,1
technikfolgenabschätzung,1
technische,4
technischen,2
technologiebereichen,1
technologiekonzerne,1
technologien,4
technologietransfer,1
teil,20
teilen,6
teilhabe,11
teilhabeagenda,1
teilhabegesetz,1
teilhaben,1
teilnahme,1
teilung,1
teilweise,2
teilweisen,1
teilzeit,1
telefonanschluss,1
telefonisch,1
telekommunikationsüberwachung,1
ten,4
tendenz,1
tendenziöse,1
teninnen,1
tentes,1
terin,1
terminen,1
territorium,1
terror,2
teuer,1
teure,1
theater,1
thematisierung,1
therapien,2
thw,1
thüringer,1
ticketpreise,1
tickets,2
tiere,2
tieren,2
tierhaltung,2
tierhandel,1
tierkorridore,1
tierquälerei,1
tierschutz,1
tierund,1
tierversuchen,1
tig,1
tight,1
tigkeit,2
tigt,2
tionen,2
tionsregelungen,1
tisch,1
tische,1
tisierung,1
tiven,1
to,1
todesfälle,1
toiletten,1
top,2
tracking,1
tragen,1
tragfähig,1
trans,4
transformation,4
transformationsbeihilfen,1
transformationsfonds,3
transformationsräte,3
transnationale,2
transparent,6
transparente,2
transparenz,1
transparenzgesetz,1
transparenzregister,1
transportiert,1
trassen,1
trassenpreise,1
treffen,4
treiben,1
trend,1
trennen,1
treten,5
treuhand,1
tricks,1
trifft,1
tritt,1
trockenheit,1
trolle,1
trollen,1
trotz,2
trotzdem,1
trumente,1
truppenaufmärsche,1
truppenteile,1
truppenübungsplätze,1
träger,4
trägersysteme,1
trägt,2
träume,2
tu,1
tum,1
tun,1
tung,1
tungen,2
tungs,1
tut,1
tv,1
tvstud,1
tvöd,1
täglich,2
täglichen,1
tät,1
täterinnen,1
tätig,3
tätigkeit,2
tätigkeiten,2
tödlich,1
tödliche,1
tödlichen,1
tönnies,1
tüv,1
uber,1
ufsetzen,1
uhr,2
umbau,19
umbauen,3
umbauprogramm,1
umbruch,1
umdeuten,1
umfang,1
umfangreiches,2
umfassen,1
umfassend,4
umfassende,3
umfassenden,4
umfassender,1
umfassendes,1
umgang,2
umgangen,1
umgangsrecht,1
umgebaut,1
umgebungslärm,1
umgehen,1
umgehend,1
umgesetzt,1
umgestalten,1
umgestaltet,1
umgestellt,1
umlage,2
umlauf,1
umorientieren,1
umsatzsteuer,1
umsetz,1
umsetzen,1
umsetzt,1
umsetzung,4
umstellen,1
umsteuern,3
umstieg,1
umsätze,2
umverteilt,1
umverteilung,3
umwandeln,1
umwandlung,1
umweg,1
umwelt,3
umweltbezogene,1
umweltfreundlichere,1
umweltschutz,4
umweltschutzes,1
umweltschutzmaßnahmen,1
umweltschädliche,1
umweltund,7
umweltzerstörung,2
umzusetzen,1
umzuziehen,1
un,8
unabdingbare,2
unabhän,1
unabhängig,13
unabhängige,5
unabhängigen,2
unabhängiger,1
unabhängigkeit,1
unangemes,1
unangetastet,1
unbe,1
unbefristet,2
unbefristete,2
unbegleiteten,1
unberäumte,1
unbewaffnetes,1
unbezahlte,2
unbürokratisch,1
undeigenversorgung,1
undemokratischen,1
undentwicklung,1
undins,1
undlehre,1
undnachsorge,1
undpassagen,1
undpositionen,1
undverkäufen,1
undzeiten,1
uneingeschränkt,4
unentgeltlich,1
unfälle,1
ung,1
ungen,1
ungenügende,1
ungerechtfertigte,1
ungerechtigkeiten,1
ungleich,2
ungleiche,2
ungleichheit,4
ungleichwertiger,1
ungs,1
unhcr,1
union,3
universalmittel,1
universelles,1
universitäten,2
unkompliziert,1
unkooperativen,1
unmittelbar,2
unrechtmäßig,1
unserer,9
unsicher,1
unsicheren,1
unsinnige,1
unteilbar,1
unten,4
unterausstattung,1
unterbinden,1
unterbreitet,1
unterbringung,1
untereinander,1
unteren,1
untergeschobene,1
unterhaltsansprüche,1
unterirdische,1
unterkunft,2
unterkunftskosten,1
unterkünfte,1
unterlaufen,2
unterneh,1
unternehmen,40
unternehmensanteilen,1
unternehmensentscheidungen,1
unternehmensgewinne,1
unternehmensgrün,1
unternehmensstrafrecht,1
unternehmensteuer,1
unternehmensteuern,1
unternehmensumlage,1
unternehmerischen,1
unterordnen,1
unterricht,2
unterrichtsausfall,1
unterrichtsmethoden,1
untersagen,1
unterschied,1
unterschiede,1
unterschiedlichen,3
unterschiedlichsten,2
unterschritten,1
unterstellt,1
unterstützen,27
unterstützt,8
unterstützung,7
unterstützungsangebote,1
unterstützungsangeboten,1
untersuchen,1
untersucht,1
untersuchungen,1
untersuchungsausschuss,1
unterwegs,1
unterworfen,1
unterzeichnen,1
unterzeichnet,1
untrennbar,1
untypische,1
unversehrtheit,1
unwürdige,1
unwürdigen,1
update,1
updates,1
upgrade,1
uranbrennstoffen,1
urheberinnen,1
urlaub,1
ursachen,1
urteil,1
us,5
usa,4
usual,1
usw,1
ver,13
verankern,5
verankert,5
verankerte,1
verankerung,1
verantworten,1
verantwortlich,1
verantwortung,8
verarbeitung,2
verarbeitungsund,1
verbandsklagerecht,4
verbessern,7
verbessert,3
verbesserung,1
verbesserungen,1
verbesserungswürdig,1
verbieten,9
verbietet,1
verbindet,1
verbindlich,2
verbindliche,8
verbindlichen,3
verbindlicher,2
verbindliches,3
verbindungen,1
verbleiben,1
verbot,9
verboten,7
verbots,1
verbrauch,1
verbraucher,1
verbraucherinnen,11
verbraucherinnenschutz,1
verbraucherinnenverträge,1
verbraucherpolitik,1
verbraucherschutz,3
verbraucherzentralen,1
verbrauchsmaterialien,1
verbrechen,1
verbreiteten,2
verbrenner,1
verbrennung,1
verbunden,6
verbundene,1
verbänden,2
verbündete,2
verdiene,1
verdienen,1
verdienende,1
verdient,1
verdoppeln,1
verdoppelt,1
verdrängt,1
verdrängung,1
vereinbaren,1
vereinbart,1
vereinen,2
vereinfacht,1
vereinigungsprozess,1
vereinten,2
vererben,1
vererbt,1
verfahren,1
verfasst,1
verfassung,2
verfassungsauftrag,1
verfassungsgemäß,1
verfassungsrechtlich,1
verfassungsschutz,1
verfehlt,1
verfestigen,1
verfestigte,1
verfolgen,1
verfolgt,2
verfolgung,3
verfällt,1
verfügbar,1
verfügbarkeit,1
verfügen,1
verfügt,2
verfügung,18
vergabe,5
vergabegesetze,1
vergangenen,5
vergangenheit,1
vergeben,2
vergesellschaftungsgesetz,1
vergessenwerden,1
vergleich,2
vergleichbar,1
vergleichbaren,1
vergünstigungen,1
vergütet,1
vergütung,1
verhalten,2
verhandelbar,2
verhandlungen,1
verheerenden,1
verheirateten,1
verhindern,6
verhindert,4
verhinderung,1
verhältnis,1
verhältnismäßigkeit,1
verhältnismäßigkeitsgrundsatzes,1
verhältnisse,1
verhältnissen,1
verhängt,1
verhütung,1
verhütungsmethoden,3
verhütungsmitteln,1
verkauf,3
verkehr,3
verkehrs,2
verkehrsangeboten,1
verkehrsbetriebe,1
verkehrsdaten,1
verkehrsdienstleistungen,1
verkehrsinfrastruktur,2
verkehrsmittel,1
verkehrsplanung,1
verkehrsverbünde,1
verkehrsverbünden,1
verkehrswende,2
verklagen,1
verkleinern,1
verkürzen,1
verkürzt,1
verlage,1
verlagerung,2
verlagerungen,1
verlassen,1
verlegen,1
verletzen,1
verlieren,1
verloren,2
verlängern,2
verlängert,1
verlängerung,1
verlässliche,1
vermarktung,1
vermarktungsstrukturen,1
vermeiden,1
vermeidung,1
vermieden,2
vermieterinnen,1
vermischung,1
vermitteln,2
vermittelte,1
vermittlung,1
vermutungsregelung,1
vermögen,4
vermögenden,1
vermögensabgabe,1
vermögensanlage,1
vermögensfreibeträgen,1
vermögenssubstanz,1
vermögensteuer,3
vernachlässigen,1
vernachlässigt,1
vernetzt,2
vernetzungsund,1
verordnet,1
verordnungen,1
verpachtet,2
verpackungen,1
verpressung,1
verpulvert,1
verpﬂegung,1
verpﬂichtend,1
verpﬂichtenden,2
verpﬂichtendes,1
verpﬂichtet,9
verpﬂichtung,1
verpﬂichtungen,1
verrechnet,1
verringern,3
versagt,1
versandhandel,1
verschaffen,1
verschafft,2
verschenken,1
verschieden,1
verschiedenen,2
verschiedenste,1
verschiedensten,1
verschlüs,1
verschreibungspﬂichtigen,1
verschuldung,1
verschwunden,1
verschärfen,1
verschärft,2
verschärfte,2
versetzt,2
versicherte,4
versicherten,5
versicherung,1
versicherungen,2
versicherungsbeiträge,1
versorgen,1
versorgt,2
versorgung,9
versorgungsbereichen,1
versorgungssicherheit,1
versorgungszentren,1
versprechen,2
verspricht,1
verstecken,1
versteckte,1
verstetigt,1
verstetigung,1
versteuern,1
versteuerndes,1
verstoßen,2
verständigen,1
verständliche,1
verstärkt,5
verstärkte,1
verstöße,3
versuchen,2
versucht,1
verteidigen,2
verteidigt,3
verteidigung,2
verteidigungsfonds,1
verteidigungshaushalt,1
verteidigungsunion,1
verteilen,5
verteilt,4
verteilung,4
verteilungsauseinandersetzung,1
vertieft,1
vertikal,1
vertrag,3
vertrages,1
vertragliche,2
vertraglichen,1
vertrags,2
vertragslaufzeiten,1
vertragsverlängerung,1
vertrauen,2
vertreten,4
vertretenen,1
vertreterinnen,1
vertretung,1
vertretungen,1
vertriebsgenossenschaften,1
verträge,3
verträglicher,1
vertröstet,1
verunreinigter,1
verursacht,1
verwaltung,3
verwaltungen,1
verwandtschaftsgrad,1
verweigern,1
verweigert,2
verwendet,1
verwendete,1
verwendung,3
verwertbar,1
verwertbarkeit,1
verwertet,1
verwertung,3
verwertungsund,1
verwirklicht,1
verwirklichung,1
verzichten,2
verändern,1
veränderung,3
veränderungen,1
veröden,1
veröffent,1
veröffentlichen,1
vetorechte,1
vgl,34
viele,25
vielen,9
vieler,1
vielerorts,4
vielfalt,5
vielfältig,1
vielfältige,1
vielfältigen,2
vielmehr,1
vielzahl,1
vier,2
vieraugenprinzip,1
viertel,1
villenvierteln,1
virtuellen,1
virus,1
visavergabe,1
visier,1
vo,1
volksabstimmungen,1
volksbegehren,2
volksentscheide,2
volkshochschulen,3
volksinitiative,1
volksinitiativen,1
volkswirtschaftlich,1
voll,2
volle,2
vollem,4
vollendung,3
volljährige,1
vollqualiﬁzierende,1
vollständig,4
vollständiger,1
vollumfänglich,1
vollversammlung,1
vollzeit,4
vollzeitstelle,2
vollzieht,1
vorangebracht,1
vorangetrieben,1
vorantreiben,4
voranzutreiben,1
voraussetzung,4
voraussetzungen,2
vorbild,2
vordergrund,2
vorgaben,9
vorgeben,1
vorgelegt,1
vorgelegte,1
vorgemacht,1
vorgenommenen,1
vorgeschrieben,1
vorhaben,2
vorhalten,1
vorhanden,1
vorhandene,1
vorhandenen,3
vorheriger,1
vorherrschaft,1
vorinformationsund,1
vorkaufsrecht,4
vorlieben,1
vorliegen,1
vormachtstellung,1
vorne,1
vorrang,2
vorrangig,4
vorschlagsrecht,1
vorschläge,1
vorschreiben,1
vorschriften,1
vorsehen,1
vorsitz,1
vorsorge,2
vorsorgeund,1
vorsorgevollmachten,1
vorstands,1
vorund,1
vorzubeugen,1
vorzuhalten,1
vorzuziehen,2
vorübergehende,1
vw,1
vätern,1
völkerrecht,1
völkerrechtlich,1
völkerrechtlichen,1
völkerrechts,1
wachsen,1
wachsende,1
wachsender,1
wachstums,1
wachstumspakt,1
wachungsstaat,1
waffen,5
waffenfabriken,1
waffensystemen,1
waffenund,1
waffenverbot,1
wahl,3
wahlfach,1
wahlrecht,1
wahlverwandtschaftsrecht,1
wahren,1
waldschutzinitiativen,1
wandel,3
wanderarbeitnehmerinnen,1
warben,1
ware,1
warenhandel,1
warmes,1
warmwasserund,1
warten,1
warteschleife,1
warteschleifen,2
waschmaschinen,1
waschräume,1
wasser,5
wasserspeichern,1
wasserstoff,5
wasserstofﬁmporte,1
wasserund,1
waﬀenexporte,1
websitebetreiberinnen,1
wechseln,1
wecken,1
weder,3
wegen,6
wegfallen,1
wegwerfgesellschaft,1
weh,1
wehren,1
weichenstellungen,1
weisen,3
weit,2
weite,1
weiten,1
weiterbildung,14
weiterbildungsangebote,1
weiterbildungseinrichtungen,1
weiterbildungsfonds,1
weiterbildungsgeld,1
weiterbildungsoffensive,1
weiterbildungsprogramm,1
weiterbildungsund,2
weitere,4
weiteren,3
weiterentwickeln,1
weiterentwickelt,1
weiterer,2
weiteres,1
weiterführen,1
weiterführung,1
weitergabe,1
weiterhin,3
weitermachen,1
weiterqualiﬁzierung,1
weiterqualiﬁzierungsgeld,1
weiterund,1
weiterverwendet,1
weiterverwendund,1
weitgehend,1
weitgehender,1
welle,1
welt,7
weltall,1
weltanschaulich,1
weltanschaulichen,1
weltgemeinschaft,1
weltgesundheitsorganisation,1
weltkrieg,2
weltkriege,1
weltmarkts,1
weltregionen,1
weltweit,10
weltweite,2
weltweiten,3
wende,3
wenden,2
wendet,1
wenig,5
wenige,3
wenigen,3
weniger,13
wenigsten,1
wenigstens,1
wer,16
werbe,1
werbung,2
werkbank,1
werkstätten,1
werktage,1
wert,2
wertgeschätzt,2
wertschöpfung,1
wertschöpfungskette,3
wertvoll,1
wertvollen,1
wertzuwachs,1
wesentlichen,2
west,2
westdeutsche,1
westdeutscher,1
westeuropa,1
westgrenze,1
westländern,1
westniveau,1
wettbewerbs,1
wettbewerbsfähigkeit,1
wettbewerbsnachteile,1
whistleblower,1
whistleblowerschutzgesetz,1
who,2
wi,1
wichtig,4
wichtige,1
wichtigen,1
wichtiger,4
wichtigstes,1
widerlegliche,1
wiede,1
wiederaufbau,3
wiederaufbaufonds,1
wiederaufbaupaket,1
wiederauflage,1
wiederaufnahme,2
wiederherstellen,1
wiedervereinigung,2
wien,1
wilde,1
wilderei,1
wildnis,1
wildnisentwicklung,1
wildtieren,1
wildtierhandel,1
wildunfällen,1
wille,1
willkürlich,1
willkürliche,1
winden,1
windigen,1
winkt,1
wirecard,1
wirken,1
wirkendes,1
wirklich,2
wirklichen,1
wirksam,4
wirksame,3
wirksamen,1
wirksamer,2
wirksames,1
wirkung,1
wirkungen,1
wirtschaft,16
wirtschaften,1
wirtschaftende,2
wirtschaftlich,4
wirtschaftliche,3
wirtschaftlichen,9
wirtschafts,1
wirtschaftshilfen,1
wirtschaftskammer,1
wirtschaftskraft,1
wirtschaftskreisläufe,3
wirtschaftskriminalität,1
wirtschaftspartnerschaftsabkommen,1
wirtschaftspolitik,2
wirtschaftspolitischen,1
wirtschaftsprüfer,5
wirtschaftsprüferex,1
wirtschaftsprüferinnen,1
wirtschaftsprüfungsund,1
wirtschaftsräte,1
wirtschaftsräumen,1
wirtschaftsund,3
wirtschaftsweise,2
wissen,5
wissenschaft,6
wissenschaftlerinnen,1
wissenschaftliche,2
wissenschaftlichen,1
wissenschaftliches,2
with,1
wobei,1
woche,5
wochen,3
wohlhabenden,1
wohlstandsmodell,2
wohn,1
wohnangeboten,1
wohnbebauung,1
wohnblocks,1
wohneigentum,1
wohnen,10
wohnformen,1
wohngeld,2
wohngenossenschaften,1
wohnheimplätzen,1
wohnkosten,2
wohnort,1
wohnorte,1
wohnortnahe,2
wohnqualität,1
wohnraum,5
wohnraums,1
wohnund,4
wohnung,6
wohnungen,18
wohnungsbau,3
wohnungsbaus,1
wohnungsbestand,1
wohnungsbeständen,1
wohnungsgemeinnützigkeit,1
wohnungsgesellschaften,1
wohnungsgrundrisse,1
wohnungsmarkt,1
wohnungstausch,1
wohnungsund,1
wohnungswirtschaftsgesetzgebung,1
wolfenbüttel,1
worden,3
working,1
world,1
wto,1
wucherpreise,1
wunsch,1
wurde,13
wurden,13
wurzeln,2
währung,1
wäre,1
wären,2
wünsche,1
würdevolles,1
würdigen,2
zahl,2
zahlen,8
zahlreiche,1
zahlreichen,1
zahlt,2
zahlungen,1
zahlungsrückstand,1
zahlungsschwierigkeiten,1
zahnersatz,1
zahnung,1
zehn,5
zehntausende,1
zeigen,1
zeigt,9
zeit,18
zeitalter,1
zeitbomben,1
zeiten,4
zeitgemäß,1
zeitlich,1
zeitnah,1
zeitpunkt,2
zeitraum,1
zeitwohlstand,1
zementieren,1
zementindustrie,1
zen,1
zentral,1
zentralbank,4
zentrale,3
zentralen,2
zentrales,1
zentren,1
zentrum,3
zerschlagen,1
zerstört,2
zerstörung,2
zertiﬁzierte,1
zertiﬁzierung,1
zertiﬁzierungsprogramme,1
zeugin,1
ziehen,2
ziel,19
ziele,5
zielen,2
zielland,1
ziellen,1
zielrenten,1
zielt,2
zieren,1
zimmer,1
zinssatzes,1
zirkussen,1
zivil,1
zivile,2
zivilem,1
zivilen,3
ziviles,2
zivilgesell,1
zivilgesellschaft,4
zivilgesellschaftlichen,1
zolls,1
zuallererst,2
zubau,1
zudem,10
zuerst,2
zufall,1
zuführen,1
zug,1
zugang,21
zugangsrecht,1
zugehören,1
zugelassen,2
zugesagten,1
zugesicherten,1
zugeteilten,1
zugewanderten,1
zugleich,3
zugunsten,2
zugutekommen,1
zugänglich,2
zugängliche,1
zugänglicher,1
zugänglichkeit,1
zukunft,13
zukunftsangst,1
zukunftsfeste,1
zukunftsplan,1
zukunftsprogramm,1
zukunftssichere,1
zukunftssicheren,1
zukünftig,1
zukünftiger,1
zulassen,1
zulassung,3
zulassungen,1
zulassungsfrei,1
zulasten,2
zulässigen,3
zulässigkeit,1
zumal,1
zumutbare,1
zunehmend,1
zunehmende,1
zunimmt,1
zurück,4
zurückgeholt,1
zurückgreifen,2
zurücklässt,2
zurücknehmen,1
zurückzudrängen,4
zurückzustellen,1
zusagen,1
zusammen,2
zusammenarbeit,3
zusammenarbeiten,2
zusammenbrechen,1
zusammengefasst,1
zusammengeführt,1
zusammenhalt,4
zusammenhalten,1
zusammenhang,1
zusammenleben,3
zusammenwirken,1
zusammenzulegen,1
zusatzprotokoll,1
zusatzqualiﬁzierung,1
zusatzvereinbarungen,1
zuschlag,2
zuschläge,1
zuschüsse,1
zustand,2
zustimmung,1
zuständigen,1
zusätzlich,5
zusätzliche,5
zusätzlichen,3
zusätzlicher,1
zusätzliches,1
zuvor,2
zuwendung,1
zuwendungen,1
zuwendungsrechts,1
zuzulassen,1
zuﬂuchtsland,1
zuﬂuchtsund,1
zwanzig,5
zwanzigfache,1
zweck,3
zwecke,1
zweckentfremden,1
zweckentfremdung,1
zweckgebundene,1
zweckgesellschaften,1
zwei,3
zweier,1
zweierlei,1
zweifel,1
zweijährige,1
zweite,2
zweiten,4
zwingen,1
zwingend,3
zwingende,1
zwingenden,1
zwingendes,1
zwischennutzung,1
zwölf,1
zählen,1
zähne,1
zäune,1
züchtung,1
zügig,1
ächtet,1
ächtung,3
ähnlichen,1
ältere,1
älterer,1
ämter,1
ändern,5
ärmere,1
ärmeren,1
ärztlich,1
äußeren,1
öffent,3
öffentlich,14
öffentliche,26
öffentlichem,3
öffentlichen,37
öffentlicher,10
öffentliches,4
öffentlichkeit,2
öffentlichkeitsbet,1
öffentlichprivate,1
öffentlichrechtlich,1
öffentlichrechtlichen,1
ögd,3
ökodesignvorgaben,3
ökolo,1
ökologisch,6
ökologische,13
ökologischen,11
ökologischer,2
ökologisches,1
ökonomie,3
ökonomisch,1
ökonomischen,1
ökosteuer,1
ökostrom,3
ökostromanlagen,2
ökosystems,1
öl,1
öpnv,8
öpp,1
örtliche,1
ösen,1
österreich,1
überall,7
überarbeiten,1
überarbeitung,1
überbelastung,1
überdurchschnittlich,1
überfordern,1
überfällige,2
überführen,6
überführt,1
übergangslösung,1
übergangssystem,1
übergewinnsteuer,1
übergriffe,1
übergriffen,1
übergänge,1
überhaupt,1
überhört,1
überlassen,2
überlebensmöglichkeit,1
überleitung,1
übernahme,1
übernehmen,3
übernimmt,1
übernommen,8
überprüfung,2
überschuss,1
überschwemmt,1
überschwemmung,1
überstunden,4
übertragbar,3
übertragbares,1
übertragungsnetzund,1
überwachung,2
überwiegend,1
überwiegende,1
überwinden,4
überwindung,2
überwunden,1
überzeugung,1
überziehen,1
überzog,1
überﬁschung,1
überﬂüssig,1
üblichen,1
übrig,1
übrigbleibt,1
ﬁnan,2
ﬁnanziell,6
ﬁnanzielle,6
ﬁnanziellen,4
ﬁnanzieller,1
ﬁnanzierbar,1
ﬁnanzierbare,1
ﬁnanzieren,6
ﬁnanziert,9
ﬁnanzierte,1
ﬁnden,2
ﬁndet,1
ﬁrmen,1
ﬁt,1
ﬂexibel,1
ﬂexible,1
ﬂiehen,1
ﬂießen,1
ﬂächendeckend,2
ﬂächendeckende,4
ﬂächendeckenden,1
ﬂächendeckender,1
